pid,group,topic,question_id,condition,correct,partial,serial_position,t_passage,t_qs,diff_passage,diff_qs,duration
645179915e31c1aeb3dc8129,13,martial_arts,QMA01,repeat_long,1,1.0,1,93.279,54.716,4.0,4.0,610.0
645179915e31c1aeb3dc8129,13,martial_arts,QMA02,repeat_long,0,0.5,1,93.279,54.716,4.0,4.0,610.0
645179915e31c1aeb3dc8129,13,martial_arts,QMA03,repeat_long,0,0.5,1,93.279,54.716,4.0,4.0,610.0
645179915e31c1aeb3dc8129,13,martial_arts,QMA04,repeat_long,1,1.0,1,93.279,54.716,4.0,4.0,610.0
645179915e31c1aeb3dc8129,13,martial_arts,QMA05,repeat_long,0,0.5,1,93.279,54.716,4.0,4.0,610.0
645179915e31c1aeb3dc8129,13,fruits_v2,QF_V2_01,control,0,0.5,3,49.897,51.327,7.0,7.0,610.0
645179915e31c1aeb3dc8129,13,fruits_v2,QF_V2_02,control,0,0.5,3,49.897,51.327,7.0,7.0,610.0
645179915e31c1aeb3dc8129,13,fruits_v2,QF_V2_03,control,1,1.0,3,49.897,51.327,7.0,7.0,610.0
645179915e31c1aeb3dc8129,13,fruits_v2,QF_V2_04,control,1,1.0,3,49.897,51.327,7.0,7.0,610.0
645179915e31c1aeb3dc8129,13,fruits_v2,QF_V2_05,control,0,0.0,3,49.897,51.327,7.0,7.0,610.0
645179915e31c1aeb3dc8129,13,astronomy,QA01,repeat_short,1,1.0,2,56.669,62.843,6.0,6.0,610.0
645179915e31c1aeb3dc8129,13,astronomy,QA02,repeat_short,1,1.0,2,56.669,62.843,6.0,6.0,610.0
645179915e31c1aeb3dc8129,13,astronomy,QA03,repeat_short,0,0.5,2,56.669,62.843,6.0,6.0,610.0
645179915e31c1aeb3dc8129,13,astronomy,QA04,repeat_short,0,0.0,2,56.669,62.843,6.0,6.0,610.0
645179915e31c1aeb3dc8129,13,astronomy,QA05,repeat_short,0,0.0,2,56.669,62.843,6.0,6.0,610.0
699f8d117bdd818763e3d681,15,martial_arts,QMA01,repeat_long,0,0.5,2,91.167,53.685,9.0,8.0,604.0
699f8d117bdd818763e3d681,15,martial_arts,QMA02,repeat_long,1,1.0,2,91.167,53.685,9.0,8.0,604.0
699f8d117bdd818763e3d681,15,martial_arts,QMA03,repeat_long,0,0.0,2,91.167,53.685,9.0,8.0,604.0
699f8d117bdd818763e3d681,15,martial_arts,QMA04,repeat_long,0,0.0,2,91.167,53.685,9.0,8.0,604.0
699f8d117bdd818763e3d681,15,martial_arts,QMA05,repeat_long,0,0.0,2,91.167,53.685,9.0,8.0,604.0
699f8d117bdd818763e3d681,15,fruits_v2,QF_V2_01,repeat_short,0,0.0,4,60.135,56.673,7.0,7.0,604.0
699f8d117bdd818763e3d681,15,fruits_v2,QF_V2_02,repeat_short,1,1.0,4,60.135,56.673,7.0,7.0,604.0
699f8d117bdd818763e3d681,15,fruits_v2,QF_V2_03,repeat_short,1,1.0,4,60.135,56.673,7.0,7.0,604.0
699f8d117bdd818763e3d681,15,fruits_v2,QF_V2_04,repeat_short,0,0.0,4,60.135,56.673,7.0,7.0,604.0
699f8d117bdd818763e3d681,15,fruits_v2,QF_V2_05,repeat_short,0,0.0,4,60.135,56.673,7.0,7.0,604.0
699f8d117bdd818763e3d681,15,astronomy,QA01,control,0,0.0,3,52.455,44.374,7.0,7.0,604.0
699f8d117bdd818763e3d681,15,astronomy,QA02,control,0,0.5,3,52.455,44.374,7.0,7.0,604.0
699f8d117bdd818763e3d681,15,astronomy,QA03,control,0,0.5,3,52.455,44.374,7.0,7.0,604.0
699f8d117bdd818763e3d681,15,astronomy,QA04,control,0,0.0,3,52.455,44.374,7.0,7.0,604.0
699f8d117bdd818763e3d681,15,astronomy,QA05,control,0,0.0,3,52.455,44.374,7.0,7.0,604.0
69fe143fe0fc2630be12c1a4,1,martial_arts,QMA01,control,1,1.0,2,95.212,30.285,0.0,0.0,678.0
69fe143fe0fc2630be12c1a4,1,martial_arts,QMA02,control,0,0.5,2,95.212,30.285,0.0,0.0,678.0
69fe143fe0fc2630be12c1a4,1,martial_arts,QMA03,control,0,0.0,2,95.212,30.285,0.0,0.0,678.0
69fe143fe0fc2630be12c1a4,1,martial_arts,QMA04,control,0,0.0,2,95.212,30.285,0.0,0.0,678.0
69fe143fe0fc2630be12c1a4,1,martial_arts,QMA05,control,0,0.5,2,95.212,30.285,0.0,0.0,678.0
69fe143fe0fc2630be12c1a4,1,fruits_v2,QF_V2_01,repeat_short,0,0.5,3,60.417,41.816,0.0,0.0,678.0
69fe143fe0fc2630be12c1a4,1,fruits_v2,QF_V2_02,repeat_short,1,1.0,3,60.417,41.816,0.0,0.0,678.0
69fe143fe0fc2630be12c1a4,1,fruits_v2,QF_V2_03,repeat_short,1,1.0,3,60.417,41.816,0.0,0.0,678.0
69fe143fe0fc2630be12c1a4,1,fruits_v2,QF_V2_04,repeat_short,0,0.0,3,60.417,41.816,0.0,0.0,678.0
69fe143fe0fc2630be12c1a4,1,fruits_v2,QF_V2_05,repeat_short,0,0.0,3,60.417,41.816,0.0,0.0,678.0
69fe143fe0fc2630be12c1a4,1,astronomy,QA01,repeat_long,0,0.6666666666666666,1,179.093,31.334,0.0,0.0,678.0
69fe143fe0fc2630be12c1a4,1,astronomy,QA02,repeat_long,0,0.5,1,179.093,31.334,0.0,0.0,678.0
69fe143fe0fc2630be12c1a4,1,astronomy,QA03,repeat_long,1,1.0,1,179.093,31.334,0.0,0.0,678.0
69fe143fe0fc2630be12c1a4,1,astronomy,QA04,repeat_long,0,0.0,1,179.093,31.334,0.0,0.0,678.0
69fe143fe0fc2630be12c1a4,1,astronomy,QA05,repeat_long,0,0.0,1,179.093,31.334,0.0,0.0,678.0
69fe143fe0fc2630be12c1a4,1,fabrics,QFB01,distractor,0,0.5,4,72.329,35.507,0.0,0.0,678.0
69fe143fe0fc2630be12c1a4,1,fabrics,QFB02,distractor,0,0.5,4,72.329,35.507,0.0,0.0,678.0
69fe143fe0fc2630be12c1a4,1,fabrics,QFB03,distractor,1,1.0,4,72.329,35.507,0.0,0.0,678.0
69fe143fe0fc2630be12c1a4,1,fabrics,QFB04,distractor,0,0.0,4,72.329,35.507,0.0,0.0,678.0
69fe143fe0fc2630be12c1a4,1,fabrics,QFB05,distractor,0,0.5,4,72.329,35.507,0.0,0.0,678.0
597fe89a1b41a20001749f57,16,martial_arts,QMA01,repeat_long,0,0.5,3,89.593,70.437,7.0,7.0,654.0
597fe89a1b41a20001749f57,16,martial_arts,QMA02,repeat_long,1,1.0,3,89.593,70.437,7.0,7.0,654.0
597fe89a1b41a20001749f57,16,martial_arts,QMA03,repeat_long,0,0.0,3,89.593,70.437,7.0,7.0,654.0
597fe89a1b41a20001749f57,16,martial_arts,QMA04,repeat_long,1,1.0,3,89.593,70.437,7.0,7.0,654.0
597fe89a1b41a20001749f57,16,martial_arts,QMA05,repeat_long,1,1.0,3,89.593,70.437,7.0,7.0,654.0
597fe89a1b41a20001749f57,16,fruits_v2,QF_V2_01,repeat_short,1,1.0,2,60.173,66.127,4.0,3.0,654.0
597fe89a1b41a20001749f57,16,fruits_v2,QF_V2_02,repeat_short,1,1.0,2,60.173,66.127,4.0,3.0,654.0
597fe89a1b41a20001749f57,16,fruits_v2,QF_V2_03,repeat_short,1,1.0,2,60.173,66.127,4.0,3.0,654.0
597fe89a1b41a20001749f57,16,fruits_v2,QF_V2_04,repeat_short,1,1.0,2,60.173,66.127,4.0,3.0,654.0
597fe89a1b41a20001749f57,16,fruits_v2,QF_V2_05,repeat_short,0,0.0,2,60.173,66.127,4.0,3.0,654.0
597fe89a1b41a20001749f57,16,astronomy,QA01,distractor,0,0.6666666666666666,4,92.049,88.357,9.0,9.0,654.0
597fe89a1b41a20001749f57,16,astronomy,QA02,distractor,0,0.5,4,92.049,88.357,9.0,9.0,654.0
597fe89a1b41a20001749f57,16,astronomy,QA03,distractor,0,0.5,4,92.049,88.357,9.0,9.0,654.0
597fe89a1b41a20001749f57,16,astronomy,QA04,distractor,0,0.0,4,92.049,88.357,9.0,9.0,654.0
597fe89a1b41a20001749f57,16,astronomy,QA05,distractor,0,0.0,4,92.049,88.357,9.0,9.0,654.0
597fe89a1b41a20001749f57,16,fabrics,QFB01,control,0,0.5,1,50.735,47.6,3.0,4.0,654.0
597fe89a1b41a20001749f57,16,fabrics,QFB02,control,1,1.0,1,50.735,47.6,3.0,4.0,654.0
597fe89a1b41a20001749f57,16,fabrics,QFB03,control,1,1.0,1,50.735,47.6,3.0,4.0,654.0
597fe89a1b41a20001749f57,16,fabrics,QFB04,control,0,0.0,1,50.735,47.6,3.0,4.0,654.0
597fe89a1b41a20001749f57,16,fabrics,QFB05,control,1,1.0,1,50.735,47.6,3.0,4.0,654.0
6596d692ac956830b68776e0,23,martial_arts,QMA01,distractor,1,1.0,4,76.168,56.487,5.0,6.0,665.0
6596d692ac956830b68776e0,23,martial_arts,QMA02,distractor,1,1.0,4,76.168,56.487,5.0,6.0,665.0
6596d692ac956830b68776e0,23,martial_arts,QMA03,distractor,0,0.5,4,76.168,56.487,5.0,6.0,665.0
6596d692ac956830b68776e0,23,martial_arts,QMA04,distractor,1,1.0,4,76.168,56.487,5.0,6.0,665.0
6596d692ac956830b68776e0,23,martial_arts,QMA05,distractor,1,1.0,4,76.168,56.487,5.0,6.0,665.0
6596d692ac956830b68776e0,23,fruits_v2,QF_V2_01,repeat_long,0,0.0,2,84.044,54.053,7.0,7.0,665.0
6596d692ac956830b68776e0,23,fruits_v2,QF_V2_02,repeat_long,0,0.0,2,84.044,54.053,7.0,7.0,665.0
6596d692ac956830b68776e0,23,fruits_v2,QF_V2_03,repeat_long,1,1.0,2,84.044,54.053,7.0,7.0,665.0
6596d692ac956830b68776e0,23,fruits_v2,QF_V2_04,repeat_long,1,1.0,2,84.044,54.053,7.0,7.0,665.0
6596d692ac956830b68776e0,23,fruits_v2,QF_V2_05,repeat_long,1,1.0,2,84.044,54.053,7.0,7.0,665.0
6596d692ac956830b68776e0,23,astronomy,QA01,control,1,1.0,3,51.928,40.123,7.0,7.0,665.0
6596d692ac956830b68776e0,23,astronomy,QA02,control,0,0.5,3,51.928,40.123,7.0,7.0,665.0
6596d692ac956830b68776e0,23,astronomy,QA03,control,0,0.5,3,51.928,40.123,7.0,7.0,665.0
6596d692ac956830b68776e0,23,astronomy,QA04,control,1,1.0,3,51.928,40.123,7.0,7.0,665.0
6596d692ac956830b68776e0,23,astronomy,QA05,control,0,0.0,3,51.928,40.123,7.0,7.0,665.0
6596d692ac956830b68776e0,23,fabrics,QFB01,repeat_short,0,0.5,1,53.607,44.283,6.0,7.0,665.0
6596d692ac956830b68776e0,23,fabrics,QFB02,repeat_short,0,0.5,1,53.607,44.283,6.0,7.0,665.0
6596d692ac956830b68776e0,23,fabrics,QFB03,repeat_short,1,1.0,1,53.607,44.283,6.0,7.0,665.0
6596d692ac956830b68776e0,23,fabrics,QFB04,repeat_short,0,0.0,1,53.607,44.283,6.0,7.0,665.0
6596d692ac956830b68776e0,23,fabrics,QFB05,repeat_short,1,1.0,1,53.607,44.283,6.0,7.0,665.0
6755ad907901f7517e48451b,6,martial_arts,QMA01,control,1,1.0,4,94.973,55.442,1.0,4.0,668.0
6755ad907901f7517e48451b,6,martial_arts,QMA02,control,1,1.0,4,94.973,55.442,1.0,4.0,668.0
6755ad907901f7517e48451b,6,martial_arts,QMA03,control,0,0.0,4,94.973,55.442,1.0,4.0,668.0
6755ad907901f7517e48451b,6,martial_arts,QMA04,control,1,1.0,4,94.973,55.442,1.0,4.0,668.0
6755ad907901f7517e48451b,6,martial_arts,QMA05,control,1,1.0,4,94.973,55.442,1.0,4.0,668.0
6755ad907901f7517e48451b,6,fruits_v2,QF_V2_01,distractor,0,0.0,3,85.402,59.548,1.0,9.0,668.0
6755ad907901f7517e48451b,6,fruits_v2,QF_V2_02,distractor,0,0.5,3,85.402,59.548,1.0,9.0,668.0
6755ad907901f7517e48451b,6,fruits_v2,QF_V2_03,distractor,0,0.0,3,85.402,59.548,1.0,9.0,668.0
6755ad907901f7517e48451b,6,fruits_v2,QF_V2_04,distractor,0,0.0,3,85.402,59.548,1.0,9.0,668.0
6755ad907901f7517e48451b,6,fruits_v2,QF_V2_05,distractor,0,0.0,3,85.402,59.548,1.0,9.0,668.0
6755ad907901f7517e48451b,6,astronomy,QA01,repeat_long,0,0.6666666666666666,2,84.663,41.015,0.0,9.0,668.0
6755ad907901f7517e48451b,6,astronomy,QA02,repeat_long,0,0.5,2,84.663,41.015,0.0,9.0,668.0
6755ad907901f7517e48451b,6,astronomy,QA03,repeat_long,0,0.5,2,84.663,41.015,0.0,9.0,668.0
6755ad907901f7517e48451b,6,astronomy,QA04,repeat_long,0,0.0,2,84.663,41.015,0.0,9.0,668.0
6755ad907901f7517e48451b,6,astronomy,QA05,repeat_long,0,0.0,2,84.663,41.015,0.0,9.0,668.0
6755ad907901f7517e48451b,6,fabrics,QFB01,repeat_short,1,1.0,1,60.027,61.548,0.0,7.0,668.0
6755ad907901f7517e48451b,6,fabrics,QFB02,repeat_short,1,1.0,1,60.027,61.548,0.0,7.0,668.0
6755ad907901f7517e48451b,6,fabrics,QFB03,repeat_short,1,1.0,1,60.027,61.548,0.0,7.0,668.0
6755ad907901f7517e48451b,6,fabrics,QFB04,repeat_short,1,1.0,1,60.027,61.548,0.0,7.0,668.0
6755ad907901f7517e48451b,6,fabrics,QFB05,repeat_short,1,1.0,1,60.027,61.548,0.0,7.0,668.0
616c6bcb2a62b082dfe84ca1,22,martial_arts,QMA01,distractor,0,0.0,4,81.034,58.656,3.0,7.0,693.0
616c6bcb2a62b082dfe84ca1,22,martial_arts,QMA02,distractor,1,1.0,4,81.034,58.656,3.0,7.0,693.0
616c6bcb2a62b082dfe84ca1,22,martial_arts,QMA03,distractor,0,0.5,4,81.034,58.656,3.0,7.0,693.0
616c6bcb2a62b082dfe84ca1,22,martial_arts,QMA04,distractor,0,0.0,4,81.034,58.656,3.0,7.0,693.0
616c6bcb2a62b082dfe84ca1,22,martial_arts,QMA05,distractor,0,0.0,4,81.034,58.656,3.0,7.0,693.0
616c6bcb2a62b082dfe84ca1,22,fruits_v2,QF_V2_01,repeat_short,1,1.0,3,67.771,88.204,3.0,6.0,693.0
616c6bcb2a62b082dfe84ca1,22,fruits_v2,QF_V2_02,repeat_short,0,0.0,3,67.771,88.204,3.0,6.0,693.0
616c6bcb2a62b082dfe84ca1,22,fruits_v2,QF_V2_03,repeat_short,0,0.0,3,67.771,88.204,3.0,6.0,693.0
616c6bcb2a62b082dfe84ca1,22,fruits_v2,QF_V2_04,repeat_short,0,0.0,3,67.771,88.204,3.0,6.0,693.0
616c6bcb2a62b082dfe84ca1,22,fruits_v2,QF_V2_05,repeat_short,0,0.0,3,67.771,88.204,3.0,6.0,693.0
616c6bcb2a62b082dfe84ca1,22,astronomy,QA01,repeat_long,0,0.0,1,101.067,46.104,2.0,8.0,693.0
616c6bcb2a62b082dfe84ca1,22,astronomy,QA02,repeat_long,0,0.5,1,101.067,46.104,2.0,8.0,693.0
616c6bcb2a62b082dfe84ca1,22,astronomy,QA03,repeat_long,0,0.0,1,101.067,46.104,2.0,8.0,693.0
616c6bcb2a62b082dfe84ca1,22,astronomy,QA04,repeat_long,0,0.0,1,101.067,46.104,2.0,8.0,693.0
616c6bcb2a62b082dfe84ca1,22,astronomy,QA05,repeat_long,0,0.0,1,101.067,46.104,2.0,8.0,693.0
69e394e2b292e5c72a9a4030,7,martial_arts,QMA01,repeat_short,0,0.5,3,60.415,47.708,10.0,10.0,553.0
69e394e2b292e5c72a9a4030,7,martial_arts,QMA02,repeat_short,0,0.5,3,60.415,47.708,10.0,10.0,553.0
69e394e2b292e5c72a9a4030,7,martial_arts,QMA03,repeat_short,0,0.0,3,60.415,47.708,10.0,10.0,553.0
69e394e2b292e5c72a9a4030,7,martial_arts,QMA04,repeat_short,0,0.0,3,60.415,47.708,10.0,10.0,553.0
69e394e2b292e5c72a9a4030,7,martial_arts,QMA05,repeat_short,0,0.0,3,60.415,47.708,10.0,10.0,553.0
69e394e2b292e5c72a9a4030,7,fruits_v2,QF_V2_01,control,0,0.5,2,49.937,56.708,10.0,10.0,553.0
69e394e2b292e5c72a9a4030,7,fruits_v2,QF_V2_02,control,0,0.0,2,49.937,56.708,10.0,10.0,553.0
69e394e2b292e5c72a9a4030,7,fruits_v2,QF_V2_03,control,0,0.0,2,49.937,56.708,10.0,10.0,553.0
69e394e2b292e5c72a9a4030,7,fruits_v2,QF_V2_04,control,0,0.0,2,49.937,56.708,10.0,10.0,553.0
69e394e2b292e5c72a9a4030,7,fruits_v2,QF_V2_05,control,1,1.0,2,49.937,56.708,10.0,10.0,553.0
69e394e2b292e5c72a9a4030,7,astronomy,QA01,repeat_long,0,0.0,1,80.375,60.396,10.0,10.0,553.0
69e394e2b292e5c72a9a4030,7,astronomy,QA02,repeat_long,0,0.5,1,80.375,60.396,10.0,10.0,553.0
69e394e2b292e5c72a9a4030,7,astronomy,QA03,repeat_long,0,0.5,1,80.375,60.396,10.0,10.0,553.0
69e394e2b292e5c72a9a4030,7,astronomy,QA04,repeat_long,0,0.0,1,80.375,60.396,10.0,10.0,553.0
69e394e2b292e5c72a9a4030,7,astronomy,QA05,repeat_long,0,0.0,1,80.375,60.396,10.0,10.0,553.0
69e394e2b292e5c72a9a4030,7,fabrics,QFB01,distractor,0,0.0,4,72.202,33.958,10.0,10.0,553.0
69e394e2b292e5c72a9a4030,7,fabrics,QFB02,distractor,0,0.0,4,72.202,33.958,10.0,10.0,553.0
69e394e2b292e5c72a9a4030,7,fabrics,QFB03,distractor,0,0.0,4,72.202,33.958,10.0,10.0,553.0
69e394e2b292e5c72a9a4030,7,fabrics,QFB04,distractor,1,1.0,4,72.202,33.958,10.0,10.0,553.0
69e394e2b292e5c72a9a4030,7,fabrics,QFB05,distractor,0,0.0,4,72.202,33.958,10.0,10.0,553.0
63f3e75e0787bb42195e1e4c,8,martial_arts,QMA01,repeat_short,0,0.5,2,63.562,71.592,7.0,7.0,695.0
63f3e75e0787bb42195e1e4c,8,martial_arts,QMA02,repeat_short,0,0.5,2,63.562,71.592,7.0,7.0,695.0
63f3e75e0787bb42195e1e4c,8,martial_arts,QMA03,repeat_short,1,1.0,2,63.562,71.592,7.0,7.0,695.0
63f3e75e0787bb42195e1e4c,8,martial_arts,QMA04,repeat_short,1,1.0,2,63.562,71.592,7.0,7.0,695.0
63f3e75e0787bb42195e1e4c,8,martial_arts,QMA05,repeat_short,1,1.0,2,63.562,71.592,7.0,7.0,695.0
63f3e75e0787bb42195e1e4c,8,fruits_v2,QF_V2_01,control,1,1.0,4,51.881,90.979,7.0,7.0,695.0
63f3e75e0787bb42195e1e4c,8,fruits_v2,QF_V2_02,control,1,1.0,4,51.881,90.979,7.0,7.0,695.0
63f3e75e0787bb42195e1e4c,8,fruits_v2,QF_V2_03,control,0,0.0,4,51.881,90.979,7.0,7.0,695.0
63f3e75e0787bb42195e1e4c,8,fruits_v2,QF_V2_04,control,1,1.0,4,51.881,90.979,7.0,7.0,695.0
63f3e75e0787bb42195e1e4c,8,fruits_v2,QF_V2_05,control,1,1.0,4,51.881,90.979,7.0,7.0,695.0
63f3e75e0787bb42195e1e4c,8,astronomy,QA01,distractor,0,0.6666666666666666,1,97.493,57.75,10.0,10.0,695.0
63f3e75e0787bb42195e1e4c,8,astronomy,QA02,distractor,0,0.5,1,97.493,57.75,10.0,10.0,695.0
63f3e75e0787bb42195e1e4c,8,astronomy,QA03,distractor,0,0.5,1,97.493,57.75,10.0,10.0,695.0
63f3e75e0787bb42195e1e4c,8,astronomy,QA04,distractor,0,0.0,1,97.493,57.75,10.0,10.0,695.0
63f3e75e0787bb42195e1e4c,8,astronomy,QA05,distractor,0,0.0,1,97.493,57.75,10.0,10.0,695.0
63f3e75e0787bb42195e1e4c,8,fabrics,QFB01,repeat_long,1,1.0,3,71.992,78.924,5.0,5.0,695.0
63f3e75e0787bb42195e1e4c,8,fabrics,QFB02,repeat_long,0,0.5,3,71.992,78.924,5.0,5.0,695.0
63f3e75e0787bb42195e1e4c,8,fabrics,QFB03,repeat_long,1,1.0,3,71.992,78.924,5.0,5.0,695.0
63f3e75e0787bb42195e1e4c,8,fabrics,QFB04,repeat_long,1,1.0,3,71.992,78.924,5.0,5.0,695.0
63f3e75e0787bb42195e1e4c,8,fabrics,QFB05,repeat_long,1,1.0,3,71.992,78.924,5.0,5.0,695.0
69d3a8135dad4152d874f8ec,18,martial_arts,QMA01,repeat_long,1,1.0,1,91.51,40.934,0.0,1.0,553.0
69d3a8135dad4152d874f8ec,18,martial_arts,QMA02,repeat_long,1,1.0,1,91.51,40.934,0.0,1.0,553.0
69d3a8135dad4152d874f8ec,18,martial_arts,QMA03,repeat_long,0,0.0,1,91.51,40.934,0.0,1.0,553.0
69d3a8135dad4152d874f8ec,18,martial_arts,QMA04,repeat_long,1,1.0,1,91.51,40.934,0.0,1.0,553.0
69d3a8135dad4152d874f8ec,18,martial_arts,QMA05,repeat_long,1,1.0,1,91.51,40.934,0.0,1.0,553.0
69d3a8135dad4152d874f8ec,18,fruits_v2,QF_V2_01,distractor,0,0.5,4,84.637,50.225,3.0,4.0,553.0
69d3a8135dad4152d874f8ec,18,fruits_v2,QF_V2_02,distractor,1,1.0,4,84.637,50.225,3.0,4.0,553.0
69d3a8135dad4152d874f8ec,18,fruits_v2,QF_V2_03,distractor,0,0.0,4,84.637,50.225,3.0,4.0,553.0
69d3a8135dad4152d874f8ec,18,fruits_v2,QF_V2_04,distractor,1,1.0,4,84.637,50.225,3.0,4.0,553.0
69d3a8135dad4152d874f8ec,18,fruits_v2,QF_V2_05,distractor,1,1.0,4,84.637,50.225,3.0,4.0,553.0
69d3a8135dad4152d874f8ec,18,astronomy,QA01,repeat_short,1,1.0,3,56.627,52.773,1.0,2.0,553.0
69d3a8135dad4152d874f8ec,18,astronomy,QA02,repeat_short,1,1.0,3,56.627,52.773,1.0,2.0,553.0
69d3a8135dad4152d874f8ec,18,astronomy,QA03,repeat_short,1,1.0,3,56.627,52.773,1.0,2.0,553.0
69d3a8135dad4152d874f8ec,18,astronomy,QA04,repeat_short,1,1.0,3,56.627,52.773,1.0,2.0,553.0
69d3a8135dad4152d874f8ec,18,astronomy,QA05,repeat_short,0,0.0,3,56.627,52.773,1.0,2.0,553.0
69d3a8135dad4152d874f8ec,18,fabrics,QFB01,control,1,1.0,2,48.082,43.556,1.0,2.0,553.0
69d3a8135dad4152d874f8ec,18,fabrics,QFB02,control,1,1.0,2,48.082,43.556,1.0,2.0,553.0
69d3a8135dad4152d874f8ec,18,fabrics,QFB03,control,1,1.0,2,48.082,43.556,1.0,2.0,553.0
69d3a8135dad4152d874f8ec,18,fabrics,QFB04,control,1,1.0,2,48.082,43.556,1.0,2.0,553.0
69d3a8135dad4152d874f8ec,18,fabrics,QFB05,control,1,1.0,2,48.082,43.556,1.0,2.0,553.0
69d53aef81c05aeb395447a6,18,martial_arts,QMA01,repeat_long,1,1.0,2,92.63,46.58,8.0,8.0,619.0
69d53aef81c05aeb395447a6,18,martial_arts,QMA02,repeat_long,1,1.0,2,92.63,46.58,8.0,8.0,619.0
69d53aef81c05aeb395447a6,18,martial_arts,QMA03,repeat_long,0,0.0,2,92.63,46.58,8.0,8.0,619.0
69d53aef81c05aeb395447a6,18,martial_arts,QMA04,repeat_long,0,0.0,2,92.63,46.58,8.0,8.0,619.0
69d53aef81c05aeb395447a6,18,martial_arts,QMA05,repeat_long,1,1.0,2,92.63,46.58,8.0,8.0,619.0
69d53aef81c05aeb395447a6,18,fruits_v2,QF_V2_01,distractor,0,0.5,1,84.753,56.286,9.0,8.0,619.0
69d53aef81c05aeb395447a6,18,fruits_v2,QF_V2_02,distractor,0,0.0,1,84.753,56.286,9.0,8.0,619.0
69d53aef81c05aeb395447a6,18,fruits_v2,QF_V2_03,distractor,1,1.0,1,84.753,56.286,9.0,8.0,619.0
69d53aef81c05aeb395447a6,18,fruits_v2,QF_V2_04,distractor,0,0.0,1,84.753,56.286,9.0,8.0,619.0
69d53aef81c05aeb395447a6,18,fruits_v2,QF_V2_05,distractor,0,0.0,1,84.753,56.286,9.0,8.0,619.0
69d53aef81c05aeb395447a6,18,astronomy,QA01,repeat_short,0,0.6666666666666666,4,57.326,44.926,7.0,7.0,619.0
69d53aef81c05aeb395447a6,18,astronomy,QA02,repeat_short,0,0.0,4,57.326,44.926,7.0,7.0,619.0
69d53aef81c05aeb395447a6,18,astronomy,QA03,repeat_short,0,0.0,4,57.326,44.926,7.0,7.0,619.0
69d53aef81c05aeb395447a6,18,astronomy,QA04,repeat_short,0,0.0,4,57.326,44.926,7.0,7.0,619.0
69d53aef81c05aeb395447a6,18,astronomy,QA05,repeat_short,0,0.0,4,57.326,44.926,7.0,7.0,619.0
69a1a6245c60b6a02fc72573,7,martial_arts,QMA01,repeat_short,0,0.5,4,61.795,109.704,7.0,7.0,759.0
69a1a6245c60b6a02fc72573,7,martial_arts,QMA02,repeat_short,0,0.0,4,61.795,109.704,7.0,7.0,759.0
69a1a6245c60b6a02fc72573,7,martial_arts,QMA03,repeat_short,0,0.0,4,61.795,109.704,7.0,7.0,759.0
69a1a6245c60b6a02fc72573,7,martial_arts,QMA04,repeat_short,0,0.0,4,61.795,109.704,7.0,7.0,759.0
69a1a6245c60b6a02fc72573,7,martial_arts,QMA05,repeat_short,0,0.0,4,61.795,109.704,7.0,7.0,759.0
69a1a6245c60b6a02fc72573,7,fruits_v2,QF_V2_01,control,0,0.0,3,50.357,104.324,9.0,9.0,759.0
69a1a6245c60b6a02fc72573,7,fruits_v2,QF_V2_02,control,0,0.0,3,50.357,104.324,9.0,9.0,759.0
69a1a6245c60b6a02fc72573,7,fruits_v2,QF_V2_03,control,0,0.0,3,50.357,104.324,9.0,9.0,759.0
69a1a6245c60b6a02fc72573,7,fruits_v2,QF_V2_04,control,0,0.0,3,50.357,104.324,9.0,9.0,759.0
69a1a6245c60b6a02fc72573,7,fruits_v2,QF_V2_05,control,0,0.0,3,50.357,104.324,9.0,9.0,759.0
69a1a6245c60b6a02fc72573,7,astronomy,QA01,repeat_long,0,0.0,1,80.567,62.488,8.0,8.0,759.0
69a1a6245c60b6a02fc72573,7,astronomy,QA02,repeat_long,1,1.0,1,80.567,62.488,8.0,8.0,759.0
69a1a6245c60b6a02fc72573,7,astronomy,QA03,repeat_long,0,0.0,1,80.567,62.488,8.0,8.0,759.0
69a1a6245c60b6a02fc72573,7,astronomy,QA04,repeat_long,0,0.0,1,80.567,62.488,8.0,8.0,759.0
69a1a6245c60b6a02fc72573,7,astronomy,QA05,repeat_long,0,0.0,1,80.567,62.488,8.0,8.0,759.0
69a1a6245c60b6a02fc72573,7,fabrics,QFB01,distractor,1,1.0,2,71.535,62.204,7.0,7.0,759.0
69a1a6245c60b6a02fc72573,7,fabrics,QFB02,distractor,1,1.0,2,71.535,62.204,7.0,7.0,759.0
69a1a6245c60b6a02fc72573,7,fabrics,QFB03,distractor,0,0.0,2,71.535,62.204,7.0,7.0,759.0
69a1a6245c60b6a02fc72573,7,fabrics,QFB04,distractor,0,0.0,2,71.535,62.204,7.0,7.0,759.0
69a1a6245c60b6a02fc72573,7,fabrics,QFB05,distractor,1,1.0,2,71.535,62.204,7.0,7.0,759.0
5ae11f9709eae20001132c22,4,martial_arts,QMA01,control,1,1.0,3,58.314,75.084,7.0,7.0,611.0
5ae11f9709eae20001132c22,4,martial_arts,QMA02,control,1,1.0,3,58.314,75.084,7.0,7.0,611.0
5ae11f9709eae20001132c22,4,martial_arts,QMA03,control,0,0.0,3,58.314,75.084,7.0,7.0,611.0
5ae11f9709eae20001132c22,4,martial_arts,QMA04,control,1,1.0,3,58.314,75.084,7.0,7.0,611.0
5ae11f9709eae20001132c22,4,martial_arts,QMA05,control,1,1.0,3,58.314,75.084,7.0,7.0,611.0
5ae11f9709eae20001132c22,4,fruits_v2,QF_V2_01,repeat_long,0,0.5,2,84.674,67.687,6.0,6.0,611.0
5ae11f9709eae20001132c22,4,fruits_v2,QF_V2_02,repeat_long,0,0.5,2,84.674,67.687,6.0,6.0,611.0
5ae11f9709eae20001132c22,4,fruits_v2,QF_V2_03,repeat_long,1,1.0,2,84.674,67.687,6.0,6.0,611.0
5ae11f9709eae20001132c22,4,fruits_v2,QF_V2_04,repeat_long,1,1.0,2,84.674,67.687,6.0,6.0,611.0
5ae11f9709eae20001132c22,4,fruits_v2,QF_V2_05,repeat_long,1,1.0,2,84.674,67.687,6.0,6.0,611.0
5ae11f9709eae20001132c22,4,astronomy,QA01,distractor,0,0.3333333333333333,4,91.9,51.356,9.0,9.0,611.0
5ae11f9709eae20001132c22,4,astronomy,QA02,distractor,0,0.5,4,91.9,51.356,9.0,9.0,611.0
5ae11f9709eae20001132c22,4,astronomy,QA03,distractor,0,0.0,4,91.9,51.356,9.0,9.0,611.0
5ae11f9709eae20001132c22,4,astronomy,QA04,distractor,1,1.0,4,91.9,51.356,9.0,9.0,611.0
5ae11f9709eae20001132c22,4,astronomy,QA05,distractor,0,0.0,4,91.9,51.356,9.0,9.0,611.0
5ae11f9709eae20001132c22,4,fabrics,QFB01,repeat_short,0,0.5,1,56.478,51.803,6.0,7.0,611.0
5ae11f9709eae20001132c22,4,fabrics,QFB02,repeat_short,0,0.5,1,56.478,51.803,6.0,7.0,611.0
5ae11f9709eae20001132c22,4,fabrics,QFB03,repeat_short,1,1.0,1,56.478,51.803,6.0,7.0,611.0
5ae11f9709eae20001132c22,4,fabrics,QFB04,repeat_short,1,1.0,1,56.478,51.803,6.0,7.0,611.0
5ae11f9709eae20001132c22,4,fabrics,QFB05,repeat_short,0,0.5,1,56.478,51.803,6.0,7.0,611.0
67ad633dd01884cfa2832347,13,martial_arts,QMA01,repeat_long,0,0.5,2,91.086,85.177,5.0,6.0,732.0
67ad633dd01884cfa2832347,13,martial_arts,QMA02,repeat_long,0,0.0,2,91.086,85.177,5.0,6.0,732.0
67ad633dd01884cfa2832347,13,martial_arts,QMA03,repeat_long,1,1.0,2,91.086,85.177,5.0,6.0,732.0
67ad633dd01884cfa2832347,13,martial_arts,QMA04,repeat_long,0,0.0,2,91.086,85.177,5.0,6.0,732.0
67ad633dd01884cfa2832347,13,martial_arts,QMA05,repeat_long,0,0.5,2,91.086,85.177,5.0,6.0,732.0
67ad633dd01884cfa2832347,13,fruits_v2,QF_V2_01,control,0,0.0,4,98.539,75.214,1.0,4.0,732.0
67ad633dd01884cfa2832347,13,fruits_v2,QF_V2_02,control,0,0.0,4,98.539,75.214,1.0,4.0,732.0
67ad633dd01884cfa2832347,13,fruits_v2,QF_V2_03,control,1,1.0,4,98.539,75.214,1.0,4.0,732.0
67ad633dd01884cfa2832347,13,fruits_v2,QF_V2_04,control,0,0.0,4,98.539,75.214,1.0,4.0,732.0
67ad633dd01884cfa2832347,13,fruits_v2,QF_V2_05,control,0,0.0,4,98.539,75.214,1.0,4.0,732.0
67ad633dd01884cfa2832347,13,astronomy,QA01,repeat_short,0,0.6666666666666666,1,57.582,46.994,7.0,7.0,732.0
67ad633dd01884cfa2832347,13,astronomy,QA02,repeat_short,0,0.5,1,57.582,46.994,7.0,7.0,732.0
67ad633dd01884cfa2832347,13,astronomy,QA03,repeat_short,0,0.5,1,57.582,46.994,7.0,7.0,732.0
67ad633dd01884cfa2832347,13,astronomy,QA04,repeat_short,0,0.0,1,57.582,46.994,7.0,7.0,732.0
67ad633dd01884cfa2832347,13,astronomy,QA05,repeat_short,0,0.0,1,57.582,46.994,7.0,7.0,732.0
67ad633dd01884cfa2832347,13,fabrics,QFB01,distractor,0,0.5,3,72.574,119.737,3.0,5.0,732.0
67ad633dd01884cfa2832347,13,fabrics,QFB02,distractor,0,0.5,3,72.574,119.737,3.0,5.0,732.0
67ad633dd01884cfa2832347,13,fabrics,QFB03,distractor,1,1.0,3,72.574,119.737,3.0,5.0,732.0
67ad633dd01884cfa2832347,13,fabrics,QFB04,distractor,1,1.0,3,72.574,119.737,3.0,5.0,732.0
67ad633dd01884cfa2832347,13,fabrics,QFB05,distractor,0,0.5,3,72.574,119.737,3.0,5.0,732.0
6987671d62d96960c1756642,2,martial_arts,QMA01,control,0,0.0,1,60.978,112.113,9.0,10.0,741.0
6987671d62d96960c1756642,2,martial_arts,QMA02,control,0,0.5,1,60.978,112.113,9.0,10.0,741.0
6987671d62d96960c1756642,2,martial_arts,QMA03,control,0,0.0,1,60.978,112.113,9.0,10.0,741.0
6987671d62d96960c1756642,2,martial_arts,QMA04,control,0,0.0,1,60.978,112.113,9.0,10.0,741.0
6987671d62d96960c1756642,2,martial_arts,QMA05,control,0,0.0,1,60.978,112.113,9.0,10.0,741.0
6987671d62d96960c1756642,2,fruits_v2,QF_V2_01,repeat_short,0,0.0,3,59.843,76.815,9.0,10.0,741.0
6987671d62d96960c1756642,2,fruits_v2,QF_V2_02,repeat_short,0,0.5,3,59.843,76.815,9.0,10.0,741.0
6987671d62d96960c1756642,2,fruits_v2,QF_V2_03,repeat_short,1,1.0,3,59.843,76.815,9.0,10.0,741.0
6987671d62d96960c1756642,2,fruits_v2,QF_V2_04,repeat_short,1,1.0,3,59.843,76.815,9.0,10.0,741.0
6987671d62d96960c1756642,2,fruits_v2,QF_V2_05,repeat_short,1,1.0,3,59.843,76.815,9.0,10.0,741.0
6987671d62d96960c1756642,2,astronomy,QA01,distractor,0,0.3333333333333333,2,96.823,75.628,8.0,9.0,741.0
6987671d62d96960c1756642,2,astronomy,QA02,distractor,1,1.0,2,96.823,75.628,8.0,9.0,741.0
6987671d62d96960c1756642,2,astronomy,QA03,distractor,0,0.0,2,96.823,75.628,8.0,9.0,741.0
6987671d62d96960c1756642,2,astronomy,QA04,distractor,0,0.0,2,96.823,75.628,8.0,9.0,741.0
6987671d62d96960c1756642,2,astronomy,QA05,distractor,1,1.0,2,96.823,75.628,8.0,9.0,741.0
6987671d62d96960c1756642,2,fabrics,QFB01,repeat_long,0,0.5,4,69.596,70.848,8.0,9.0,741.0
6987671d62d96960c1756642,2,fabrics,QFB02,repeat_long,1,1.0,4,69.596,70.848,8.0,9.0,741.0
6987671d62d96960c1756642,2,fabrics,QFB03,repeat_long,1,1.0,4,69.596,70.848,8.0,9.0,741.0
6987671d62d96960c1756642,2,fabrics,QFB04,repeat_long,1,1.0,4,69.596,70.848,8.0,9.0,741.0
6987671d62d96960c1756642,2,fabrics,QFB05,repeat_long,1,1.0,4,69.596,70.848,8.0,9.0,741.0
69d6795cb31530efa5409a67,1,martial_arts,QMA01,control,1,1.0,2,60.748,92.681,3.0,3.0,702.0
69d6795cb31530efa5409a67,1,martial_arts,QMA02,control,0,0.5,2,60.748,92.681,3.0,3.0,702.0
69d6795cb31530efa5409a67,1,martial_arts,QMA03,control,1,1.0,2,60.748,92.681,3.0,3.0,702.0
69d6795cb31530efa5409a67,1,martial_arts,QMA04,control,1,1.0,2,60.748,92.681,3.0,3.0,702.0
69d6795cb31530efa5409a67,1,martial_arts,QMA05,control,1,1.0,2,60.748,92.681,3.0,3.0,702.0
69d6795cb31530efa5409a67,1,fruits_v2,QF_V2_01,repeat_short,1,1.0,1,62.292,89.562,4.0,4.0,702.0
69d6795cb31530efa5409a67,1,fruits_v2,QF_V2_02,repeat_short,0,0.5,1,62.292,89.562,4.0,4.0,702.0
69d6795cb31530efa5409a67,1,fruits_v2,QF_V2_03,repeat_short,1,1.0,1,62.292,89.562,4.0,4.0,702.0
69d6795cb31530efa5409a67,1,fruits_v2,QF_V2_04,repeat_short,0,0.0,1,62.292,89.562,4.0,4.0,702.0
69d6795cb31530efa5409a67,1,fruits_v2,QF_V2_05,repeat_short,0,0.0,1,62.292,89.562,4.0,4.0,702.0
69d6795cb31530efa5409a67,1,astronomy,QA01,repeat_long,0,0.6666666666666666,4,79.112,58.381,4.0,4.0,702.0
69d6795cb31530efa5409a67,1,astronomy,QA02,repeat_long,1,1.0,4,79.112,58.381,4.0,4.0,702.0
69d6795cb31530efa5409a67,1,astronomy,QA03,repeat_long,0,0.5,4,79.112,58.381,4.0,4.0,702.0
69d6795cb31530efa5409a67,1,astronomy,QA04,repeat_long,0,0.0,4,79.112,58.381,4.0,4.0,702.0
69d6795cb31530efa5409a67,1,astronomy,QA05,repeat_long,0,0.0,4,79.112,58.381,4.0,4.0,702.0
69d6795cb31530efa5409a67,1,fabrics,QFB01,distractor,1,1.0,3,71.932,94.003,4.0,4.0,702.0
69d6795cb31530efa5409a67,1,fabrics,QFB02,distractor,1,1.0,3,71.932,94.003,4.0,4.0,702.0
69d6795cb31530efa5409a67,1,fabrics,QFB03,distractor,1,1.0,3,71.932,94.003,4.0,4.0,702.0
69d6795cb31530efa5409a67,1,fabrics,QFB04,distractor,0,0.0,3,71.932,94.003,4.0,4.0,702.0
69d6795cb31530efa5409a67,1,fabrics,QFB05,distractor,1,1.0,3,71.932,94.003,4.0,4.0,702.0
570521cfde5095001018a0c8,22,martial_arts,QMA01,distractor,0,0.5,4,78.942,102.77,4.0,4.0,737.0
570521cfde5095001018a0c8,22,martial_arts,QMA02,distractor,0,0.5,4,78.942,102.77,4.0,4.0,737.0
570521cfde5095001018a0c8,22,martial_arts,QMA03,distractor,0,0.5,4,78.942,102.77,4.0,4.0,737.0
570521cfde5095001018a0c8,22,martial_arts,QMA04,distractor,0,0.0,4,78.942,102.77,4.0,4.0,737.0
570521cfde5095001018a0c8,22,martial_arts,QMA05,distractor,0,0.5,4,78.942,102.77,4.0,4.0,737.0
570521cfde5095001018a0c8,22,fruits_v2,QF_V2_01,repeat_short,1,1.0,1,62.287,91.498,4.0,4.0,737.0
570521cfde5095001018a0c8,22,fruits_v2,QF_V2_02,repeat_short,0,0.5,1,62.287,91.498,4.0,4.0,737.0
570521cfde5095001018a0c8,22,fruits_v2,QF_V2_03,repeat_short,1,1.0,1,62.287,91.498,4.0,4.0,737.0
570521cfde5095001018a0c8,22,fruits_v2,QF_V2_04,repeat_short,1,1.0,1,62.287,91.498,4.0,4.0,737.0
570521cfde5095001018a0c8,22,fruits_v2,QF_V2_05,repeat_short,1,1.0,1,62.287,91.498,4.0,4.0,737.0
570521cfde5095001018a0c8,22,astronomy,QA01,repeat_long,1,1.0,2,82.358,83.775,4.0,4.0,737.0
570521cfde5095001018a0c8,22,astronomy,QA02,repeat_long,1,1.0,2,82.358,83.775,4.0,4.0,737.0
570521cfde5095001018a0c8,22,astronomy,QA03,repeat_long,1,1.0,2,82.358,83.775,4.0,4.0,737.0
570521cfde5095001018a0c8,22,astronomy,QA04,repeat_long,1,1.0,2,82.358,83.775,4.0,4.0,737.0
570521cfde5095001018a0c8,22,astronomy,QA05,repeat_long,1,1.0,2,82.358,83.775,4.0,4.0,737.0
570521cfde5095001018a0c8,22,fabrics,QFB01,control,1,1.0,3,50.102,66.57,5.0,6.0,737.0
570521cfde5095001018a0c8,22,fabrics,QFB02,control,1,1.0,3,50.102,66.57,5.0,6.0,737.0
570521cfde5095001018a0c8,22,fabrics,QFB03,control,1,1.0,3,50.102,66.57,5.0,6.0,737.0
570521cfde5095001018a0c8,22,fabrics,QFB04,control,0,0.0,3,50.102,66.57,5.0,6.0,737.0
570521cfde5095001018a0c8,22,fabrics,QFB05,control,0,0.0,3,50.102,66.57,5.0,6.0,737.0
6983d70423bcb8acb217e6c9,2,martial_arts,QMA01,control,1,1.0,1,62.564,85.409,2.0,2.0,786.0
6983d70423bcb8acb217e6c9,2,martial_arts,QMA02,control,1,1.0,1,62.564,85.409,2.0,2.0,786.0
6983d70423bcb8acb217e6c9,2,martial_arts,QMA03,control,0,0.5,1,62.564,85.409,2.0,2.0,786.0
6983d70423bcb8acb217e6c9,2,martial_arts,QMA04,control,1,1.0,1,62.564,85.409,2.0,2.0,786.0
6983d70423bcb8acb217e6c9,2,martial_arts,QMA05,control,1,1.0,1,62.564,85.409,2.0,2.0,786.0
6983d70423bcb8acb217e6c9,2,fruits_v2,QF_V2_01,repeat_short,1,1.0,2,62.502,107.002,4.0,4.0,786.0
6983d70423bcb8acb217e6c9,2,fruits_v2,QF_V2_02,repeat_short,0,0.0,2,62.502,107.002,4.0,4.0,786.0
6983d70423bcb8acb217e6c9,2,fruits_v2,QF_V2_03,repeat_short,0,0.0,2,62.502,107.002,4.0,4.0,786.0
6983d70423bcb8acb217e6c9,2,fruits_v2,QF_V2_04,repeat_short,0,0.0,2,62.502,107.002,4.0,4.0,786.0
6983d70423bcb8acb217e6c9,2,fruits_v2,QF_V2_05,repeat_short,0,0.0,2,62.502,107.002,4.0,4.0,786.0
6983d70423bcb8acb217e6c9,2,astronomy,QA01,distractor,0,0.6666666666666666,3,93.598,102.384,4.0,4.0,786.0
6983d70423bcb8acb217e6c9,2,astronomy,QA02,distractor,0,0.0,3,93.598,102.384,4.0,4.0,786.0
6983d70423bcb8acb217e6c9,2,astronomy,QA03,distractor,1,1.0,3,93.598,102.384,4.0,4.0,786.0
6983d70423bcb8acb217e6c9,2,astronomy,QA04,distractor,1,1.0,3,93.598,102.384,4.0,4.0,786.0
6983d70423bcb8acb217e6c9,2,astronomy,QA05,distractor,0,0.0,3,93.598,102.384,4.0,4.0,786.0
6983d70423bcb8acb217e6c9,2,fabrics,QFB01,repeat_long,1,1.0,4,68.685,130.202,4.0,4.0,786.0
6983d70423bcb8acb217e6c9,2,fabrics,QFB02,repeat_long,0,0.5,4,68.685,130.202,4.0,4.0,786.0
6983d70423bcb8acb217e6c9,2,fabrics,QFB03,repeat_long,1,1.0,4,68.685,130.202,4.0,4.0,786.0
6983d70423bcb8acb217e6c9,2,fabrics,QFB04,repeat_long,1,1.0,4,68.685,130.202,4.0,4.0,786.0
6983d70423bcb8acb217e6c9,2,fabrics,QFB05,repeat_long,0,0.5,4,68.685,130.202,4.0,4.0,786.0
695f8e989dc103f9f64b3e1c,20,martial_arts,QMA01,distractor,0,0.0,1,79.555,62.197,7.0,7.0,654.0
695f8e989dc103f9f64b3e1c,20,martial_arts,QMA02,distractor,0,0.5,1,79.555,62.197,7.0,7.0,654.0
695f8e989dc103f9f64b3e1c,20,martial_arts,QMA03,distractor,0,0.5,1,79.555,62.197,7.0,7.0,654.0
695f8e989dc103f9f64b3e1c,20,martial_arts,QMA04,distractor,1,1.0,1,79.555,62.197,7.0,7.0,654.0
695f8e989dc103f9f64b3e1c,20,martial_arts,QMA05,distractor,0,0.5,1,79.555,62.197,7.0,7.0,654.0
695f8e989dc103f9f64b3e1c,20,fruits_v2,QF_V2_01,control,0,0.5,3,50.919,60.363,9.0,10.0,654.0
695f8e989dc103f9f64b3e1c,20,fruits_v2,QF_V2_02,control,0,0.0,3,50.919,60.363,9.0,10.0,654.0
695f8e989dc103f9f64b3e1c,20,fruits_v2,QF_V2_03,control,1,1.0,3,50.919,60.363,9.0,10.0,654.0
695f8e989dc103f9f64b3e1c,20,fruits_v2,QF_V2_04,control,1,1.0,3,50.919,60.363,9.0,10.0,654.0
695f8e989dc103f9f64b3e1c,20,fruits_v2,QF_V2_05,control,0,0.0,3,50.919,60.363,9.0,10.0,654.0
695f8e989dc103f9f64b3e1c,20,astronomy,QA01,repeat_long,0,0.6666666666666666,2,82.185,66.968,4.0,5.0,654.0
695f8e989dc103f9f64b3e1c,20,astronomy,QA02,repeat_long,1,1.0,2,82.185,66.968,4.0,5.0,654.0
695f8e989dc103f9f64b3e1c,20,astronomy,QA03,repeat_long,1,1.0,2,82.185,66.968,4.0,5.0,654.0
695f8e989dc103f9f64b3e1c,20,astronomy,QA04,repeat_long,1,1.0,2,82.185,66.968,4.0,5.0,654.0
695f8e989dc103f9f64b3e1c,20,astronomy,QA05,repeat_long,0,0.0,2,82.185,66.968,4.0,5.0,654.0
695f8e989dc103f9f64b3e1c,20,fabrics,QFB01,repeat_short,0,0.5,4,54.558,43.055,4.0,4.0,654.0
695f8e989dc103f9f64b3e1c,20,fabrics,QFB02,repeat_short,0,0.5,4,54.558,43.055,4.0,4.0,654.0
695f8e989dc103f9f64b3e1c,20,fabrics,QFB03,repeat_short,1,1.0,4,54.558,43.055,4.0,4.0,654.0
695f8e989dc103f9f64b3e1c,20,fabrics,QFB04,repeat_short,0,0.0,4,54.558,43.055,4.0,4.0,654.0
695f8e989dc103f9f64b3e1c,20,fabrics,QFB05,repeat_short,1,1.0,4,54.558,43.055,4.0,4.0,654.0
5a792c898fe2dc0001058c3b,11,martial_arts,QMA01,repeat_short,0,0.0,3,60.652,90.199,10.0,10.0,778.0
5a792c898fe2dc0001058c3b,11,martial_arts,QMA02,repeat_short,0,0.5,3,60.652,90.199,10.0,10.0,778.0
5a792c898fe2dc0001058c3b,11,martial_arts,QMA03,repeat_short,0,0.0,3,60.652,90.199,10.0,10.0,778.0
5a792c898fe2dc0001058c3b,11,martial_arts,QMA04,repeat_short,1,1.0,3,60.652,90.199,10.0,10.0,778.0
5a792c898fe2dc0001058c3b,11,martial_arts,QMA05,repeat_short,0,0.5,3,60.652,90.199,10.0,10.0,778.0
5a792c898fe2dc0001058c3b,11,fruits_v2,QF_V2_01,distractor,0,0.5,2,86.017,103.099,9.0,7.0,778.0
5a792c898fe2dc0001058c3b,11,fruits_v2,QF_V2_02,distractor,0,0.5,2,86.017,103.099,9.0,7.0,778.0
5a792c898fe2dc0001058c3b,11,fruits_v2,QF_V2_03,distractor,1,1.0,2,86.017,103.099,9.0,7.0,778.0
5a792c898fe2dc0001058c3b,11,fruits_v2,QF_V2_04,distractor,0,0.0,2,86.017,103.099,9.0,7.0,778.0
5a792c898fe2dc0001058c3b,11,fruits_v2,QF_V2_05,distractor,0,0.0,2,86.017,103.099,9.0,7.0,778.0
5a792c898fe2dc0001058c3b,11,astronomy,QA01,control,0,0.6666666666666666,1,55.956,93.737,6.0,6.0,778.0
5a792c898fe2dc0001058c3b,11,astronomy,QA02,control,0,0.5,1,55.956,93.737,6.0,6.0,778.0
5a792c898fe2dc0001058c3b,11,astronomy,QA03,control,1,1.0,1,55.956,93.737,6.0,6.0,778.0
5a792c898fe2dc0001058c3b,11,astronomy,QA04,control,1,1.0,1,55.956,93.737,6.0,6.0,778.0
5a792c898fe2dc0001058c3b,11,astronomy,QA05,control,0,0.0,1,55.956,93.737,6.0,6.0,778.0
5a792c898fe2dc0001058c3b,11,fabrics,QFB01,repeat_long,1,1.0,4,69.57,87.105,8.0,7.0,778.0
5a792c898fe2dc0001058c3b,11,fabrics,QFB02,repeat_long,0,0.5,4,69.57,87.105,8.0,7.0,778.0
5a792c898fe2dc0001058c3b,11,fabrics,QFB03,repeat_long,1,1.0,4,69.57,87.105,8.0,7.0,778.0
5a792c898fe2dc0001058c3b,11,fabrics,QFB04,repeat_long,0,0.0,4,69.57,87.105,8.0,7.0,778.0
5a792c898fe2dc0001058c3b,11,fabrics,QFB05,repeat_long,1,1.0,4,69.57,87.105,8.0,7.0,778.0
5c4098bc2dcf46000167e4c9,18,martial_arts,QMA01,repeat_long,0,0.5,2,94.226,116.956,9.0,9.0,790.0
5c4098bc2dcf46000167e4c9,18,martial_arts,QMA02,repeat_long,0,0.5,2,94.226,116.956,9.0,9.0,790.0
5c4098bc2dcf46000167e4c9,18,martial_arts,QMA03,repeat_long,0,0.0,2,94.226,116.956,9.0,9.0,790.0
5c4098bc2dcf46000167e4c9,18,martial_arts,QMA04,repeat_long,1,1.0,2,94.226,116.956,9.0,9.0,790.0
5c4098bc2dcf46000167e4c9,18,martial_arts,QMA05,repeat_long,0,0.5,2,94.226,116.956,9.0,9.0,790.0
5c4098bc2dcf46000167e4c9,18,fruits_v2,QF_V2_01,distractor,0,0.5,1,89.409,77.053,9.0,9.0,790.0
5c4098bc2dcf46000167e4c9,18,fruits_v2,QF_V2_02,distractor,0,0.0,1,89.409,77.053,9.0,9.0,790.0
5c4098bc2dcf46000167e4c9,18,fruits_v2,QF_V2_03,distractor,0,0.0,1,89.409,77.053,9.0,9.0,790.0
5c4098bc2dcf46000167e4c9,18,fruits_v2,QF_V2_04,distractor,1,1.0,1,89.409,77.053,9.0,9.0,790.0
5c4098bc2dcf46000167e4c9,18,fruits_v2,QF_V2_05,distractor,0,0.0,1,89.409,77.053,9.0,9.0,790.0
5c4098bc2dcf46000167e4c9,18,astronomy,QA01,repeat_short,0,0.6666666666666666,3,59.555,115.68,7.0,7.0,790.0
5c4098bc2dcf46000167e4c9,18,astronomy,QA02,repeat_short,0,0.5,3,59.555,115.68,7.0,7.0,790.0
5c4098bc2dcf46000167e4c9,18,astronomy,QA03,repeat_short,0,0.5,3,59.555,115.68,7.0,7.0,790.0
5c4098bc2dcf46000167e4c9,18,astronomy,QA04,repeat_short,1,1.0,3,59.555,115.68,7.0,7.0,790.0
5c4098bc2dcf46000167e4c9,18,astronomy,QA05,repeat_short,1,1.0,3,59.555,115.68,7.0,7.0,790.0
5c4098bc2dcf46000167e4c9,18,fabrics,QFB01,control,0,0.5,4,50.318,62.718,9.0,9.0,790.0
5c4098bc2dcf46000167e4c9,18,fabrics,QFB02,control,1,1.0,4,50.318,62.718,9.0,9.0,790.0
5c4098bc2dcf46000167e4c9,18,fabrics,QFB03,control,1,1.0,4,50.318,62.718,9.0,9.0,790.0
5c4098bc2dcf46000167e4c9,18,fabrics,QFB04,control,1,1.0,4,50.318,62.718,9.0,9.0,790.0
5c4098bc2dcf46000167e4c9,18,fabrics,QFB05,control,1,1.0,4,50.318,62.718,9.0,9.0,790.0
69c132b7ff339dc396efb34f,4,martial_arts,QMA01,control,0,0.5,4,63.63,92.521,4.0,8.0,807.0
69c132b7ff339dc396efb34f,4,martial_arts,QMA02,control,1,1.0,4,63.63,92.521,4.0,8.0,807.0
69c132b7ff339dc396efb34f,4,martial_arts,QMA03,control,0,0.0,4,63.63,92.521,4.0,8.0,807.0
69c132b7ff339dc396efb34f,4,martial_arts,QMA04,control,0,0.0,4,63.63,92.521,4.0,8.0,807.0
69c132b7ff339dc396efb34f,4,martial_arts,QMA05,control,0,0.0,4,63.63,92.521,4.0,8.0,807.0
69c132b7ff339dc396efb34f,4,fruits_v2,QF_V2_01,repeat_long,0,0.0,3,88.718,122.406,5.0,6.0,807.0
69c132b7ff339dc396efb34f,4,fruits_v2,QF_V2_02,repeat_long,0,0.5,3,88.718,122.406,5.0,6.0,807.0
69c132b7ff339dc396efb34f,4,fruits_v2,QF_V2_03,repeat_long,1,1.0,3,88.718,122.406,5.0,6.0,807.0
69c132b7ff339dc396efb34f,4,fruits_v2,QF_V2_04,repeat_long,0,0.0,3,88.718,122.406,5.0,6.0,807.0
69c132b7ff339dc396efb34f,4,fruits_v2,QF_V2_05,repeat_long,0,0.0,3,88.718,122.406,5.0,6.0,807.0
69c132b7ff339dc396efb34f,4,astronomy,QA01,distractor,0,0.0,2,94.491,82.965,6.0,7.0,807.0
69c132b7ff339dc396efb34f,4,astronomy,QA02,distractor,0,0.5,2,94.491,82.965,6.0,7.0,807.0
69c132b7ff339dc396efb34f,4,astronomy,QA03,distractor,0,0.0,2,94.491,82.965,6.0,7.0,807.0
69c132b7ff339dc396efb34f,4,astronomy,QA04,distractor,0,0.0,2,94.491,82.965,6.0,7.0,807.0
69c132b7ff339dc396efb34f,4,astronomy,QA05,distractor,0,0.0,2,94.491,82.965,6.0,7.0,807.0
69c132b7ff339dc396efb34f,4,fabrics,QFB01,repeat_short,0,0.5,1,58.315,103.967,4.0,7.0,807.0
69c132b7ff339dc396efb34f,4,fabrics,QFB02,repeat_short,0,0.0,1,58.315,103.967,4.0,7.0,807.0
69c132b7ff339dc396efb34f,4,fabrics,QFB03,repeat_short,1,1.0,1,58.315,103.967,4.0,7.0,807.0
69c132b7ff339dc396efb34f,4,fabrics,QFB04,repeat_short,0,0.0,1,58.315,103.967,4.0,7.0,807.0
69c132b7ff339dc396efb34f,4,fabrics,QFB05,repeat_short,0,0.5,1,58.315,103.967,4.0,7.0,807.0
5df5645bb1fb053ced3ae31d,9,martial_arts,QMA01,repeat_short,0,0.5,2,60.806,81.089,2.0,7.0,753.0
5df5645bb1fb053ced3ae31d,9,martial_arts,QMA02,repeat_short,1,1.0,2,60.806,81.089,2.0,7.0,753.0
5df5645bb1fb053ced3ae31d,9,martial_arts,QMA03,repeat_short,1,1.0,2,60.806,81.089,2.0,7.0,753.0
5df5645bb1fb053ced3ae31d,9,martial_arts,QMA04,repeat_short,1,1.0,2,60.806,81.089,2.0,7.0,753.0
5df5645bb1fb053ced3ae31d,9,martial_arts,QMA05,repeat_short,0,0.5,2,60.806,81.089,2.0,7.0,753.0
5df5645bb1fb053ced3ae31d,9,fruits_v2,QF_V2_01,repeat_long,0,0.5,1,85.586,79.541,2.0,8.0,753.0
5df5645bb1fb053ced3ae31d,9,fruits_v2,QF_V2_02,repeat_long,1,1.0,1,85.586,79.541,2.0,8.0,753.0
5df5645bb1fb053ced3ae31d,9,fruits_v2,QF_V2_03,repeat_long,1,1.0,1,85.586,79.541,2.0,8.0,753.0
5df5645bb1fb053ced3ae31d,9,fruits_v2,QF_V2_04,repeat_long,0,0.0,1,85.586,79.541,2.0,8.0,753.0
5df5645bb1fb053ced3ae31d,9,fruits_v2,QF_V2_05,repeat_long,0,0.0,1,85.586,79.541,2.0,8.0,753.0
5df5645bb1fb053ced3ae31d,9,astronomy,QA01,control,0,0.6666666666666666,3,52.501,61.424,3.0,9.0,753.0
5df5645bb1fb053ced3ae31d,9,astronomy,QA02,control,0,0.5,3,52.501,61.424,3.0,9.0,753.0
5df5645bb1fb053ced3ae31d,9,astronomy,QA03,control,0,0.5,3,52.501,61.424,3.0,9.0,753.0
5df5645bb1fb053ced3ae31d,9,astronomy,QA04,control,1,1.0,3,52.501,61.424,3.0,9.0,753.0
5df5645bb1fb053ced3ae31d,9,astronomy,QA05,control,0,0.0,3,52.501,61.424,3.0,9.0,753.0
5df5645bb1fb053ced3ae31d,9,fabrics,QFB01,distractor,1,1.0,4,72.267,46.133,6.0,4.0,753.0
5df5645bb1fb053ced3ae31d,9,fabrics,QFB02,distractor,0,0.5,4,72.267,46.133,6.0,4.0,753.0
5df5645bb1fb053ced3ae31d,9,fabrics,QFB03,distractor,1,1.0,4,72.267,46.133,6.0,4.0,753.0
5df5645bb1fb053ced3ae31d,9,fabrics,QFB04,distractor,0,0.0,4,72.267,46.133,6.0,4.0,753.0
5df5645bb1fb053ced3ae31d,9,fabrics,QFB05,distractor,1,1.0,4,72.267,46.133,6.0,4.0,753.0
5e987098f1bb6707dca13f5b,8,martial_arts,QMA01,repeat_short,1,1.0,2,63.617,66.046,0.0,0.0,692.0
5e987098f1bb6707dca13f5b,8,martial_arts,QMA02,repeat_short,1,1.0,2,63.617,66.046,0.0,0.0,692.0
5e987098f1bb6707dca13f5b,8,martial_arts,QMA03,repeat_short,1,1.0,2,63.617,66.046,0.0,0.0,692.0
5e987098f1bb6707dca13f5b,8,martial_arts,QMA04,repeat_short,1,1.0,2,63.617,66.046,0.0,0.0,692.0
5e987098f1bb6707dca13f5b,8,martial_arts,QMA05,repeat_short,1,1.0,2,63.617,66.046,0.0,0.0,692.0
5e987098f1bb6707dca13f5b,8,fruits_v2,QF_V2_01,control,1,1.0,3,50.977,54.939,4.0,4.0,692.0
5e987098f1bb6707dca13f5b,8,fruits_v2,QF_V2_02,control,0,0.0,3,50.977,54.939,4.0,4.0,692.0
5e987098f1bb6707dca13f5b,8,fruits_v2,QF_V2_03,control,1,1.0,3,50.977,54.939,4.0,4.0,692.0
5e987098f1bb6707dca13f5b,8,fruits_v2,QF_V2_04,control,1,1.0,3,50.977,54.939,4.0,4.0,692.0
5e987098f1bb6707dca13f5b,8,fruits_v2,QF_V2_05,control,1,1.0,3,50.977,54.939,4.0,4.0,692.0
5e987098f1bb6707dca13f5b,8,astronomy,QA01,distractor,0,0.6666666666666666,4,94.675,64.689,4.0,3.0,692.0
5e987098f1bb6707dca13f5b,8,astronomy,QA02,distractor,1,1.0,4,94.675,64.689,4.0,3.0,692.0
5e987098f1bb6707dca13f5b,8,astronomy,QA03,distractor,0,0.5,4,94.675,64.689,4.0,3.0,692.0
5e987098f1bb6707dca13f5b,8,astronomy,QA04,distractor,1,1.0,4,94.675,64.689,4.0,3.0,692.0
5e987098f1bb6707dca13f5b,8,astronomy,QA05,distractor,1,1.0,4,94.675,64.689,4.0,3.0,692.0
5e987098f1bb6707dca13f5b,8,fabrics,QFB01,repeat_long,0,0.5,1,74.087,59.785,0.0,0.0,692.0
5e987098f1bb6707dca13f5b,8,fabrics,QFB02,repeat_long,0,0.5,1,74.087,59.785,0.0,0.0,692.0
5e987098f1bb6707dca13f5b,8,fabrics,QFB03,repeat_long,1,1.0,1,74.087,59.785,0.0,0.0,692.0
5e987098f1bb6707dca13f5b,8,fabrics,QFB04,repeat_long,1,1.0,1,74.087,59.785,0.0,0.0,692.0
5e987098f1bb6707dca13f5b,8,fabrics,QFB05,repeat_long,1,1.0,1,74.087,59.785,0.0,0.0,692.0
5a89cc2c000dab00018cbd38,21,martial_arts,QMA01,distractor,1,1.0,4,77.264,81.506,8.0,9.0,852.0
5a89cc2c000dab00018cbd38,21,martial_arts,QMA02,distractor,0,0.5,4,77.264,81.506,8.0,9.0,852.0
5a89cc2c000dab00018cbd38,21,martial_arts,QMA03,distractor,0,0.0,4,77.264,81.506,8.0,9.0,852.0
5a89cc2c000dab00018cbd38,21,martial_arts,QMA04,distractor,0,0.0,4,77.264,81.506,8.0,9.0,852.0
5a89cc2c000dab00018cbd38,21,martial_arts,QMA05,distractor,1,1.0,4,77.264,81.506,8.0,9.0,852.0
5a89cc2c000dab00018cbd38,21,fruits_v2,QF_V2_01,repeat_short,0,0.5,1,67.909,89.349,7.0,9.0,852.0
5a89cc2c000dab00018cbd38,21,fruits_v2,QF_V2_02,repeat_short,0,0.5,1,67.909,89.349,7.0,9.0,852.0
5a89cc2c000dab00018cbd38,21,fruits_v2,QF_V2_03,repeat_short,0,0.0,1,67.909,89.349,7.0,9.0,852.0
5a89cc2c000dab00018cbd38,21,fruits_v2,QF_V2_04,repeat_short,0,0.0,1,67.909,89.349,7.0,9.0,852.0
5a89cc2c000dab00018cbd38,21,fruits_v2,QF_V2_05,repeat_short,0,0.0,1,67.909,89.349,7.0,9.0,852.0
5a89cc2c000dab00018cbd38,21,astronomy,QA01,control,0,0.0,2,52.305,147.048,10.0,10.0,852.0
5a89cc2c000dab00018cbd38,21,astronomy,QA02,control,1,1.0,2,52.305,147.048,10.0,10.0,852.0
5a89cc2c000dab00018cbd38,21,astronomy,QA03,control,0,0.5,2,52.305,147.048,10.0,10.0,852.0
5a89cc2c000dab00018cbd38,21,astronomy,QA04,control,0,0.0,2,52.305,147.048,10.0,10.0,852.0
5a89cc2c000dab00018cbd38,21,astronomy,QA05,control,0,0.0,2,52.305,147.048,10.0,10.0,852.0
5a89cc2c000dab00018cbd38,21,fabrics,QFB01,repeat_long,0,0.5,3,69.829,51.184,9.0,10.0,852.0
5a89cc2c000dab00018cbd38,21,fabrics,QFB02,repeat_long,0,0.5,3,69.829,51.184,9.0,10.0,852.0
5a89cc2c000dab00018cbd38,21,fabrics,QFB03,repeat_long,1,1.0,3,69.829,51.184,9.0,10.0,852.0
5a89cc2c000dab00018cbd38,21,fabrics,QFB04,repeat_long,0,0.0,3,69.829,51.184,9.0,10.0,852.0
5a89cc2c000dab00018cbd38,21,fabrics,QFB05,repeat_long,0,0.5,3,69.829,51.184,9.0,10.0,852.0
6a093dd854c571095727732e,17,martial_arts,QMA01,repeat_long,1,1.0,1,93.061,71.261,0.0,5.0,631.0
6a093dd854c571095727732e,17,martial_arts,QMA02,repeat_long,0,0.5,1,93.061,71.261,0.0,5.0,631.0
6a093dd854c571095727732e,17,martial_arts,QMA03,repeat_long,0,0.0,1,93.061,71.261,0.0,5.0,631.0
6a093dd854c571095727732e,17,martial_arts,QMA04,repeat_long,1,1.0,1,93.061,71.261,0.0,5.0,631.0
6a093dd854c571095727732e,17,martial_arts,QMA05,repeat_long,1,1.0,1,93.061,71.261,0.0,5.0,631.0
6a093dd854c571095727732e,17,fruits_v2,QF_V2_01,distractor,0,0.5,3,86.684,83.158,2.0,6.0,631.0
6a093dd854c571095727732e,17,fruits_v2,QF_V2_02,distractor,0,0.5,3,86.684,83.158,2.0,6.0,631.0
6a093dd854c571095727732e,17,fruits_v2,QF_V2_03,distractor,0,0.0,3,86.684,83.158,2.0,6.0,631.0
6a093dd854c571095727732e,17,fruits_v2,QF_V2_04,distractor,1,1.0,3,86.684,83.158,2.0,6.0,631.0
6a093dd854c571095727732e,17,fruits_v2,QF_V2_05,distractor,1,1.0,3,86.684,83.158,2.0,6.0,631.0
6a093dd854c571095727732e,17,astronomy,QA01,control,0,0.6666666666666666,2,53.892,51.038,3.0,9.0,631.0
6a093dd854c571095727732e,17,astronomy,QA02,control,0,0.5,2,53.892,51.038,3.0,9.0,631.0
6a093dd854c571095727732e,17,astronomy,QA03,control,0,0.5,2,53.892,51.038,3.0,9.0,631.0
6a093dd854c571095727732e,17,astronomy,QA04,control,0,0.0,2,53.892,51.038,3.0,9.0,631.0
6a093dd854c571095727732e,17,astronomy,QA05,control,0,0.0,2,53.892,51.038,3.0,9.0,631.0
6a093dd854c571095727732e,17,fabrics,QFB01,repeat_short,0,0.5,4,54.349,57.878,5.0,6.0,631.0
6a093dd854c571095727732e,17,fabrics,QFB02,repeat_short,0,0.5,4,54.349,57.878,5.0,6.0,631.0
6a093dd854c571095727732e,17,fabrics,QFB03,repeat_short,1,1.0,4,54.349,57.878,5.0,6.0,631.0
6a093dd854c571095727732e,17,fabrics,QFB04,repeat_short,0,0.0,4,54.349,57.878,5.0,6.0,631.0
6a093dd854c571095727732e,17,fabrics,QFB05,repeat_short,1,1.0,4,54.349,57.878,5.0,6.0,631.0
697a96c1fa394b0add527d3c,21,martial_arts,QMA01,distractor,1,1.0,4,75.301,84.635,9.0,9.0,741.0
697a96c1fa394b0add527d3c,21,martial_arts,QMA02,distractor,0,0.0,4,75.301,84.635,9.0,9.0,741.0
697a96c1fa394b0add527d3c,21,martial_arts,QMA03,distractor,1,1.0,4,75.301,84.635,9.0,9.0,741.0
697a96c1fa394b0add527d3c,21,martial_arts,QMA04,distractor,1,1.0,4,75.301,84.635,9.0,9.0,741.0
697a96c1fa394b0add527d3c,21,martial_arts,QMA05,distractor,1,1.0,4,75.301,84.635,9.0,9.0,741.0
697a96c1fa394b0add527d3c,21,fruits_v2,QF_V2_01,repeat_short,1,1.0,3,58.561,88.377,9.0,9.0,741.0
697a96c1fa394b0add527d3c,21,fruits_v2,QF_V2_02,repeat_short,1,1.0,3,58.561,88.377,9.0,9.0,741.0
697a96c1fa394b0add527d3c,21,fruits_v2,QF_V2_03,repeat_short,1,1.0,3,58.561,88.377,9.0,9.0,741.0
697a96c1fa394b0add527d3c,21,fruits_v2,QF_V2_04,repeat_short,1,1.0,3,58.561,88.377,9.0,9.0,741.0
697a96c1fa394b0add527d3c,21,fruits_v2,QF_V2_05,repeat_short,1,1.0,3,58.561,88.377,9.0,9.0,741.0
697a96c1fa394b0add527d3c,21,astronomy,QA01,control,1,1.0,2,51.853,100.127,8.0,9.0,741.0
697a96c1fa394b0add527d3c,21,astronomy,QA02,control,1,1.0,2,51.853,100.127,8.0,9.0,741.0
697a96c1fa394b0add527d3c,21,astronomy,QA03,control,1,1.0,2,51.853,100.127,8.0,9.0,741.0
697a96c1fa394b0add527d3c,21,astronomy,QA04,control,1,1.0,2,51.853,100.127,8.0,9.0,741.0
697a96c1fa394b0add527d3c,21,astronomy,QA05,control,1,1.0,2,51.853,100.127,8.0,9.0,741.0
697a96c1fa394b0add527d3c,21,fabrics,QFB01,repeat_long,0,0.5,1,74.278,82.705,6.0,6.0,741.0
697a96c1fa394b0add527d3c,21,fabrics,QFB02,repeat_long,1,1.0,1,74.278,82.705,6.0,6.0,741.0
697a96c1fa394b0add527d3c,21,fabrics,QFB03,repeat_long,1,1.0,1,74.278,82.705,6.0,6.0,741.0
697a96c1fa394b0add527d3c,21,fabrics,QFB04,repeat_long,1,1.0,1,74.278,82.705,6.0,6.0,741.0
697a96c1fa394b0add527d3c,21,fabrics,QFB05,repeat_long,1,1.0,1,74.278,82.705,6.0,6.0,741.0
6107acfe97c63575a2344e36,16,martial_arts,QMA01,repeat_long,0,0.5,3,104.594,39.8,10.0,9.0,763.0
6107acfe97c63575a2344e36,16,martial_arts,QMA02,repeat_long,0,0.5,3,104.594,39.8,10.0,9.0,763.0
6107acfe97c63575a2344e36,16,martial_arts,QMA03,repeat_long,0,0.0,3,104.594,39.8,10.0,9.0,763.0
6107acfe97c63575a2344e36,16,martial_arts,QMA04,repeat_long,1,1.0,3,104.594,39.8,10.0,9.0,763.0
6107acfe97c63575a2344e36,16,martial_arts,QMA05,repeat_long,0,0.5,3,104.594,39.8,10.0,9.0,763.0
6107acfe97c63575a2344e36,16,fruits_v2,QF_V2_01,repeat_short,0,0.0,2,71.914,44.487,8.0,6.0,763.0
6107acfe97c63575a2344e36,16,fruits_v2,QF_V2_02,repeat_short,0,0.5,2,71.914,44.487,8.0,6.0,763.0
6107acfe97c63575a2344e36,16,fruits_v2,QF_V2_03,repeat_short,1,1.0,2,71.914,44.487,8.0,6.0,763.0
6107acfe97c63575a2344e36,16,fruits_v2,QF_V2_04,repeat_short,0,0.0,2,71.914,44.487,8.0,6.0,763.0
6107acfe97c63575a2344e36,16,fruits_v2,QF_V2_05,repeat_short,0,0.0,2,71.914,44.487,8.0,6.0,763.0
6107acfe97c63575a2344e36,16,astronomy,QA01,distractor,0,0.3333333333333333,4,100.707,52.289,10.0,10.0,763.0
6107acfe97c63575a2344e36,16,astronomy,QA02,distractor,0,0.0,4,100.707,52.289,10.0,10.0,763.0
6107acfe97c63575a2344e36,16,astronomy,QA03,distractor,0,0.0,4,100.707,52.289,10.0,10.0,763.0
6107acfe97c63575a2344e36,16,astronomy,QA04,distractor,0,0.0,4,100.707,52.289,10.0,10.0,763.0
6107acfe97c63575a2344e36,16,astronomy,QA05,distractor,0,0.0,4,100.707,52.289,10.0,10.0,763.0
6107acfe97c63575a2344e36,16,fabrics,QFB01,control,0,0.5,1,49.542,61.401,8.0,6.0,763.0
6107acfe97c63575a2344e36,16,fabrics,QFB02,control,0,0.5,1,49.542,61.401,8.0,6.0,763.0
6107acfe97c63575a2344e36,16,fabrics,QFB03,control,0,0.0,1,49.542,61.401,8.0,6.0,763.0
6107acfe97c63575a2344e36,16,fabrics,QFB04,control,0,0.0,1,49.542,61.401,8.0,6.0,763.0
6107acfe97c63575a2344e36,16,fabrics,QFB05,control,0,0.5,1,49.542,61.401,8.0,6.0,763.0
63d7cbbc05916152378dfcb5,17,martial_arts,QMA01,repeat_long,0,0.5,2,95.667,55.106,5.0,5.0,767.0
63d7cbbc05916152378dfcb5,17,martial_arts,QMA02,repeat_long,0,0.5,2,95.667,55.106,5.0,5.0,767.0
63d7cbbc05916152378dfcb5,17,martial_arts,QMA03,repeat_long,0,0.5,2,95.667,55.106,5.0,5.0,767.0
63d7cbbc05916152378dfcb5,17,martial_arts,QMA04,repeat_long,1,1.0,2,95.667,55.106,5.0,5.0,767.0
63d7cbbc05916152378dfcb5,17,martial_arts,QMA05,repeat_long,0,0.5,2,95.667,55.106,5.0,5.0,767.0
63d7cbbc05916152378dfcb5,17,fruits_v2,QF_V2_01,distractor,0,0.5,1,85.396,62.701,10.0,10.0,767.0
63d7cbbc05916152378dfcb5,17,fruits_v2,QF_V2_02,distractor,0,0.5,1,85.396,62.701,10.0,10.0,767.0
63d7cbbc05916152378dfcb5,17,fruits_v2,QF_V2_03,distractor,0,0.0,1,85.396,62.701,10.0,10.0,767.0
63d7cbbc05916152378dfcb5,17,fruits_v2,QF_V2_04,distractor,0,0.0,1,85.396,62.701,10.0,10.0,767.0
63d7cbbc05916152378dfcb5,17,fruits_v2,QF_V2_05,distractor,0,0.0,1,85.396,62.701,10.0,10.0,767.0
63d7cbbc05916152378dfcb5,17,astronomy,QA01,control,0,0.3333333333333333,4,55.67,45.103,10.0,10.0,767.0
63d7cbbc05916152378dfcb5,17,astronomy,QA02,control,0,0.0,4,55.67,45.103,10.0,10.0,767.0
63d7cbbc05916152378dfcb5,17,astronomy,QA03,control,0,0.5,4,55.67,45.103,10.0,10.0,767.0
63d7cbbc05916152378dfcb5,17,astronomy,QA04,control,0,0.0,4,55.67,45.103,10.0,10.0,767.0
63d7cbbc05916152378dfcb5,17,astronomy,QA05,control,0,0.0,4,55.67,45.103,10.0,10.0,767.0
63d7cbbc05916152378dfcb5,17,fabrics,QFB01,repeat_short,0,0.5,3,59.163,39.134,8.0,8.0,767.0
63d7cbbc05916152378dfcb5,17,fabrics,QFB02,repeat_short,0,0.5,3,59.163,39.134,8.0,8.0,767.0
63d7cbbc05916152378dfcb5,17,fabrics,QFB03,repeat_short,1,1.0,3,59.163,39.134,8.0,8.0,767.0
63d7cbbc05916152378dfcb5,17,fabrics,QFB04,repeat_short,0,0.0,3,59.163,39.134,8.0,8.0,767.0
63d7cbbc05916152378dfcb5,17,fabrics,QFB05,repeat_short,0,0.5,3,59.163,39.134,8.0,8.0,767.0
69fb90f6a70ee162ad3e28ea,16,martial_arts,QMA01,repeat_long,1,1.0,3,92.209,98.153,5.0,10.0,868.0
69fb90f6a70ee162ad3e28ea,16,martial_arts,QMA02,repeat_long,1,1.0,3,92.209,98.153,5.0,10.0,868.0
69fb90f6a70ee162ad3e28ea,16,martial_arts,QMA03,repeat_long,0,0.5,3,92.209,98.153,5.0,10.0,868.0
69fb90f6a70ee162ad3e28ea,16,martial_arts,QMA04,repeat_long,0,0.0,3,92.209,98.153,5.0,10.0,868.0
69fb90f6a70ee162ad3e28ea,16,martial_arts,QMA05,repeat_long,1,1.0,3,92.209,98.153,5.0,10.0,868.0
69fb90f6a70ee162ad3e28ea,16,fruits_v2,QF_V2_01,repeat_short,1,1.0,2,60.602,105.218,10.0,10.0,868.0
69fb90f6a70ee162ad3e28ea,16,fruits_v2,QF_V2_02,repeat_short,0,0.5,2,60.602,105.218,10.0,10.0,868.0
69fb90f6a70ee162ad3e28ea,16,fruits_v2,QF_V2_03,repeat_short,1,1.0,2,60.602,105.218,10.0,10.0,868.0
69fb90f6a70ee162ad3e28ea,16,fruits_v2,QF_V2_04,repeat_short,1,1.0,2,60.602,105.218,10.0,10.0,868.0
69fb90f6a70ee162ad3e28ea,16,fruits_v2,QF_V2_05,repeat_short,0,0.0,2,60.602,105.218,10.0,10.0,868.0
69fb90f6a70ee162ad3e28ea,16,astronomy,QA01,distractor,0,0.3333333333333333,1,100.124,138.147,8.0,8.0,868.0
69fb90f6a70ee162ad3e28ea,16,astronomy,QA02,distractor,0,0.5,1,100.124,138.147,8.0,8.0,868.0
69fb90f6a70ee162ad3e28ea,16,astronomy,QA03,distractor,0,0.5,1,100.124,138.147,8.0,8.0,868.0
69fb90f6a70ee162ad3e28ea,16,astronomy,QA04,distractor,1,1.0,1,100.124,138.147,8.0,8.0,868.0
69fb90f6a70ee162ad3e28ea,16,astronomy,QA05,distractor,0,0.0,1,100.124,138.147,8.0,8.0,868.0
69fb90f6a70ee162ad3e28ea,16,fabrics,QFB01,control,0,0.5,4,49.529,88.296,10.0,10.0,868.0
69fb90f6a70ee162ad3e28ea,16,fabrics,QFB02,control,0,0.5,4,49.529,88.296,10.0,10.0,868.0
69fb90f6a70ee162ad3e28ea,16,fabrics,QFB03,control,0,0.0,4,49.529,88.296,10.0,10.0,868.0
69fb90f6a70ee162ad3e28ea,16,fabrics,QFB04,control,0,0.0,4,49.529,88.296,10.0,10.0,868.0
69fb90f6a70ee162ad3e28ea,16,fabrics,QFB05,control,0,0.0,4,49.529,88.296,10.0,10.0,868.0
6a138d778eb956786dae2810,20,martial_arts,QMA01,distractor,0,0.0,1,87.687,113.314,6.0,8.0,886.0
6a138d778eb956786dae2810,20,martial_arts,QMA02,distractor,1,1.0,1,87.687,113.314,6.0,8.0,886.0
6a138d778eb956786dae2810,20,martial_arts,QMA03,distractor,0,0.0,1,87.687,113.314,6.0,8.0,886.0
6a138d778eb956786dae2810,20,martial_arts,QMA04,distractor,0,0.0,1,87.687,113.314,6.0,8.0,886.0
6a138d778eb956786dae2810,20,martial_arts,QMA05,distractor,0,0.5,1,87.687,113.314,6.0,8.0,886.0
6a138d778eb956786dae2810,20,fruits_v2,QF_V2_01,control,0,0.0,2,52.892,100.193,6.0,6.0,886.0
6a138d778eb956786dae2810,20,fruits_v2,QF_V2_02,control,0,0.5,2,52.892,100.193,6.0,6.0,886.0
6a138d778eb956786dae2810,20,fruits_v2,QF_V2_03,control,0,0.0,2,52.892,100.193,6.0,6.0,886.0
6a138d778eb956786dae2810,20,fruits_v2,QF_V2_04,control,1,1.0,2,52.892,100.193,6.0,6.0,886.0
6a138d778eb956786dae2810,20,fruits_v2,QF_V2_05,control,1,1.0,2,52.892,100.193,6.0,6.0,886.0
6a138d778eb956786dae2810,20,astronomy,QA01,repeat_long,0,0.6666666666666666,4,89.632,109.111,8.0,7.0,886.0
6a138d778eb956786dae2810,20,astronomy,QA02,repeat_long,1,1.0,4,89.632,109.111,8.0,7.0,886.0
6a138d778eb956786dae2810,20,astronomy,QA03,repeat_long,0,0.5,4,89.632,109.111,8.0,7.0,886.0
6a138d778eb956786dae2810,20,astronomy,QA04,repeat_long,1,1.0,4,89.632,109.111,8.0,7.0,886.0
6a138d778eb956786dae2810,20,astronomy,QA05,repeat_long,0,0.0,4,89.632,109.111,8.0,7.0,886.0
6a138d778eb956786dae2810,20,fabrics,QFB01,repeat_short,0,0.5,3,59.576,74.955,5.0,5.0,886.0
6a138d778eb956786dae2810,20,fabrics,QFB02,repeat_short,1,1.0,3,59.576,74.955,5.0,5.0,886.0
6a138d778eb956786dae2810,20,fabrics,QFB03,repeat_short,1,1.0,3,59.576,74.955,5.0,5.0,886.0
6a138d778eb956786dae2810,20,fabrics,QFB04,repeat_short,1,1.0,3,59.576,74.955,5.0,5.0,886.0
6a138d778eb956786dae2810,20,fabrics,QFB05,repeat_short,0,0.5,3,59.576,74.955,5.0,5.0,886.0
6595744e7ba176139229fe0d,21,martial_arts,QMA01,distractor,0,0.5,3,80.955,83.021,8.0,9.0,854.0
6595744e7ba176139229fe0d,21,martial_arts,QMA02,distractor,0,0.5,3,80.955,83.021,8.0,9.0,854.0
6595744e7ba176139229fe0d,21,martial_arts,QMA03,distractor,0,0.0,3,80.955,83.021,8.0,9.0,854.0
6595744e7ba176139229fe0d,21,martial_arts,QMA04,distractor,1,1.0,3,80.955,83.021,8.0,9.0,854.0
6595744e7ba176139229fe0d,21,martial_arts,QMA05,distractor,0,0.5,3,80.955,83.021,8.0,9.0,854.0
6595744e7ba176139229fe0d,21,fruits_v2,QF_V2_01,repeat_short,0,0.5,4,63.88,82.044,9.0,10.0,854.0
6595744e7ba176139229fe0d,21,fruits_v2,QF_V2_02,repeat_short,0,0.5,4,63.88,82.044,9.0,10.0,854.0
6595744e7ba176139229fe0d,21,fruits_v2,QF_V2_03,repeat_short,0,0.0,4,63.88,82.044,9.0,10.0,854.0
6595744e7ba176139229fe0d,21,fruits_v2,QF_V2_04,repeat_short,0,0.0,4,63.88,82.044,9.0,10.0,854.0
6595744e7ba176139229fe0d,21,fruits_v2,QF_V2_05,repeat_short,1,1.0,4,63.88,82.044,9.0,10.0,854.0
6595744e7ba176139229fe0d,21,astronomy,QA01,control,0,0.6666666666666666,1,57.241,85.023,6.0,8.0,854.0
6595744e7ba176139229fe0d,21,astronomy,QA02,control,0,0.5,1,57.241,85.023,6.0,8.0,854.0
6595744e7ba176139229fe0d,21,astronomy,QA03,control,0,0.5,1,57.241,85.023,6.0,8.0,854.0
6595744e7ba176139229fe0d,21,astronomy,QA04,control,1,1.0,1,57.241,85.023,6.0,8.0,854.0
6595744e7ba176139229fe0d,21,astronomy,QA05,control,0,0.0,1,57.241,85.023,6.0,8.0,854.0
6595744e7ba176139229fe0d,21,fabrics,QFB01,repeat_long,1,1.0,2,74.798,74.25,2.0,3.0,854.0
6595744e7ba176139229fe0d,21,fabrics,QFB02,repeat_long,0,0.5,2,74.798,74.25,2.0,3.0,854.0
6595744e7ba176139229fe0d,21,fabrics,QFB03,repeat_long,1,1.0,2,74.798,74.25,2.0,3.0,854.0
6595744e7ba176139229fe0d,21,fabrics,QFB04,repeat_long,1,1.0,2,74.798,74.25,2.0,3.0,854.0
6595744e7ba176139229fe0d,21,fabrics,QFB05,repeat_long,1,1.0,2,74.798,74.25,2.0,3.0,854.0
5d89106d1719af0001ee23e5,5,martial_arts,QMA01,control,0,0.5,2,63.621,109.199,6.0,5.0,897.0
5d89106d1719af0001ee23e5,5,martial_arts,QMA02,control,1,1.0,2,63.621,109.199,6.0,5.0,897.0
5d89106d1719af0001ee23e5,5,martial_arts,QMA03,control,0,0.0,2,63.621,109.199,6.0,5.0,897.0
5d89106d1719af0001ee23e5,5,martial_arts,QMA04,control,1,1.0,2,63.621,109.199,6.0,5.0,897.0
5d89106d1719af0001ee23e5,5,martial_arts,QMA05,control,0,0.0,2,63.621,109.199,6.0,5.0,897.0
5d89106d1719af0001ee23e5,5,fruits_v2,QF_V2_01,distractor,0,0.0,1,88.543,94.063,10.0,10.0,897.0
5d89106d1719af0001ee23e5,5,fruits_v2,QF_V2_02,distractor,0,0.0,1,88.543,94.063,10.0,10.0,897.0
5d89106d1719af0001ee23e5,5,fruits_v2,QF_V2_03,distractor,0,0.0,1,88.543,94.063,10.0,10.0,897.0
5d89106d1719af0001ee23e5,5,fruits_v2,QF_V2_04,distractor,0,0.0,1,88.543,94.063,10.0,10.0,897.0
5d89106d1719af0001ee23e5,5,fruits_v2,QF_V2_05,distractor,0,0.0,1,88.543,94.063,10.0,10.0,897.0
5d89106d1719af0001ee23e5,5,astronomy,QA01,repeat_short,0,0.3333333333333333,4,73.452,86.702,7.0,7.0,897.0
5d89106d1719af0001ee23e5,5,astronomy,QA02,repeat_short,1,1.0,4,73.452,86.702,7.0,7.0,897.0
5d89106d1719af0001ee23e5,5,astronomy,QA03,repeat_short,1,1.0,4,73.452,86.702,7.0,7.0,897.0
5d89106d1719af0001ee23e5,5,astronomy,QA04,repeat_short,0,0.0,4,73.452,86.702,7.0,7.0,897.0
5d89106d1719af0001ee23e5,5,astronomy,QA05,repeat_short,0,0.0,4,73.452,86.702,7.0,7.0,897.0
5d89106d1719af0001ee23e5,5,fabrics,QFB01,repeat_long,0,0.5,3,71.13,87.297,5.0,5.0,897.0
5d89106d1719af0001ee23e5,5,fabrics,QFB02,repeat_long,1,1.0,3,71.13,87.297,5.0,5.0,897.0
5d89106d1719af0001ee23e5,5,fabrics,QFB03,repeat_long,1,1.0,3,71.13,87.297,5.0,5.0,897.0
5d89106d1719af0001ee23e5,5,fabrics,QFB04,repeat_long,0,0.0,3,71.13,87.297,5.0,5.0,897.0
5d89106d1719af0001ee23e5,5,fabrics,QFB05,repeat_long,1,1.0,3,71.13,87.297,5.0,5.0,897.0
69f2aa9e2889c79592938812,24,martial_arts,QMA01,distractor,0,0.5,2,75.667,101.206,8.0,10.0,857.0
69f2aa9e2889c79592938812,24,martial_arts,QMA02,distractor,0,0.5,2,75.667,101.206,8.0,10.0,857.0
69f2aa9e2889c79592938812,24,martial_arts,QMA03,distractor,0,0.5,2,75.667,101.206,8.0,10.0,857.0
69f2aa9e2889c79592938812,24,martial_arts,QMA04,distractor,1,1.0,2,75.667,101.206,8.0,10.0,857.0
69f2aa9e2889c79592938812,24,martial_arts,QMA05,distractor,0,0.5,2,75.667,101.206,8.0,10.0,857.0
69f2aa9e2889c79592938812,24,fruits_v2,QF_V2_01,repeat_long,0,0.5,4,85.878,117.72,9.0,10.0,857.0
69f2aa9e2889c79592938812,24,fruits_v2,QF_V2_02,repeat_long,0,0.0,4,85.878,117.72,9.0,10.0,857.0
69f2aa9e2889c79592938812,24,fruits_v2,QF_V2_03,repeat_long,0,0.0,4,85.878,117.72,9.0,10.0,857.0
69f2aa9e2889c79592938812,24,fruits_v2,QF_V2_04,repeat_long,0,0.0,4,85.878,117.72,9.0,10.0,857.0
69f2aa9e2889c79592938812,24,fruits_v2,QF_V2_05,repeat_long,0,0.0,4,85.878,117.72,9.0,10.0,857.0
69f2aa9e2889c79592938812,24,astronomy,QA01,repeat_short,1,1.0,3,55.754,97.22,7.0,10.0,857.0
69f2aa9e2889c79592938812,24,astronomy,QA02,repeat_short,0,0.0,3,55.754,97.22,7.0,10.0,857.0
69f2aa9e2889c79592938812,24,astronomy,QA03,repeat_short,0,0.5,3,55.754,97.22,7.0,10.0,857.0
69f2aa9e2889c79592938812,24,astronomy,QA04,repeat_short,0,0.0,3,55.754,97.22,7.0,10.0,857.0
69f2aa9e2889c79592938812,24,astronomy,QA05,repeat_short,0,0.0,3,55.754,97.22,7.0,10.0,857.0
69f2aa9e2889c79592938812,24,fabrics,QFB01,control,0,0.5,1,51.59,132.514,6.0,10.0,857.0
69f2aa9e2889c79592938812,24,fabrics,QFB02,control,0,0.5,1,51.59,132.514,6.0,10.0,857.0
69f2aa9e2889c79592938812,24,fabrics,QFB03,control,1,1.0,1,51.59,132.514,6.0,10.0,857.0
69f2aa9e2889c79592938812,24,fabrics,QFB04,control,0,0.0,1,51.59,132.514,6.0,10.0,857.0
69f2aa9e2889c79592938812,24,fabrics,QFB05,control,0,0.5,1,51.59,132.514,6.0,10.0,857.0
6644b750f83b1ad48d9ce14f,20,martial_arts,QMA01,distractor,1,1.0,4,80.088,47.789,5.0,5.0,598.0
6644b750f83b1ad48d9ce14f,20,martial_arts,QMA02,distractor,0,0.5,4,80.088,47.789,5.0,5.0,598.0
6644b750f83b1ad48d9ce14f,20,martial_arts,QMA03,distractor,0,0.5,4,80.088,47.789,5.0,5.0,598.0
6644b750f83b1ad48d9ce14f,20,martial_arts,QMA04,distractor,1,1.0,4,80.088,47.789,5.0,5.0,598.0
6644b750f83b1ad48d9ce14f,20,martial_arts,QMA05,distractor,0,0.5,4,80.088,47.789,5.0,5.0,598.0
6644b750f83b1ad48d9ce14f,20,fruits_v2,QF_V2_01,control,0,0.5,2,52.261,75.387,5.0,5.0,598.0
6644b750f83b1ad48d9ce14f,20,fruits_v2,QF_V2_02,control,0,0.5,2,52.261,75.387,5.0,5.0,598.0
6644b750f83b1ad48d9ce14f,20,fruits_v2,QF_V2_03,control,1,1.0,2,52.261,75.387,5.0,5.0,598.0
6644b750f83b1ad48d9ce14f,20,fruits_v2,QF_V2_04,control,1,1.0,2,52.261,75.387,5.0,5.0,598.0
6644b750f83b1ad48d9ce14f,20,fruits_v2,QF_V2_05,control,1,1.0,2,52.261,75.387,5.0,5.0,598.0
6644b750f83b1ad48d9ce14f,20,astronomy,QA01,repeat_long,0,0.3333333333333333,1,84.232,64.149,6.0,3.0,598.0
6644b750f83b1ad48d9ce14f,20,astronomy,QA02,repeat_long,1,1.0,1,84.232,64.149,6.0,3.0,598.0
6644b750f83b1ad48d9ce14f,20,astronomy,QA03,repeat_long,0,0.0,1,84.232,64.149,6.0,3.0,598.0
6644b750f83b1ad48d9ce14f,20,astronomy,QA04,repeat_long,0,0.0,1,84.232,64.149,6.0,3.0,598.0
6644b750f83b1ad48d9ce14f,20,astronomy,QA05,repeat_long,0,0.0,1,84.232,64.149,6.0,3.0,598.0
6644b750f83b1ad48d9ce14f,20,fabrics,QFB01,repeat_short,1,1.0,3,58.93,48.332,6.0,8.0,598.0
6644b750f83b1ad48d9ce14f,20,fabrics,QFB02,repeat_short,1,1.0,3,58.93,48.332,6.0,8.0,598.0
6644b750f83b1ad48d9ce14f,20,fabrics,QFB03,repeat_short,1,1.0,3,58.93,48.332,6.0,8.0,598.0
6644b750f83b1ad48d9ce14f,20,fabrics,QFB04,repeat_short,1,1.0,3,58.93,48.332,6.0,8.0,598.0
6644b750f83b1ad48d9ce14f,20,fabrics,QFB05,repeat_short,1,1.0,3,58.93,48.332,6.0,8.0,598.0
678ff81c8c6b56f93355e0bb,2,martial_arts,QMA01,control,1,1.0,3,59.477,69.975,2.0,3.0,764.0
678ff81c8c6b56f93355e0bb,2,martial_arts,QMA02,control,0,0.5,3,59.477,69.975,2.0,3.0,764.0
678ff81c8c6b56f93355e0bb,2,martial_arts,QMA03,control,1,1.0,3,59.477,69.975,2.0,3.0,764.0
678ff81c8c6b56f93355e0bb,2,martial_arts,QMA04,control,1,1.0,3,59.477,69.975,2.0,3.0,764.0
678ff81c8c6b56f93355e0bb,2,martial_arts,QMA05,control,1,1.0,3,59.477,69.975,2.0,3.0,764.0
678ff81c8c6b56f93355e0bb,2,fruits_v2,QF_V2_01,repeat_short,0,0.5,2,59.599,101.254,3.0,3.0,764.0
678ff81c8c6b56f93355e0bb,2,fruits_v2,QF_V2_02,repeat_short,1,1.0,2,59.599,101.254,3.0,3.0,764.0
678ff81c8c6b56f93355e0bb,2,fruits_v2,QF_V2_03,repeat_short,1,1.0,2,59.599,101.254,3.0,3.0,764.0
678ff81c8c6b56f93355e0bb,2,fruits_v2,QF_V2_04,repeat_short,1,1.0,2,59.599,101.254,3.0,3.0,764.0
678ff81c8c6b56f93355e0bb,2,fruits_v2,QF_V2_05,repeat_short,1,1.0,2,59.599,101.254,3.0,3.0,764.0
678ff81c8c6b56f93355e0bb,2,astronomy,QA01,distractor,1,1.0,1,94.17,107.578,4.0,6.0,764.0
678ff81c8c6b56f93355e0bb,2,astronomy,QA02,distractor,0,0.5,1,94.17,107.578,4.0,6.0,764.0
678ff81c8c6b56f93355e0bb,2,astronomy,QA03,distractor,0,0.5,1,94.17,107.578,4.0,6.0,764.0
678ff81c8c6b56f93355e0bb,2,astronomy,QA04,distractor,1,1.0,1,94.17,107.578,4.0,6.0,764.0
678ff81c8c6b56f93355e0bb,2,astronomy,QA05,distractor,0,0.0,1,94.17,107.578,4.0,6.0,764.0
678ff81c8c6b56f93355e0bb,2,fabrics,QFB01,repeat_long,1,1.0,4,69.156,89.25,2.0,3.0,764.0
678ff81c8c6b56f93355e0bb,2,fabrics,QFB02,repeat_long,0,0.5,4,69.156,89.25,2.0,3.0,764.0
678ff81c8c6b56f93355e0bb,2,fabrics,QFB03,repeat_long,1,1.0,4,69.156,89.25,2.0,3.0,764.0
678ff81c8c6b56f93355e0bb,2,fabrics,QFB04,repeat_long,1,1.0,4,69.156,89.25,2.0,3.0,764.0
678ff81c8c6b56f93355e0bb,2,fabrics,QFB05,repeat_long,1,1.0,4,69.156,89.25,2.0,3.0,764.0
69fe1353fdfc5b290e3cd8b5,3,martial_arts,QMA01,control,1,1.0,2,61.394,109.789,10.0,10.0,764.0
69fe1353fdfc5b290e3cd8b5,3,martial_arts,QMA02,control,1,1.0,2,61.394,109.789,10.0,10.0,764.0
69fe1353fdfc5b290e3cd8b5,3,martial_arts,QMA03,control,0,0.0,2,61.394,109.789,10.0,10.0,764.0
69fe1353fdfc5b290e3cd8b5,3,martial_arts,QMA04,control,1,1.0,2,61.394,109.789,10.0,10.0,764.0
69fe1353fdfc5b290e3cd8b5,3,martial_arts,QMA05,control,1,1.0,2,61.394,109.789,10.0,10.0,764.0
69fe1353fdfc5b290e3cd8b5,3,fruits_v2,QF_V2_01,repeat_long,0,0.0,4,84.466,100.97,10.0,10.0,764.0
69fe1353fdfc5b290e3cd8b5,3,fruits_v2,QF_V2_02,repeat_long,1,1.0,4,84.466,100.97,10.0,10.0,764.0
69fe1353fdfc5b290e3cd8b5,3,fruits_v2,QF_V2_03,repeat_long,1,1.0,4,84.466,100.97,10.0,10.0,764.0
69fe1353fdfc5b290e3cd8b5,3,fruits_v2,QF_V2_04,repeat_long,1,1.0,4,84.466,100.97,10.0,10.0,764.0
69fe1353fdfc5b290e3cd8b5,3,fruits_v2,QF_V2_05,repeat_long,1,1.0,4,84.466,100.97,10.0,10.0,764.0
69fe1353fdfc5b290e3cd8b5,3,astronomy,QA01,repeat_short,0,0.3333333333333333,3,56.073,68.693,8.0,9.0,764.0
69fe1353fdfc5b290e3cd8b5,3,astronomy,QA02,repeat_short,1,1.0,3,56.073,68.693,8.0,9.0,764.0
69fe1353fdfc5b290e3cd8b5,3,astronomy,QA03,repeat_short,1,1.0,3,56.073,68.693,8.0,9.0,764.0
69fe1353fdfc5b290e3cd8b5,3,astronomy,QA04,repeat_short,0,0.0,3,56.073,68.693,8.0,9.0,764.0
69fe1353fdfc5b290e3cd8b5,3,astronomy,QA05,repeat_short,0,0.0,3,56.073,68.693,8.0,9.0,764.0
69fe1353fdfc5b290e3cd8b5,3,fabrics,QFB01,distractor,1,1.0,1,75.328,88.786,8.0,8.0,764.0
69fe1353fdfc5b290e3cd8b5,3,fabrics,QFB02,distractor,0,0.5,1,75.328,88.786,8.0,8.0,764.0
69fe1353fdfc5b290e3cd8b5,3,fabrics,QFB03,distractor,1,1.0,1,75.328,88.786,8.0,8.0,764.0
69fe1353fdfc5b290e3cd8b5,3,fabrics,QFB04,distractor,0,0.0,1,75.328,88.786,8.0,8.0,764.0
69fe1353fdfc5b290e3cd8b5,3,fabrics,QFB05,distractor,1,1.0,1,75.328,88.786,8.0,8.0,764.0
6a26168b5e9d98f78e4b936e,4,martial_arts,QMA01,control,1,1.0,3,60.968,59.433,3.0,6.0,646.0
6a26168b5e9d98f78e4b936e,4,martial_arts,QMA02,control,0,0.5,3,60.968,59.433,3.0,6.0,646.0
6a26168b5e9d98f78e4b936e,4,martial_arts,QMA03,control,0,0.5,3,60.968,59.433,3.0,6.0,646.0
6a26168b5e9d98f78e4b936e,4,martial_arts,QMA04,control,1,1.0,3,60.968,59.433,3.0,6.0,646.0
6a26168b5e9d98f78e4b936e,4,martial_arts,QMA05,control,1,1.0,3,60.968,59.433,3.0,6.0,646.0
6a26168b5e9d98f78e4b936e,4,fruits_v2,QF_V2_01,repeat_long,1,1.0,2,84.259,61.671,4.0,5.0,646.0
6a26168b5e9d98f78e4b936e,4,fruits_v2,QF_V2_02,repeat_long,1,1.0,2,84.259,61.671,4.0,5.0,646.0
6a26168b5e9d98f78e4b936e,4,fruits_v2,QF_V2_03,repeat_long,1,1.0,2,84.259,61.671,4.0,5.0,646.0
6a26168b5e9d98f78e4b936e,4,fruits_v2,QF_V2_04,repeat_long,0,0.0,2,84.259,61.671,4.0,5.0,646.0
6a26168b5e9d98f78e4b936e,4,fruits_v2,QF_V2_05,repeat_long,0,0.0,2,84.259,61.671,4.0,5.0,646.0
6a26168b5e9d98f78e4b936e,4,astronomy,QA01,distractor,0,0.6666666666666666,1,100.305,53.819,5.0,7.0,646.0
6a26168b5e9d98f78e4b936e,4,astronomy,QA02,distractor,0,0.5,1,100.305,53.819,5.0,7.0,646.0
6a26168b5e9d98f78e4b936e,4,astronomy,QA03,distractor,1,1.0,1,100.305,53.819,5.0,7.0,646.0
6a26168b5e9d98f78e4b936e,4,astronomy,QA04,distractor,0,0.0,1,100.305,53.819,5.0,7.0,646.0
6a26168b5e9d98f78e4b936e,4,astronomy,QA05,distractor,0,0.0,1,100.305,53.819,5.0,7.0,646.0
6a26168b5e9d98f78e4b936e,4,fabrics,QFB01,repeat_short,0,0.5,4,54.093,48.411,4.0,7.0,646.0
6a26168b5e9d98f78e4b936e,4,fabrics,QFB02,repeat_short,1,1.0,4,54.093,48.411,4.0,7.0,646.0
6a26168b5e9d98f78e4b936e,4,fabrics,QFB03,repeat_short,0,0.0,4,54.093,48.411,4.0,7.0,646.0
6a26168b5e9d98f78e4b936e,4,fabrics,QFB04,repeat_short,0,0.0,4,54.093,48.411,4.0,7.0,646.0
6a26168b5e9d98f78e4b936e,4,fabrics,QFB05,repeat_short,1,1.0,4,54.093,48.411,4.0,7.0,646.0
585aefed73f2620001c21d75,19,martial_arts,QMA01,distractor,1,1.0,2,77.369,89.694,10.0,10.0,883.0
585aefed73f2620001c21d75,19,martial_arts,QMA02,distractor,0,0.5,2,77.369,89.694,10.0,10.0,883.0
585aefed73f2620001c21d75,19,martial_arts,QMA03,distractor,0,0.0,2,77.369,89.694,10.0,10.0,883.0
585aefed73f2620001c21d75,19,martial_arts,QMA04,distractor,1,1.0,2,77.369,89.694,10.0,10.0,883.0
585aefed73f2620001c21d75,19,martial_arts,QMA05,distractor,1,1.0,2,77.369,89.694,10.0,10.0,883.0
585aefed73f2620001c21d75,19,fruits_v2,QF_V2_01,control,0,0.5,1,54.435,154.675,10.0,9.0,883.0
585aefed73f2620001c21d75,19,fruits_v2,QF_V2_02,control,0,0.5,1,54.435,154.675,10.0,9.0,883.0
585aefed73f2620001c21d75,19,fruits_v2,QF_V2_03,control,0,0.0,1,54.435,154.675,10.0,9.0,883.0
585aefed73f2620001c21d75,19,fruits_v2,QF_V2_04,control,1,1.0,1,54.435,154.675,10.0,9.0,883.0
585aefed73f2620001c21d75,19,fruits_v2,QF_V2_05,control,1,1.0,1,54.435,154.675,10.0,9.0,883.0
585aefed73f2620001c21d75,19,astronomy,QA01,repeat_short,0,0.6666666666666666,3,57.707,96.225,10.0,10.0,883.0
585aefed73f2620001c21d75,19,astronomy,QA02,repeat_short,1,1.0,3,57.707,96.225,10.0,10.0,883.0
585aefed73f2620001c21d75,19,astronomy,QA03,repeat_short,0,0.5,3,57.707,96.225,10.0,10.0,883.0
585aefed73f2620001c21d75,19,astronomy,QA04,repeat_short,0,0.0,3,57.707,96.225,10.0,10.0,883.0
585aefed73f2620001c21d75,19,astronomy,QA05,repeat_short,0,0.0,3,57.707,96.225,10.0,10.0,883.0
585aefed73f2620001c21d75,19,fabrics,QFB01,repeat_long,1,1.0,4,73.879,72.517,8.0,7.0,883.0
585aefed73f2620001c21d75,19,fabrics,QFB02,repeat_long,0,0.5,4,73.879,72.517,8.0,7.0,883.0
585aefed73f2620001c21d75,19,fabrics,QFB03,repeat_long,1,1.0,4,73.879,72.517,8.0,7.0,883.0
585aefed73f2620001c21d75,19,fabrics,QFB04,repeat_long,1,1.0,4,73.879,72.517,8.0,7.0,883.0
585aefed73f2620001c21d75,19,fabrics,QFB05,repeat_long,1,1.0,4,73.879,72.517,8.0,7.0,883.0
5f467b0a0d1aef037515c8c9,20,martial_arts,QMA01,distractor,1,1.0,2,79.377,80.352,5.0,5.0,827.0
5f467b0a0d1aef037515c8c9,20,martial_arts,QMA02,distractor,1,1.0,2,79.377,80.352,5.0,5.0,827.0
5f467b0a0d1aef037515c8c9,20,martial_arts,QMA03,distractor,0,0.0,2,79.377,80.352,5.0,5.0,827.0
5f467b0a0d1aef037515c8c9,20,martial_arts,QMA04,distractor,1,1.0,2,79.377,80.352,5.0,5.0,827.0
5f467b0a0d1aef037515c8c9,20,martial_arts,QMA05,distractor,1,1.0,2,79.377,80.352,5.0,5.0,827.0
5f467b0a0d1aef037515c8c9,20,fruits_v2,QF_V2_01,control,0,0.0,4,51.616,84.779,9.0,9.0,827.0
5f467b0a0d1aef037515c8c9,20,fruits_v2,QF_V2_02,control,0,0.0,4,51.616,84.779,9.0,9.0,827.0
5f467b0a0d1aef037515c8c9,20,fruits_v2,QF_V2_03,control,1,1.0,4,51.616,84.779,9.0,9.0,827.0
5f467b0a0d1aef037515c8c9,20,fruits_v2,QF_V2_04,control,1,1.0,4,51.616,84.779,9.0,9.0,827.0
5f467b0a0d1aef037515c8c9,20,fruits_v2,QF_V2_05,control,0,0.0,4,51.616,84.779,9.0,9.0,827.0
5f467b0a0d1aef037515c8c9,20,astronomy,QA01,repeat_long,1,1.0,1,82.346,80.283,5.0,5.0,827.0
5f467b0a0d1aef037515c8c9,20,astronomy,QA02,repeat_long,0,0.5,1,82.346,80.283,5.0,5.0,827.0
5f467b0a0d1aef037515c8c9,20,astronomy,QA03,repeat_long,0,0.5,1,82.346,80.283,5.0,5.0,827.0
5f467b0a0d1aef037515c8c9,20,astronomy,QA04,repeat_long,1,1.0,1,82.346,80.283,5.0,5.0,827.0
5f467b0a0d1aef037515c8c9,20,astronomy,QA05,repeat_long,0,0.0,1,82.346,80.283,5.0,5.0,827.0
5f467b0a0d1aef037515c8c9,20,fabrics,QFB01,repeat_short,0,0.5,3,54.755,79.096,8.0,8.0,827.0
5f467b0a0d1aef037515c8c9,20,fabrics,QFB02,repeat_short,0,0.0,3,54.755,79.096,8.0,8.0,827.0
5f467b0a0d1aef037515c8c9,20,fabrics,QFB03,repeat_short,1,1.0,3,54.755,79.096,8.0,8.0,827.0
5f467b0a0d1aef037515c8c9,20,fabrics,QFB04,repeat_short,0,0.0,3,54.755,79.096,8.0,8.0,827.0
5f467b0a0d1aef037515c8c9,20,fabrics,QFB05,repeat_short,1,1.0,3,54.755,79.096,8.0,8.0,827.0
6a0f46ab9fbfcb5f5b210147,8,martial_arts,QMA01,repeat_short,0,0.0,3,61.073,86.34,7.0,7.0,743.0
6a0f46ab9fbfcb5f5b210147,8,martial_arts,QMA02,repeat_short,0,0.5,3,61.073,86.34,7.0,7.0,743.0
6a0f46ab9fbfcb5f5b210147,8,martial_arts,QMA03,repeat_short,0,0.0,3,61.073,86.34,7.0,7.0,743.0
6a0f46ab9fbfcb5f5b210147,8,martial_arts,QMA04,repeat_short,1,1.0,3,61.073,86.34,7.0,7.0,743.0
6a0f46ab9fbfcb5f5b210147,8,martial_arts,QMA05,repeat_short,0,0.0,3,61.073,86.34,7.0,7.0,743.0
6a0f46ab9fbfcb5f5b210147,8,fruits_v2,QF_V2_01,control,0,0.5,1,54.707,74.723,6.0,4.0,743.0
6a0f46ab9fbfcb5f5b210147,8,fruits_v2,QF_V2_02,control,0,0.5,1,54.707,74.723,6.0,4.0,743.0
6a0f46ab9fbfcb5f5b210147,8,fruits_v2,QF_V2_03,control,1,1.0,1,54.707,74.723,6.0,4.0,743.0
6a0f46ab9fbfcb5f5b210147,8,fruits_v2,QF_V2_04,control,1,1.0,1,54.707,74.723,6.0,4.0,743.0
6a0f46ab9fbfcb5f5b210147,8,fruits_v2,QF_V2_05,control,0,0.0,1,54.707,74.723,6.0,4.0,743.0
6a0f46ab9fbfcb5f5b210147,8,astronomy,QA01,distractor,0,0.3333333333333333,4,95.431,73.541,4.0,3.0,743.0
6a0f46ab9fbfcb5f5b210147,8,astronomy,QA02,distractor,0,0.5,4,95.431,73.541,4.0,3.0,743.0
6a0f46ab9fbfcb5f5b210147,8,astronomy,QA03,distractor,0,0.5,4,95.431,73.541,4.0,3.0,743.0
6a0f46ab9fbfcb5f5b210147,8,astronomy,QA04,distractor,1,1.0,4,95.431,73.541,4.0,3.0,743.0
6a0f46ab9fbfcb5f5b210147,8,astronomy,QA05,distractor,0,0.0,4,95.431,73.541,4.0,3.0,743.0
6a0f46ab9fbfcb5f5b210147,8,fabrics,QFB01,repeat_long,0,0.5,2,73.061,64.692,3.0,7.0,743.0
6a0f46ab9fbfcb5f5b210147,8,fabrics,QFB02,repeat_long,1,1.0,2,73.061,64.692,3.0,7.0,743.0
6a0f46ab9fbfcb5f5b210147,8,fabrics,QFB03,repeat_long,1,1.0,2,73.061,64.692,3.0,7.0,743.0
6a0f46ab9fbfcb5f5b210147,8,fabrics,QFB04,repeat_long,0,0.0,2,73.061,64.692,3.0,7.0,743.0
6a0f46ab9fbfcb5f5b210147,8,fabrics,QFB05,repeat_long,0,0.5,2,73.061,64.692,3.0,7.0,743.0
5eaf2b7e05ff7862e21e9d3b,4,martial_arts,QMA01,control,0,0.0,2,64.435,131.282,3.0,7.0,900.0
5eaf2b7e05ff7862e21e9d3b,4,martial_arts,QMA02,control,0,0.5,2,64.435,131.282,3.0,7.0,900.0
5eaf2b7e05ff7862e21e9d3b,4,martial_arts,QMA03,control,0,0.5,2,64.435,131.282,3.0,7.0,900.0
5eaf2b7e05ff7862e21e9d3b,4,martial_arts,QMA04,control,0,0.0,2,64.435,131.282,3.0,7.0,900.0
5eaf2b7e05ff7862e21e9d3b,4,martial_arts,QMA05,control,0,0.5,2,64.435,131.282,3.0,7.0,900.0
5eaf2b7e05ff7862e21e9d3b,4,fruits_v2,QF_V2_01,repeat_long,1,1.0,1,90.39,110.726,4.0,8.0,900.0
5eaf2b7e05ff7862e21e9d3b,4,fruits_v2,QF_V2_02,repeat_long,1,1.0,1,90.39,110.726,4.0,8.0,900.0
5eaf2b7e05ff7862e21e9d3b,4,fruits_v2,QF_V2_03,repeat_long,1,1.0,1,90.39,110.726,4.0,8.0,900.0
5eaf2b7e05ff7862e21e9d3b,4,fruits_v2,QF_V2_04,repeat_long,1,1.0,1,90.39,110.726,4.0,8.0,900.0
5eaf2b7e05ff7862e21e9d3b,4,fruits_v2,QF_V2_05,repeat_long,1,1.0,1,90.39,110.726,4.0,8.0,900.0
5eaf2b7e05ff7862e21e9d3b,4,astronomy,QA01,distractor,0,0.6666666666666666,4,94.252,122.872,2.0,7.0,900.0
5eaf2b7e05ff7862e21e9d3b,4,astronomy,QA02,distractor,1,1.0,4,94.252,122.872,2.0,7.0,900.0
5eaf2b7e05ff7862e21e9d3b,4,astronomy,QA03,distractor,1,1.0,4,94.252,122.872,2.0,7.0,900.0
5eaf2b7e05ff7862e21e9d3b,4,astronomy,QA04,distractor,1,1.0,4,94.252,122.872,2.0,7.0,900.0
5eaf2b7e05ff7862e21e9d3b,4,astronomy,QA05,distractor,0,0.0,4,94.252,122.872,2.0,7.0,900.0
5eaf2b7e05ff7862e21e9d3b,4,fabrics,QFB01,repeat_short,0,0.5,3,56.205,93.611,2.0,5.0,900.0
5eaf2b7e05ff7862e21e9d3b,4,fabrics,QFB02,repeat_short,0,0.5,3,56.205,93.611,2.0,5.0,900.0
5eaf2b7e05ff7862e21e9d3b,4,fabrics,QFB03,repeat_short,1,1.0,3,56.205,93.611,2.0,5.0,900.0
5eaf2b7e05ff7862e21e9d3b,4,fabrics,QFB04,repeat_short,1,1.0,3,56.205,93.611,2.0,5.0,900.0
5eaf2b7e05ff7862e21e9d3b,4,fabrics,QFB05,repeat_short,1,1.0,3,56.205,93.611,2.0,5.0,900.0
69af325ab00a2c61b1485ac4,17,martial_arts,QMA01,repeat_long,1,1.0,1,92.289,100.425,8.0,4.0,941.0
69af325ab00a2c61b1485ac4,17,martial_arts,QMA02,repeat_long,1,1.0,1,92.289,100.425,8.0,4.0,941.0
69af325ab00a2c61b1485ac4,17,martial_arts,QMA03,repeat_long,0,0.5,1,92.289,100.425,8.0,4.0,941.0
69af325ab00a2c61b1485ac4,17,martial_arts,QMA04,repeat_long,1,1.0,1,92.289,100.425,8.0,4.0,941.0
69af325ab00a2c61b1485ac4,17,martial_arts,QMA05,repeat_long,0,0.5,1,92.289,100.425,8.0,4.0,941.0
69af325ab00a2c61b1485ac4,17,fruits_v2,QF_V2_01,distractor,0,0.0,2,83.269,206.479,8.0,9.0,941.0
69af325ab00a2c61b1485ac4,17,fruits_v2,QF_V2_02,distractor,0,0.5,2,83.269,206.479,8.0,9.0,941.0
69af325ab00a2c61b1485ac4,17,fruits_v2,QF_V2_03,distractor,1,1.0,2,83.269,206.479,8.0,9.0,941.0
69af325ab00a2c61b1485ac4,17,fruits_v2,QF_V2_04,distractor,0,0.0,2,83.269,206.479,8.0,9.0,941.0
69af325ab00a2c61b1485ac4,17,fruits_v2,QF_V2_05,distractor,0,0.0,2,83.269,206.479,8.0,9.0,941.0
69af325ab00a2c61b1485ac4,17,astronomy,QA01,control,1,1.0,3,52.173,88.947,1.0,3.0,941.0
69af325ab00a2c61b1485ac4,17,astronomy,QA02,control,1,1.0,3,52.173,88.947,1.0,3.0,941.0
69af325ab00a2c61b1485ac4,17,astronomy,QA03,control,0,0.5,3,52.173,88.947,1.0,3.0,941.0
69af325ab00a2c61b1485ac4,17,astronomy,QA04,control,1,1.0,3,52.173,88.947,1.0,3.0,941.0
69af325ab00a2c61b1485ac4,17,astronomy,QA05,control,1,1.0,3,52.173,88.947,1.0,3.0,941.0
69af325ab00a2c61b1485ac4,17,fabrics,QFB01,repeat_short,0,0.5,4,53.97,96.387,1.0,1.0,941.0
69af325ab00a2c61b1485ac4,17,fabrics,QFB02,repeat_short,0,0.5,4,53.97,96.387,1.0,1.0,941.0
69af325ab00a2c61b1485ac4,17,fabrics,QFB03,repeat_short,1,1.0,4,53.97,96.387,1.0,1.0,941.0
69af325ab00a2c61b1485ac4,17,fabrics,QFB04,repeat_short,1,1.0,4,53.97,96.387,1.0,1.0,941.0
69af325ab00a2c61b1485ac4,17,fabrics,QFB05,repeat_short,1,1.0,4,53.97,96.387,1.0,1.0,941.0
5c38def3f451bf0001d9c01e,14,martial_arts,QMA01,repeat_long,1,1.0,2,92.105,75.686,7.0,7.0,867.0
5c38def3f451bf0001d9c01e,14,martial_arts,QMA02,repeat_long,0,0.5,2,92.105,75.686,7.0,7.0,867.0
5c38def3f451bf0001d9c01e,14,martial_arts,QMA03,repeat_long,1,1.0,2,92.105,75.686,7.0,7.0,867.0
5c38def3f451bf0001d9c01e,14,martial_arts,QMA04,repeat_long,1,1.0,2,92.105,75.686,7.0,7.0,867.0
5c38def3f451bf0001d9c01e,14,martial_arts,QMA05,repeat_long,0,0.5,2,92.105,75.686,7.0,7.0,867.0
5c38def3f451bf0001d9c01e,14,fruits_v2,QF_V2_01,control,0,0.0,3,52.941,95.006,8.0,8.0,867.0
5c38def3f451bf0001d9c01e,14,fruits_v2,QF_V2_02,control,0,0.5,3,52.941,95.006,8.0,8.0,867.0
5c38def3f451bf0001d9c01e,14,fruits_v2,QF_V2_03,control,1,1.0,3,52.941,95.006,8.0,8.0,867.0
5c38def3f451bf0001d9c01e,14,fruits_v2,QF_V2_04,control,1,1.0,3,52.941,95.006,8.0,8.0,867.0
5c38def3f451bf0001d9c01e,14,fruits_v2,QF_V2_05,control,0,0.0,3,52.941,95.006,8.0,8.0,867.0
5c38def3f451bf0001d9c01e,14,astronomy,QA01,distractor,0,0.6666666666666666,4,95.426,68.428,8.0,9.0,867.0
5c38def3f451bf0001d9c01e,14,astronomy,QA02,distractor,0,0.5,4,95.426,68.428,8.0,9.0,867.0
5c38def3f451bf0001d9c01e,14,astronomy,QA03,distractor,0,0.5,4,95.426,68.428,8.0,9.0,867.0
5c38def3f451bf0001d9c01e,14,astronomy,QA04,distractor,0,0.0,4,95.426,68.428,8.0,9.0,867.0
5c38def3f451bf0001d9c01e,14,astronomy,QA05,distractor,0,0.0,4,95.426,68.428,8.0,9.0,867.0
5c38def3f451bf0001d9c01e,14,fabrics,QFB01,repeat_short,0,0.0,1,57.713,62.874,8.0,8.0,867.0
5c38def3f451bf0001d9c01e,14,fabrics,QFB02,repeat_short,0,0.5,1,57.713,62.874,8.0,8.0,867.0
5c38def3f451bf0001d9c01e,14,fabrics,QFB03,repeat_short,1,1.0,1,57.713,62.874,8.0,8.0,867.0
5c38def3f451bf0001d9c01e,14,fabrics,QFB04,repeat_short,0,0.0,1,57.713,62.874,8.0,8.0,867.0
5c38def3f451bf0001d9c01e,14,fabrics,QFB05,repeat_short,0,0.5,1,57.713,62.874,8.0,8.0,867.0
65cb7e57f253306997b3f5b1,14,martial_arts,QMA01,repeat_long,1,1.0,3,90.349,77.078,5.0,6.0,867.0
65cb7e57f253306997b3f5b1,14,martial_arts,QMA02,repeat_long,0,0.5,3,90.349,77.078,5.0,6.0,867.0
65cb7e57f253306997b3f5b1,14,martial_arts,QMA03,repeat_long,0,0.0,3,90.349,77.078,5.0,6.0,867.0
65cb7e57f253306997b3f5b1,14,martial_arts,QMA04,repeat_long,1,1.0,3,90.349,77.078,5.0,6.0,867.0
65cb7e57f253306997b3f5b1,14,martial_arts,QMA05,repeat_long,0,0.0,3,90.349,77.078,5.0,6.0,867.0
65cb7e57f253306997b3f5b1,14,fruits_v2,QF_V2_01,control,0,0.5,4,50.411,97.802,6.0,6.0,867.0
65cb7e57f253306997b3f5b1,14,fruits_v2,QF_V2_02,control,1,1.0,4,50.411,97.802,6.0,6.0,867.0
65cb7e57f253306997b3f5b1,14,fruits_v2,QF_V2_03,control,1,1.0,4,50.411,97.802,6.0,6.0,867.0
65cb7e57f253306997b3f5b1,14,fruits_v2,QF_V2_04,control,1,1.0,4,50.411,97.802,6.0,6.0,867.0
65cb7e57f253306997b3f5b1,14,fruits_v2,QF_V2_05,control,1,1.0,4,50.411,97.802,6.0,6.0,867.0
65cb7e57f253306997b3f5b1,14,astronomy,QA01,distractor,0,0.0,1,107.937,134.205,7.0,8.0,867.0
65cb7e57f253306997b3f5b1,14,astronomy,QA02,distractor,0,0.0,1,107.937,134.205,7.0,8.0,867.0
65cb7e57f253306997b3f5b1,14,astronomy,QA03,distractor,1,1.0,1,107.937,134.205,7.0,8.0,867.0
65cb7e57f253306997b3f5b1,14,astronomy,QA04,distractor,0,0.0,1,107.937,134.205,7.0,8.0,867.0
65cb7e57f253306997b3f5b1,14,astronomy,QA05,distractor,0,0.0,1,107.937,134.205,7.0,8.0,867.0
65cb7e57f253306997b3f5b1,14,fabrics,QFB01,repeat_short,0,0.5,2,58.941,120.377,6.0,7.0,867.0
65cb7e57f253306997b3f5b1,14,fabrics,QFB02,repeat_short,1,1.0,2,58.941,120.377,6.0,7.0,867.0
65cb7e57f253306997b3f5b1,14,fabrics,QFB03,repeat_short,1,1.0,2,58.941,120.377,6.0,7.0,867.0
65cb7e57f253306997b3f5b1,14,fabrics,QFB04,repeat_short,1,1.0,2,58.941,120.377,6.0,7.0,867.0
65cb7e57f253306997b3f5b1,14,fabrics,QFB05,repeat_short,1,1.0,2,58.941,120.377,6.0,7.0,867.0
65172c25c4118007d8a75184,5,martial_arts,QMA01,control,0,0.0,4,66.134,82.148,9.0,9.0,921.0
65172c25c4118007d8a75184,5,martial_arts,QMA02,control,0,0.5,4,66.134,82.148,9.0,9.0,921.0
65172c25c4118007d8a75184,5,martial_arts,QMA03,control,0,0.5,4,66.134,82.148,9.0,9.0,921.0
65172c25c4118007d8a75184,5,martial_arts,QMA04,control,0,0.0,4,66.134,82.148,9.0,9.0,921.0
65172c25c4118007d8a75184,5,martial_arts,QMA05,control,0,0.0,4,66.134,82.148,9.0,9.0,921.0
65172c25c4118007d8a75184,5,fruits_v2,QF_V2_01,distractor,0,0.5,3,84.661,231.153,8.0,8.0,921.0
65172c25c4118007d8a75184,5,fruits_v2,QF_V2_02,distractor,0,0.0,3,84.661,231.153,8.0,8.0,921.0
65172c25c4118007d8a75184,5,fruits_v2,QF_V2_03,distractor,0,0.0,3,84.661,231.153,8.0,8.0,921.0
65172c25c4118007d8a75184,5,fruits_v2,QF_V2_04,distractor,0,0.0,3,84.661,231.153,8.0,8.0,921.0
65172c25c4118007d8a75184,5,fruits_v2,QF_V2_05,distractor,0,0.0,3,84.661,231.153,8.0,8.0,921.0
65172c25c4118007d8a75184,5,astronomy,QA01,repeat_short,0,0.3333333333333333,2,58.783,44.892,7.0,7.0,921.0
65172c25c4118007d8a75184,5,astronomy,QA02,repeat_short,0,0.5,2,58.783,44.892,7.0,7.0,921.0
65172c25c4118007d8a75184,5,astronomy,QA03,repeat_short,0,0.5,2,58.783,44.892,7.0,7.0,921.0
65172c25c4118007d8a75184,5,astronomy,QA04,repeat_short,1,1.0,2,58.783,44.892,7.0,7.0,921.0
65172c25c4118007d8a75184,5,astronomy,QA05,repeat_short,0,0.0,2,58.783,44.892,7.0,7.0,921.0
65172c25c4118007d8a75184,5,fabrics,QFB01,repeat_long,0,0.0,1,85.022,58.319,4.0,6.0,921.0
65172c25c4118007d8a75184,5,fabrics,QFB02,repeat_long,0,0.5,1,85.022,58.319,4.0,6.0,921.0
65172c25c4118007d8a75184,5,fabrics,QFB03,repeat_long,1,1.0,1,85.022,58.319,4.0,6.0,921.0
65172c25c4118007d8a75184,5,fabrics,QFB04,repeat_long,0,0.0,1,85.022,58.319,4.0,6.0,921.0
65172c25c4118007d8a75184,5,fabrics,QFB05,repeat_long,1,1.0,1,85.022,58.319,4.0,6.0,921.0
5a947fb0f05361000171b5a3,3,martial_arts,QMA01,control,1,1.0,3,64.07,58.324,6.0,6.0,770.0
5a947fb0f05361000171b5a3,3,martial_arts,QMA02,control,1,1.0,3,64.07,58.324,6.0,6.0,770.0
5a947fb0f05361000171b5a3,3,martial_arts,QMA03,control,0,0.5,3,64.07,58.324,6.0,6.0,770.0
5a947fb0f05361000171b5a3,3,martial_arts,QMA04,control,1,1.0,3,64.07,58.324,6.0,6.0,770.0
5a947fb0f05361000171b5a3,3,martial_arts,QMA05,control,1,1.0,3,64.07,58.324,6.0,6.0,770.0
5a947fb0f05361000171b5a3,3,fabrics,QFB01,distractor,1,1.0,1,162.606,117.3,6.0,7.0,770.0
5a947fb0f05361000171b5a3,3,fabrics,QFB02,distractor,0,0.5,1,162.606,117.3,6.0,7.0,770.0
5a947fb0f05361000171b5a3,3,fabrics,QFB03,distractor,1,1.0,1,162.606,117.3,6.0,7.0,770.0
5a947fb0f05361000171b5a3,3,fabrics,QFB04,distractor,1,1.0,1,162.606,117.3,6.0,7.0,770.0
5a947fb0f05361000171b5a3,3,fabrics,QFB05,distractor,1,1.0,1,162.606,117.3,6.0,7.0,770.0
5f4a187b40b01f589fe766eb,3,martial_arts,QMA01,control,0,0.0,1,60.582,89.317,8.0,7.0,750.0
5f4a187b40b01f589fe766eb,3,martial_arts,QMA02,control,0,0.5,1,60.582,89.317,8.0,7.0,750.0
5f4a187b40b01f589fe766eb,3,martial_arts,QMA03,control,0,0.0,1,60.582,89.317,8.0,7.0,750.0
5f4a187b40b01f589fe766eb,3,martial_arts,QMA04,control,1,1.0,1,60.582,89.317,8.0,7.0,750.0
5f4a187b40b01f589fe766eb,3,martial_arts,QMA05,control,0,0.0,1,60.582,89.317,8.0,7.0,750.0
5f4a187b40b01f589fe766eb,3,fruits_v2,QF_V2_01,repeat_long,0,0.5,4,86.101,105.001,6.0,8.0,750.0
5f4a187b40b01f589fe766eb,3,fruits_v2,QF_V2_02,repeat_long,0,0.0,4,86.101,105.001,6.0,8.0,750.0
5f4a187b40b01f589fe766eb,3,fruits_v2,QF_V2_03,repeat_long,1,1.0,4,86.101,105.001,6.0,8.0,750.0
5f4a187b40b01f589fe766eb,3,fruits_v2,QF_V2_04,repeat_long,0,0.0,4,86.101,105.001,6.0,8.0,750.0
5f4a187b40b01f589fe766eb,3,fruits_v2,QF_V2_05,repeat_long,0,0.0,4,86.101,105.001,6.0,8.0,750.0
5f4a187b40b01f589fe766eb,3,astronomy,QA01,repeat_short,0,0.3333333333333333,2,63.258,129.762,6.0,6.0,750.0
5f4a187b40b01f589fe766eb,3,astronomy,QA02,repeat_short,0,0.0,2,63.258,129.762,6.0,6.0,750.0
5f4a187b40b01f589fe766eb,3,astronomy,QA03,repeat_short,0,0.0,2,63.258,129.762,6.0,6.0,750.0
5f4a187b40b01f589fe766eb,3,astronomy,QA04,repeat_short,1,1.0,2,63.258,129.762,6.0,6.0,750.0
5f4a187b40b01f589fe766eb,3,astronomy,QA05,repeat_short,0,0.0,2,63.258,129.762,6.0,6.0,750.0
657f8d99678be2d216a85c3d,7,martial_arts,QMA01,repeat_short,1,1.0,1,60.361,74.74,7.0,9.0,762.0
657f8d99678be2d216a85c3d,7,martial_arts,QMA02,repeat_short,0,0.5,1,60.361,74.74,7.0,9.0,762.0
657f8d99678be2d216a85c3d,7,martial_arts,QMA03,repeat_short,0,0.0,1,60.361,74.74,7.0,9.0,762.0
657f8d99678be2d216a85c3d,7,martial_arts,QMA04,repeat_short,1,1.0,1,60.361,74.74,7.0,9.0,762.0
657f8d99678be2d216a85c3d,7,martial_arts,QMA05,repeat_short,1,1.0,1,60.361,74.74,7.0,9.0,762.0
657f8d99678be2d216a85c3d,7,fruits_v2,QF_V2_01,control,0,0.5,2,48.963,68.358,10.0,10.0,762.0
657f8d99678be2d216a85c3d,7,fruits_v2,QF_V2_02,control,0,0.0,2,48.963,68.358,10.0,10.0,762.0
657f8d99678be2d216a85c3d,7,fruits_v2,QF_V2_03,control,0,0.0,2,48.963,68.358,10.0,10.0,762.0
657f8d99678be2d216a85c3d,7,fruits_v2,QF_V2_04,control,0,0.0,2,48.963,68.358,10.0,10.0,762.0
657f8d99678be2d216a85c3d,7,fruits_v2,QF_V2_05,control,0,0.0,2,48.963,68.358,10.0,10.0,762.0
657f8d99678be2d216a85c3d,7,astronomy,QA01,repeat_long,0,0.3333333333333333,3,79.369,55.357,8.0,9.0,762.0
657f8d99678be2d216a85c3d,7,astronomy,QA02,repeat_long,1,1.0,3,79.369,55.357,8.0,9.0,762.0
657f8d99678be2d216a85c3d,7,astronomy,QA03,repeat_long,0,0.5,3,79.369,55.357,8.0,9.0,762.0
657f8d99678be2d216a85c3d,7,astronomy,QA04,repeat_long,1,1.0,3,79.369,55.357,8.0,9.0,762.0
657f8d99678be2d216a85c3d,7,astronomy,QA05,repeat_long,0,0.0,3,79.369,55.357,8.0,9.0,762.0
657f8d99678be2d216a85c3d,7,fabrics,QFB01,distractor,0,0.0,4,73.685,115.856,10.0,10.0,762.0
657f8d99678be2d216a85c3d,7,fabrics,QFB02,distractor,0,0.5,4,73.685,115.856,10.0,10.0,762.0
657f8d99678be2d216a85c3d,7,fabrics,QFB03,distractor,1,1.0,4,73.685,115.856,10.0,10.0,762.0
657f8d99678be2d216a85c3d,7,fabrics,QFB04,distractor,0,0.0,4,73.685,115.856,10.0,10.0,762.0
657f8d99678be2d216a85c3d,7,fabrics,QFB05,distractor,0,0.5,4,73.685,115.856,10.0,10.0,762.0
6610490691f72e42aa124c90,9,martial_arts,QMA01,repeat_short,1,1.0,4,60.551,89.995,10.0,10.0,996.0
6610490691f72e42aa124c90,9,martial_arts,QMA02,repeat_short,0,0.5,4,60.551,89.995,10.0,10.0,996.0
6610490691f72e42aa124c90,9,martial_arts,QMA03,repeat_short,1,1.0,4,60.551,89.995,10.0,10.0,996.0
6610490691f72e42aa124c90,9,martial_arts,QMA04,repeat_short,1,1.0,4,60.551,89.995,10.0,10.0,996.0
6610490691f72e42aa124c90,9,martial_arts,QMA05,repeat_short,0,0.0,4,60.551,89.995,10.0,10.0,996.0
6610490691f72e42aa124c90,9,fruits_v2,QF_V2_01,repeat_long,1,1.0,3,89.483,84.447,10.0,10.0,996.0
6610490691f72e42aa124c90,9,fruits_v2,QF_V2_02,repeat_long,1,1.0,3,89.483,84.447,10.0,10.0,996.0
6610490691f72e42aa124c90,9,fruits_v2,QF_V2_03,repeat_long,1,1.0,3,89.483,84.447,10.0,10.0,996.0
6610490691f72e42aa124c90,9,fruits_v2,QF_V2_04,repeat_long,1,1.0,3,89.483,84.447,10.0,10.0,996.0
6610490691f72e42aa124c90,9,fruits_v2,QF_V2_05,repeat_long,1,1.0,3,89.483,84.447,10.0,10.0,996.0
6610490691f72e42aa124c90,9,astronomy,QA01,control,0,0.0,1,54.718,67.893,10.0,10.0,996.0
6610490691f72e42aa124c90,9,astronomy,QA02,control,1,1.0,1,54.718,67.893,10.0,10.0,996.0
6610490691f72e42aa124c90,9,astronomy,QA03,control,0,0.0,1,54.718,67.893,10.0,10.0,996.0
6610490691f72e42aa124c90,9,astronomy,QA04,control,0,0.0,1,54.718,67.893,10.0,10.0,996.0
6610490691f72e42aa124c90,9,astronomy,QA05,control,0,0.0,1,54.718,67.893,10.0,10.0,996.0
66467f5703bc98ffca9a248c,10,martial_arts,QMA01,repeat_short,1,1.0,4,65.788,84.664,9.0,9.0,905.0
66467f5703bc98ffca9a248c,10,martial_arts,QMA02,repeat_short,1,1.0,4,65.788,84.664,9.0,9.0,905.0
66467f5703bc98ffca9a248c,10,martial_arts,QMA03,repeat_short,1,1.0,4,65.788,84.664,9.0,9.0,905.0
66467f5703bc98ffca9a248c,10,martial_arts,QMA04,repeat_short,1,1.0,4,65.788,84.664,9.0,9.0,905.0
66467f5703bc98ffca9a248c,10,martial_arts,QMA05,repeat_short,1,1.0,4,65.788,84.664,9.0,9.0,905.0
66467f5703bc98ffca9a248c,10,fruits_v2,QF_V2_01,repeat_long,0,0.5,2,91.298,65.094,5.0,5.0,905.0
66467f5703bc98ffca9a248c,10,fruits_v2,QF_V2_02,repeat_long,1,1.0,2,91.298,65.094,5.0,5.0,905.0
66467f5703bc98ffca9a248c,10,fruits_v2,QF_V2_03,repeat_long,1,1.0,2,91.298,65.094,5.0,5.0,905.0
66467f5703bc98ffca9a248c,10,fruits_v2,QF_V2_04,repeat_long,1,1.0,2,91.298,65.094,5.0,5.0,905.0
66467f5703bc98ffca9a248c,10,fruits_v2,QF_V2_05,repeat_long,1,1.0,2,91.298,65.094,5.0,5.0,905.0
66467f5703bc98ffca9a248c,10,astronomy,QA01,distractor,0,0.6666666666666666,1,95.458,49.223,9.0,9.0,905.0
66467f5703bc98ffca9a248c,10,astronomy,QA02,distractor,0,0.5,1,95.458,49.223,9.0,9.0,905.0
66467f5703bc98ffca9a248c,10,astronomy,QA03,distractor,0,0.5,1,95.458,49.223,9.0,9.0,905.0
66467f5703bc98ffca9a248c,10,astronomy,QA04,distractor,1,1.0,1,95.458,49.223,9.0,9.0,905.0
66467f5703bc98ffca9a248c,10,astronomy,QA05,distractor,0,0.0,1,95.458,49.223,9.0,9.0,905.0
66467f5703bc98ffca9a248c,10,fabrics,QFB01,control,0,0.5,3,46.828,64.2,6.0,7.0,905.0
66467f5703bc98ffca9a248c,10,fabrics,QFB02,control,1,1.0,3,46.828,64.2,6.0,7.0,905.0
66467f5703bc98ffca9a248c,10,fabrics,QFB03,control,1,1.0,3,46.828,64.2,6.0,7.0,905.0
66467f5703bc98ffca9a248c,10,fabrics,QFB04,control,0,0.0,3,46.828,64.2,6.0,7.0,905.0
66467f5703bc98ffca9a248c,10,fabrics,QFB05,control,1,1.0,3,46.828,64.2,6.0,7.0,905.0
600db78b56935a5dd8c759b3,22,martial_arts,QMA01,distractor,0,0.5,2,76.018,93.613,10.0,4.0,629.0
600db78b56935a5dd8c759b3,22,martial_arts,QMA02,distractor,1,1.0,2,76.018,93.613,10.0,4.0,629.0
600db78b56935a5dd8c759b3,22,martial_arts,QMA03,distractor,0,0.0,2,76.018,93.613,10.0,4.0,629.0
600db78b56935a5dd8c759b3,22,martial_arts,QMA04,distractor,1,1.0,2,76.018,93.613,10.0,4.0,629.0
600db78b56935a5dd8c759b3,22,martial_arts,QMA05,distractor,0,0.0,2,76.018,93.613,10.0,4.0,629.0
600db78b56935a5dd8c759b3,22,fabrics,QFB01,control,0,0.5,3,47.959,50.36,10.0,5.0,629.0
600db78b56935a5dd8c759b3,22,fabrics,QFB02,control,0,0.5,3,47.959,50.36,10.0,5.0,629.0
600db78b56935a5dd8c759b3,22,fabrics,QFB03,control,1,1.0,3,47.959,50.36,10.0,5.0,629.0
600db78b56935a5dd8c759b3,22,fabrics,QFB04,control,0,0.0,3,47.959,50.36,10.0,5.0,629.0
600db78b56935a5dd8c759b3,22,fabrics,QFB05,control,0,0.5,3,47.959,50.36,10.0,5.0,629.0
6630e01b7d69d22b8be429a6,15,martial_arts,QMA01,repeat_long,1,1.0,4,94.704,49.733,9.0,9.0,695.0
6630e01b7d69d22b8be429a6,15,martial_arts,QMA02,repeat_long,0,0.5,4,94.704,49.733,9.0,9.0,695.0
6630e01b7d69d22b8be429a6,15,martial_arts,QMA03,repeat_long,0,0.0,4,94.704,49.733,9.0,9.0,695.0
6630e01b7d69d22b8be429a6,15,martial_arts,QMA04,repeat_long,1,1.0,4,94.704,49.733,9.0,9.0,695.0
6630e01b7d69d22b8be429a6,15,martial_arts,QMA05,repeat_long,0,0.5,4,94.704,49.733,9.0,9.0,695.0
6630e01b7d69d22b8be429a6,15,fruits_v2,QF_V2_01,repeat_short,0,0.0,1,59.553,128.226,9.0,9.0,695.0
6630e01b7d69d22b8be429a6,15,fruits_v2,QF_V2_02,repeat_short,1,1.0,1,59.553,128.226,9.0,9.0,695.0
6630e01b7d69d22b8be429a6,15,fruits_v2,QF_V2_03,repeat_short,0,0.0,1,59.553,128.226,9.0,9.0,695.0
6630e01b7d69d22b8be429a6,15,fruits_v2,QF_V2_04,repeat_short,0,0.0,1,59.553,128.226,9.0,9.0,695.0
6630e01b7d69d22b8be429a6,15,fruits_v2,QF_V2_05,repeat_short,0,0.0,1,59.553,128.226,9.0,9.0,695.0
6630e01b7d69d22b8be429a6,15,astronomy,QA01,control,0,0.3333333333333333,3,88.273,69.609,10.0,10.0,695.0
6630e01b7d69d22b8be429a6,15,astronomy,QA02,control,0,0.5,3,88.273,69.609,10.0,10.0,695.0
6630e01b7d69d22b8be429a6,15,astronomy,QA03,control,0,0.5,3,88.273,69.609,10.0,10.0,695.0
6630e01b7d69d22b8be429a6,15,astronomy,QA04,control,0,0.0,3,88.273,69.609,10.0,10.0,695.0
6630e01b7d69d22b8be429a6,15,astronomy,QA05,control,0,0.0,3,88.273,69.609,10.0,10.0,695.0
6630e01b7d69d22b8be429a6,15,fabrics,QFB01,distractor,0,0.5,2,71.649,74.912,9.0,9.0,695.0
6630e01b7d69d22b8be429a6,15,fabrics,QFB02,distractor,0,0.5,2,71.649,74.912,9.0,9.0,695.0
6630e01b7d69d22b8be429a6,15,fabrics,QFB03,distractor,0,0.0,2,71.649,74.912,9.0,9.0,695.0
6630e01b7d69d22b8be429a6,15,fabrics,QFB04,distractor,0,0.0,2,71.649,74.912,9.0,9.0,695.0
6630e01b7d69d22b8be429a6,15,fabrics,QFB05,distractor,0,0.0,2,71.649,74.912,9.0,9.0,695.0
5a0d9553fe645f0001e9f852,1,martial_arts,QMA01,control,1,1.0,4,60.407,117.973,8.0,8.0,841.0
5a0d9553fe645f0001e9f852,1,martial_arts,QMA02,control,1,1.0,4,60.407,117.973,8.0,8.0,841.0
5a0d9553fe645f0001e9f852,1,martial_arts,QMA03,control,0,0.0,4,60.407,117.973,8.0,8.0,841.0
5a0d9553fe645f0001e9f852,1,martial_arts,QMA04,control,1,1.0,4,60.407,117.973,8.0,8.0,841.0
5a0d9553fe645f0001e9f852,1,martial_arts,QMA05,control,0,0.5,4,60.407,117.973,8.0,8.0,841.0
5a0d9553fe645f0001e9f852,1,astronomy,QA01,repeat_long,0,0.6666666666666666,1,94.595,80.999,5.0,5.0,841.0
5a0d9553fe645f0001e9f852,1,astronomy,QA02,repeat_long,1,1.0,1,94.595,80.999,5.0,5.0,841.0
5a0d9553fe645f0001e9f852,1,astronomy,QA03,repeat_long,0,0.0,1,94.595,80.999,5.0,5.0,841.0
5a0d9553fe645f0001e9f852,1,astronomy,QA04,repeat_long,1,1.0,1,94.595,80.999,5.0,5.0,841.0
5a0d9553fe645f0001e9f852,1,astronomy,QA05,repeat_long,0,0.0,1,94.595,80.999,5.0,5.0,841.0
6a1cbf813342d3de37eff647,5,martial_arts,QMA01,control,1,1.0,4,58.441,57.355,5.0,6.0,817.0
6a1cbf813342d3de37eff647,5,martial_arts,QMA02,control,0,0.5,4,58.441,57.355,5.0,6.0,817.0
6a1cbf813342d3de37eff647,5,martial_arts,QMA03,control,0,0.0,4,58.441,57.355,5.0,6.0,817.0
6a1cbf813342d3de37eff647,5,martial_arts,QMA04,control,1,1.0,4,58.441,57.355,5.0,6.0,817.0
6a1cbf813342d3de37eff647,5,martial_arts,QMA05,control,1,1.0,4,58.441,57.355,5.0,6.0,817.0
6a1cbf813342d3de37eff647,5,fruits_v2,QF_V2_01,distractor,1,1.0,2,103.389,61.926,7.0,8.0,817.0
6a1cbf813342d3de37eff647,5,fruits_v2,QF_V2_02,distractor,0,0.5,2,103.389,61.926,7.0,8.0,817.0
6a1cbf813342d3de37eff647,5,fruits_v2,QF_V2_03,distractor,0,0.0,2,103.389,61.926,7.0,8.0,817.0
6a1cbf813342d3de37eff647,5,fruits_v2,QF_V2_04,distractor,1,1.0,2,103.389,61.926,7.0,8.0,817.0
6a1cbf813342d3de37eff647,5,fruits_v2,QF_V2_05,distractor,0,0.0,2,103.389,61.926,7.0,8.0,817.0
6a1cbf813342d3de37eff647,5,astronomy,QA01,repeat_short,0,0.6666666666666666,3,54.636,54.97,4.0,4.0,817.0
6a1cbf813342d3de37eff647,5,astronomy,QA02,repeat_short,0,0.5,3,54.636,54.97,4.0,4.0,817.0
6a1cbf813342d3de37eff647,5,astronomy,QA03,repeat_short,1,1.0,3,54.636,54.97,4.0,4.0,817.0
6a1cbf813342d3de37eff647,5,astronomy,QA04,repeat_short,0,0.0,3,54.636,54.97,4.0,4.0,817.0
6a1cbf813342d3de37eff647,5,astronomy,QA05,repeat_short,0,0.0,3,54.636,54.97,4.0,4.0,817.0
6a1cbf813342d3de37eff647,5,fabrics,QFB01,repeat_long,0,0.5,1,71.142,70.589,4.0,6.0,817.0
6a1cbf813342d3de37eff647,5,fabrics,QFB02,repeat_long,0,0.5,1,71.142,70.589,4.0,6.0,817.0
6a1cbf813342d3de37eff647,5,fabrics,QFB03,repeat_long,1,1.0,1,71.142,70.589,4.0,6.0,817.0
6a1cbf813342d3de37eff647,5,fabrics,QFB04,repeat_long,1,1.0,1,71.142,70.589,4.0,6.0,817.0
6a1cbf813342d3de37eff647,5,fabrics,QFB05,repeat_long,1,1.0,1,71.142,70.589,4.0,6.0,817.0
6942cf2f7af91fcf562c0996,13,martial_arts,QMA01,repeat_long,1,1.0,4,91.666,77.475,3.0,4.0,735.0
6942cf2f7af91fcf562c0996,13,martial_arts,QMA02,repeat_long,1,1.0,4,91.666,77.475,3.0,4.0,735.0
6942cf2f7af91fcf562c0996,13,martial_arts,QMA03,repeat_long,1,1.0,4,91.666,77.475,3.0,4.0,735.0
6942cf2f7af91fcf562c0996,13,martial_arts,QMA04,repeat_long,1,1.0,4,91.666,77.475,3.0,4.0,735.0
6942cf2f7af91fcf562c0996,13,martial_arts,QMA05,repeat_long,1,1.0,4,91.666,77.475,3.0,4.0,735.0
6942cf2f7af91fcf562c0996,13,fruits_v2,QF_V2_01,control,0,0.0,2,51.072,108.737,4.0,9.0,735.0
6942cf2f7af91fcf562c0996,13,fruits_v2,QF_V2_02,control,0,0.0,2,51.072,108.737,4.0,9.0,735.0
6942cf2f7af91fcf562c0996,13,fruits_v2,QF_V2_03,control,0,0.0,2,51.072,108.737,4.0,9.0,735.0
6942cf2f7af91fcf562c0996,13,fruits_v2,QF_V2_04,control,0,0.0,2,51.072,108.737,4.0,9.0,735.0
6942cf2f7af91fcf562c0996,13,fruits_v2,QF_V2_05,control,0,0.0,2,51.072,108.737,4.0,9.0,735.0
6942cf2f7af91fcf562c0996,13,astronomy,QA01,repeat_short,0,0.6666666666666666,1,58.977,72.29,7.0,8.0,735.0
6942cf2f7af91fcf562c0996,13,astronomy,QA02,repeat_short,0,0.5,1,58.977,72.29,7.0,8.0,735.0
6942cf2f7af91fcf562c0996,13,astronomy,QA03,repeat_short,0,0.5,1,58.977,72.29,7.0,8.0,735.0
6942cf2f7af91fcf562c0996,13,astronomy,QA04,repeat_short,0,0.0,1,58.977,72.29,7.0,8.0,735.0
6942cf2f7af91fcf562c0996,13,astronomy,QA05,repeat_short,0,0.0,1,58.977,72.29,7.0,8.0,735.0
6942cf2f7af91fcf562c0996,13,fabrics,QFB01,distractor,0,0.5,3,72.307,71.763,4.0,6.0,735.0
6942cf2f7af91fcf562c0996,13,fabrics,QFB02,distractor,0,0.5,3,72.307,71.763,4.0,6.0,735.0
6942cf2f7af91fcf562c0996,13,fabrics,QFB03,distractor,1,1.0,3,72.307,71.763,4.0,6.0,735.0
6942cf2f7af91fcf562c0996,13,fabrics,QFB04,distractor,0,0.0,3,72.307,71.763,4.0,6.0,735.0
6942cf2f7af91fcf562c0996,13,fabrics,QFB05,distractor,1,1.0,3,72.307,71.763,4.0,6.0,735.0
652c5f38cf13042034313b91,10,martial_arts,QMA01,repeat_short,1,1.0,1,63.381,76.972,1.0,1.0,1114.0
652c5f38cf13042034313b91,10,martial_arts,QMA02,repeat_short,0,0.5,1,63.381,76.972,1.0,1.0,1114.0
652c5f38cf13042034313b91,10,martial_arts,QMA03,repeat_short,0,0.5,1,63.381,76.972,1.0,1.0,1114.0
652c5f38cf13042034313b91,10,martial_arts,QMA04,repeat_short,1,1.0,1,63.381,76.972,1.0,1.0,1114.0
652c5f38cf13042034313b91,10,martial_arts,QMA05,repeat_short,0,0.0,1,63.381,76.972,1.0,1.0,1114.0
652c5f38cf13042034313b91,10,fruits_v2,QF_V2_01,repeat_long,0,0.0,4,87.314,161.633,8.0,9.0,1114.0
652c5f38cf13042034313b91,10,fruits_v2,QF_V2_02,repeat_long,1,1.0,4,87.314,161.633,8.0,9.0,1114.0
652c5f38cf13042034313b91,10,fruits_v2,QF_V2_03,repeat_long,0,0.0,4,87.314,161.633,8.0,9.0,1114.0
652c5f38cf13042034313b91,10,fruits_v2,QF_V2_04,repeat_long,0,0.0,4,87.314,161.633,8.0,9.0,1114.0
652c5f38cf13042034313b91,10,fruits_v2,QF_V2_05,repeat_long,0,0.0,4,87.314,161.633,8.0,9.0,1114.0
652c5f38cf13042034313b91,10,astronomy,QA01,distractor,0,0.0,3,94.022,87.402,8.0,6.0,1114.0
652c5f38cf13042034313b91,10,astronomy,QA02,distractor,0,0.0,3,94.022,87.402,8.0,6.0,1114.0
652c5f38cf13042034313b91,10,astronomy,QA03,distractor,0,0.0,3,94.022,87.402,8.0,6.0,1114.0
652c5f38cf13042034313b91,10,astronomy,QA04,distractor,0,0.0,3,94.022,87.402,8.0,6.0,1114.0
652c5f38cf13042034313b91,10,astronomy,QA05,distractor,0,0.0,3,94.022,87.402,8.0,6.0,1114.0
652c5f38cf13042034313b91,10,fabrics,QFB01,control,0,0.5,2,49.955,67.809,7.0,6.0,1114.0
652c5f38cf13042034313b91,10,fabrics,QFB02,control,0,0.0,2,49.955,67.809,7.0,6.0,1114.0
652c5f38cf13042034313b91,10,fabrics,QFB03,control,1,1.0,2,49.955,67.809,7.0,6.0,1114.0
652c5f38cf13042034313b91,10,fabrics,QFB04,control,0,0.0,2,49.955,67.809,7.0,6.0,1114.0
652c5f38cf13042034313b91,10,fabrics,QFB05,control,0,0.5,2,49.955,67.809,7.0,6.0,1114.0
6981fa2326ddd62a3c773b59,23,martial_arts,QMA01,distractor,0,0.0,1,79.11,85.758,6.0,7.0,861.0
6981fa2326ddd62a3c773b59,23,martial_arts,QMA02,distractor,0,0.5,1,79.11,85.758,6.0,7.0,861.0
6981fa2326ddd62a3c773b59,23,martial_arts,QMA03,distractor,0,0.5,1,79.11,85.758,6.0,7.0,861.0
6981fa2326ddd62a3c773b59,23,martial_arts,QMA04,distractor,1,1.0,1,79.11,85.758,6.0,7.0,861.0
6981fa2326ddd62a3c773b59,23,martial_arts,QMA05,distractor,0,0.5,1,79.11,85.758,6.0,7.0,861.0
6981fa2326ddd62a3c773b59,23,fruits_v2,QF_V2_01,repeat_long,0,0.5,2,85.422,116.98,6.0,9.0,861.0
6981fa2326ddd62a3c773b59,23,fruits_v2,QF_V2_02,repeat_long,0,0.0,2,85.422,116.98,6.0,9.0,861.0
6981fa2326ddd62a3c773b59,23,fruits_v2,QF_V2_03,repeat_long,0,0.0,2,85.422,116.98,6.0,9.0,861.0
6981fa2326ddd62a3c773b59,23,fruits_v2,QF_V2_04,repeat_long,1,1.0,2,85.422,116.98,6.0,9.0,861.0
6981fa2326ddd62a3c773b59,23,fruits_v2,QF_V2_05,repeat_long,1,1.0,2,85.422,116.98,6.0,9.0,861.0
6981fa2326ddd62a3c773b59,23,astronomy,QA01,control,0,0.3333333333333333,4,51.872,106.063,5.0,6.0,861.0
6981fa2326ddd62a3c773b59,23,astronomy,QA02,control,1,1.0,4,51.872,106.063,5.0,6.0,861.0
6981fa2326ddd62a3c773b59,23,astronomy,QA03,control,0,0.0,4,51.872,106.063,5.0,6.0,861.0
6981fa2326ddd62a3c773b59,23,astronomy,QA04,control,0,0.0,4,51.872,106.063,5.0,6.0,861.0
6981fa2326ddd62a3c773b59,23,astronomy,QA05,control,0,0.0,4,51.872,106.063,5.0,6.0,861.0
6981fa2326ddd62a3c773b59,23,fabrics,QFB01,repeat_short,0,0.5,3,60.365,82.541,4.0,5.0,861.0
6981fa2326ddd62a3c773b59,23,fabrics,QFB02,repeat_short,0,0.5,3,60.365,82.541,4.0,5.0,861.0
6981fa2326ddd62a3c773b59,23,fabrics,QFB03,repeat_short,1,1.0,3,60.365,82.541,4.0,5.0,861.0
6981fa2326ddd62a3c773b59,23,fabrics,QFB04,repeat_short,1,1.0,3,60.365,82.541,4.0,5.0,861.0
6981fa2326ddd62a3c773b59,23,fabrics,QFB05,repeat_short,1,1.0,3,60.365,82.541,4.0,5.0,861.0
6785704c3b1ab8813a4958b0,18,martial_arts,QMA01,repeat_long,1,1.0,1,96.98,189.996,5.0,6.0,926.0
6785704c3b1ab8813a4958b0,18,martial_arts,QMA02,repeat_long,1,1.0,1,96.98,189.996,5.0,6.0,926.0
6785704c3b1ab8813a4958b0,18,martial_arts,QMA03,repeat_long,0,0.0,1,96.98,189.996,5.0,6.0,926.0
6785704c3b1ab8813a4958b0,18,martial_arts,QMA04,repeat_long,0,0.0,1,96.98,189.996,5.0,6.0,926.0
6785704c3b1ab8813a4958b0,18,martial_arts,QMA05,repeat_long,0,0.5,1,96.98,189.996,5.0,6.0,926.0
6785704c3b1ab8813a4958b0,18,astronomy,QA01,repeat_short,0,0.6666666666666666,4,56.405,58.225,7.0,7.0,926.0
6785704c3b1ab8813a4958b0,18,astronomy,QA02,repeat_short,0,0.5,4,56.405,58.225,7.0,7.0,926.0
6785704c3b1ab8813a4958b0,18,astronomy,QA03,repeat_short,0,0.0,4,56.405,58.225,7.0,7.0,926.0
6785704c3b1ab8813a4958b0,18,astronomy,QA04,repeat_short,1,1.0,4,56.405,58.225,7.0,7.0,926.0
6785704c3b1ab8813a4958b0,18,astronomy,QA05,repeat_short,1,1.0,4,56.405,58.225,7.0,7.0,926.0
6785704c3b1ab8813a4958b0,18,fabrics,QFB01,control,0,0.5,3,50.249,53.958,3.0,3.0,926.0
6785704c3b1ab8813a4958b0,18,fabrics,QFB02,control,1,1.0,3,50.249,53.958,3.0,3.0,926.0
6785704c3b1ab8813a4958b0,18,fabrics,QFB03,control,0,0.0,3,50.249,53.958,3.0,3.0,926.0
6785704c3b1ab8813a4958b0,18,fabrics,QFB04,control,1,1.0,3,50.249,53.958,3.0,3.0,926.0
6785704c3b1ab8813a4958b0,18,fabrics,QFB05,control,1,1.0,3,50.249,53.958,3.0,3.0,926.0
63456f39305e584734fb2dd5,2,martial_arts,QMA01,control,1,1.0,2,62.279,97.94,4.0,3.0,928.0
63456f39305e584734fb2dd5,2,martial_arts,QMA02,control,1,1.0,2,62.279,97.94,4.0,3.0,928.0
63456f39305e584734fb2dd5,2,martial_arts,QMA03,control,0,0.0,2,62.279,97.94,4.0,3.0,928.0
63456f39305e584734fb2dd5,2,martial_arts,QMA04,control,1,1.0,2,62.279,97.94,4.0,3.0,928.0
63456f39305e584734fb2dd5,2,martial_arts,QMA05,control,0,0.5,2,62.279,97.94,4.0,3.0,928.0
63456f39305e584734fb2dd5,2,fruits_v2,QF_V2_01,repeat_short,1,1.0,3,59.548,102.909,1.0,1.0,928.0
63456f39305e584734fb2dd5,2,fruits_v2,QF_V2_02,repeat_short,0,0.5,3,59.548,102.909,1.0,1.0,928.0
63456f39305e584734fb2dd5,2,fruits_v2,QF_V2_03,repeat_short,1,1.0,3,59.548,102.909,1.0,1.0,928.0
63456f39305e584734fb2dd5,2,fruits_v2,QF_V2_04,repeat_short,1,1.0,3,59.548,102.909,1.0,1.0,928.0
63456f39305e584734fb2dd5,2,fruits_v2,QF_V2_05,repeat_short,1,1.0,3,59.548,102.909,1.0,1.0,928.0
63456f39305e584734fb2dd5,2,astronomy,QA01,distractor,0,0.6666666666666666,1,103.315,84.036,2.0,2.0,928.0
63456f39305e584734fb2dd5,2,astronomy,QA02,distractor,1,1.0,1,103.315,84.036,2.0,2.0,928.0
63456f39305e584734fb2dd5,2,astronomy,QA03,distractor,0,0.5,1,103.315,84.036,2.0,2.0,928.0
63456f39305e584734fb2dd5,2,astronomy,QA04,distractor,1,1.0,1,103.315,84.036,2.0,2.0,928.0
63456f39305e584734fb2dd5,2,astronomy,QA05,distractor,1,1.0,1,103.315,84.036,2.0,2.0,928.0
63456f39305e584734fb2dd5,2,fabrics,QFB01,repeat_long,1,1.0,4,81.357,48.598,1.0,1.0,928.0
63456f39305e584734fb2dd5,2,fabrics,QFB02,repeat_long,1,1.0,4,81.357,48.598,1.0,1.0,928.0
63456f39305e584734fb2dd5,2,fabrics,QFB03,repeat_long,1,1.0,4,81.357,48.598,1.0,1.0,928.0
63456f39305e584734fb2dd5,2,fabrics,QFB04,repeat_long,1,1.0,4,81.357,48.598,1.0,1.0,928.0
63456f39305e584734fb2dd5,2,fabrics,QFB05,repeat_long,1,1.0,4,81.357,48.598,1.0,1.0,928.0
69c6fc687e8e0c3293b30fcb,2,martial_arts,QMA01,control,1,1.0,1,58.812,67.889,5.0,9.0,944.0
69c6fc687e8e0c3293b30fcb,2,martial_arts,QMA02,control,1,1.0,1,58.812,67.889,5.0,9.0,944.0
69c6fc687e8e0c3293b30fcb,2,martial_arts,QMA03,control,0,0.0,1,58.812,67.889,5.0,9.0,944.0
69c6fc687e8e0c3293b30fcb,2,martial_arts,QMA04,control,1,1.0,1,58.812,67.889,5.0,9.0,944.0
69c6fc687e8e0c3293b30fcb,2,martial_arts,QMA05,control,1,1.0,1,58.812,67.889,5.0,9.0,944.0
69c6fc687e8e0c3293b30fcb,2,fruits_v2,QF_V2_01,repeat_short,1,1.0,4,57.268,77.36,10.0,10.0,944.0
69c6fc687e8e0c3293b30fcb,2,fruits_v2,QF_V2_02,repeat_short,0,0.0,4,57.268,77.36,10.0,10.0,944.0
69c6fc687e8e0c3293b30fcb,2,fruits_v2,QF_V2_03,repeat_short,0,0.0,4,57.268,77.36,10.0,10.0,944.0
69c6fc687e8e0c3293b30fcb,2,fruits_v2,QF_V2_04,repeat_short,1,1.0,4,57.268,77.36,10.0,10.0,944.0
69c6fc687e8e0c3293b30fcb,2,fruits_v2,QF_V2_05,repeat_short,0,0.0,4,57.268,77.36,10.0,10.0,944.0
69c6fc687e8e0c3293b30fcb,2,astronomy,QA01,distractor,0,0.6666666666666666,3,94.271,59.338,10.0,10.0,944.0
69c6fc687e8e0c3293b30fcb,2,astronomy,QA02,distractor,1,1.0,3,94.271,59.338,10.0,10.0,944.0
69c6fc687e8e0c3293b30fcb,2,astronomy,QA03,distractor,1,1.0,3,94.271,59.338,10.0,10.0,944.0
69c6fc687e8e0c3293b30fcb,2,astronomy,QA04,distractor,1,1.0,3,94.271,59.338,10.0,10.0,944.0
69c6fc687e8e0c3293b30fcb,2,astronomy,QA05,distractor,0,0.0,3,94.271,59.338,10.0,10.0,944.0
69c6fc687e8e0c3293b30fcb,2,fabrics,QFB01,repeat_long,0,0.5,2,71.77,108.713,10.0,10.0,944.0
69c6fc687e8e0c3293b30fcb,2,fabrics,QFB02,repeat_long,0,0.5,2,71.77,108.713,10.0,10.0,944.0
69c6fc687e8e0c3293b30fcb,2,fabrics,QFB03,repeat_long,1,1.0,2,71.77,108.713,10.0,10.0,944.0
69c6fc687e8e0c3293b30fcb,2,fabrics,QFB04,repeat_long,0,0.0,2,71.77,108.713,10.0,10.0,944.0
69c6fc687e8e0c3293b30fcb,2,fabrics,QFB05,repeat_long,0,0.0,2,71.77,108.713,10.0,10.0,944.0
69e8e97c50c9507253eaf6e5,24,martial_arts,QMA01,distractor,1,1.0,4,77.904,179.519,8.0,8.0,949.0
69e8e97c50c9507253eaf6e5,24,martial_arts,QMA02,distractor,1,1.0,4,77.904,179.519,8.0,8.0,949.0
69e8e97c50c9507253eaf6e5,24,martial_arts,QMA03,distractor,1,1.0,4,77.904,179.519,8.0,8.0,949.0
69e8e97c50c9507253eaf6e5,24,martial_arts,QMA04,distractor,1,1.0,4,77.904,179.519,8.0,8.0,949.0
69e8e97c50c9507253eaf6e5,24,martial_arts,QMA05,distractor,0,0.5,4,77.904,179.519,8.0,8.0,949.0
69e8e97c50c9507253eaf6e5,24,fruits_v2,QF_V2_01,repeat_long,1,1.0,1,87.484,107.966,7.0,8.0,949.0
69e8e97c50c9507253eaf6e5,24,fruits_v2,QF_V2_02,repeat_long,0,0.5,1,87.484,107.966,7.0,8.0,949.0
69e8e97c50c9507253eaf6e5,24,fruits_v2,QF_V2_03,repeat_long,0,0.0,1,87.484,107.966,7.0,8.0,949.0
69e8e97c50c9507253eaf6e5,24,fruits_v2,QF_V2_04,repeat_long,0,0.0,1,87.484,107.966,7.0,8.0,949.0
69e8e97c50c9507253eaf6e5,24,fruits_v2,QF_V2_05,repeat_long,0,0.0,1,87.484,107.966,7.0,8.0,949.0
69e8e97c50c9507253eaf6e5,24,astronomy,QA01,repeat_short,1,1.0,2,56.721,65.928,5.0,5.0,949.0
69e8e97c50c9507253eaf6e5,24,astronomy,QA02,repeat_short,1,1.0,2,56.721,65.928,5.0,5.0,949.0
69e8e97c50c9507253eaf6e5,24,astronomy,QA03,repeat_short,0,0.5,2,56.721,65.928,5.0,5.0,949.0
69e8e97c50c9507253eaf6e5,24,astronomy,QA04,repeat_short,1,1.0,2,56.721,65.928,5.0,5.0,949.0
69e8e97c50c9507253eaf6e5,24,astronomy,QA05,repeat_short,0,0.0,2,56.721,65.928,5.0,5.0,949.0
69e8e97c50c9507253eaf6e5,24,fabrics,QFB01,control,1,1.0,3,47.411,89.4,5.0,5.0,949.0
69e8e97c50c9507253eaf6e5,24,fabrics,QFB02,control,1,1.0,3,47.411,89.4,5.0,5.0,949.0
69e8e97c50c9507253eaf6e5,24,fabrics,QFB03,control,1,1.0,3,47.411,89.4,5.0,5.0,949.0
69e8e97c50c9507253eaf6e5,24,fabrics,QFB04,control,1,1.0,3,47.411,89.4,5.0,5.0,949.0
69e8e97c50c9507253eaf6e5,24,fabrics,QFB05,control,0,0.5,3,47.411,89.4,5.0,5.0,949.0
69d9d0c5870fbba487be3ea3,12,martial_arts,QMA01,repeat_short,0,0.5,3,64.469,111.49,4.0,4.0,1035.0
69d9d0c5870fbba487be3ea3,12,martial_arts,QMA02,repeat_short,1,1.0,3,64.469,111.49,4.0,4.0,1035.0
69d9d0c5870fbba487be3ea3,12,martial_arts,QMA03,repeat_short,0,0.0,3,64.469,111.49,4.0,4.0,1035.0
69d9d0c5870fbba487be3ea3,12,martial_arts,QMA04,repeat_short,1,1.0,3,64.469,111.49,4.0,4.0,1035.0
69d9d0c5870fbba487be3ea3,12,martial_arts,QMA05,repeat_short,1,1.0,3,64.469,111.49,4.0,4.0,1035.0
69d9d0c5870fbba487be3ea3,12,fruits_v2,QF_V2_01,distractor,0,0.5,1,88.015,87.195,9.0,6.0,1035.0
69d9d0c5870fbba487be3ea3,12,fruits_v2,QF_V2_02,distractor,0,0.5,1,88.015,87.195,9.0,6.0,1035.0
69d9d0c5870fbba487be3ea3,12,fruits_v2,QF_V2_03,distractor,0,0.0,1,88.015,87.195,9.0,6.0,1035.0
69d9d0c5870fbba487be3ea3,12,fruits_v2,QF_V2_04,distractor,0,0.0,1,88.015,87.195,9.0,6.0,1035.0
69d9d0c5870fbba487be3ea3,12,fruits_v2,QF_V2_05,distractor,0,0.0,1,88.015,87.195,9.0,6.0,1035.0
69d9d0c5870fbba487be3ea3,12,astronomy,QA01,repeat_long,0,0.6666666666666666,2,82.137,126.688,6.0,7.0,1035.0
69d9d0c5870fbba487be3ea3,12,astronomy,QA02,repeat_long,1,1.0,2,82.137,126.688,6.0,7.0,1035.0
69d9d0c5870fbba487be3ea3,12,astronomy,QA03,repeat_long,1,1.0,2,82.137,126.688,6.0,7.0,1035.0
69d9d0c5870fbba487be3ea3,12,astronomy,QA04,repeat_long,0,0.0,2,82.137,126.688,6.0,7.0,1035.0
69d9d0c5870fbba487be3ea3,12,astronomy,QA05,repeat_long,0,0.0,2,82.137,126.688,6.0,7.0,1035.0
69d9d0c5870fbba487be3ea3,12,fabrics,QFB01,control,1,1.0,4,47.883,62.935,5.0,5.0,1035.0
69d9d0c5870fbba487be3ea3,12,fabrics,QFB02,control,0,0.5,4,47.883,62.935,5.0,5.0,1035.0
69d9d0c5870fbba487be3ea3,12,fabrics,QFB03,control,1,1.0,4,47.883,62.935,5.0,5.0,1035.0
69d9d0c5870fbba487be3ea3,12,fabrics,QFB04,control,0,0.0,4,47.883,62.935,5.0,5.0,1035.0
69d9d0c5870fbba487be3ea3,12,fabrics,QFB05,control,1,1.0,4,47.883,62.935,5.0,5.0,1035.0
589f4b4b4d580c0001e0a155,10,martial_arts,QMA01,repeat_short,1,1.0,3,59.947,41.079,4.0,7.0,852.0
589f4b4b4d580c0001e0a155,10,martial_arts,QMA02,repeat_short,0,0.5,3,59.947,41.079,4.0,7.0,852.0
589f4b4b4d580c0001e0a155,10,martial_arts,QMA03,repeat_short,1,1.0,3,59.947,41.079,4.0,7.0,852.0
589f4b4b4d580c0001e0a155,10,martial_arts,QMA04,repeat_short,1,1.0,3,59.947,41.079,4.0,7.0,852.0
589f4b4b4d580c0001e0a155,10,martial_arts,QMA05,repeat_short,1,1.0,3,59.947,41.079,4.0,7.0,852.0
589f4b4b4d580c0001e0a155,10,fruits_v2,QF_V2_01,repeat_long,0,0.5,2,90.86,36.002,6.0,7.0,852.0
589f4b4b4d580c0001e0a155,10,fruits_v2,QF_V2_02,repeat_long,0,0.5,2,90.86,36.002,6.0,7.0,852.0
589f4b4b4d580c0001e0a155,10,fruits_v2,QF_V2_03,repeat_long,1,1.0,2,90.86,36.002,6.0,7.0,852.0
589f4b4b4d580c0001e0a155,10,fruits_v2,QF_V2_04,repeat_long,1,1.0,2,90.86,36.002,6.0,7.0,852.0
589f4b4b4d580c0001e0a155,10,fruits_v2,QF_V2_05,repeat_long,1,1.0,2,90.86,36.002,6.0,7.0,852.0
589f4b4b4d580c0001e0a155,10,astronomy,QA01,distractor,0,0.3333333333333333,4,93.065,32.968,9.0,10.0,852.0
589f4b4b4d580c0001e0a155,10,astronomy,QA02,distractor,0,0.0,4,93.065,32.968,9.0,10.0,852.0
589f4b4b4d580c0001e0a155,10,astronomy,QA03,distractor,0,0.0,4,93.065,32.968,9.0,10.0,852.0
589f4b4b4d580c0001e0a155,10,astronomy,QA04,distractor,1,1.0,4,93.065,32.968,9.0,10.0,852.0
589f4b4b4d580c0001e0a155,10,astronomy,QA05,distractor,0,0.0,4,93.065,32.968,9.0,10.0,852.0
589f4b4b4d580c0001e0a155,10,fabrics,QFB01,control,0,0.5,1,47.153,33.664,2.0,6.0,852.0
589f4b4b4d580c0001e0a155,10,fabrics,QFB02,control,0,0.5,1,47.153,33.664,2.0,6.0,852.0
589f4b4b4d580c0001e0a155,10,fabrics,QFB03,control,0,0.0,1,47.153,33.664,2.0,6.0,852.0
589f4b4b4d580c0001e0a155,10,fabrics,QFB04,control,1,1.0,1,47.153,33.664,2.0,6.0,852.0
589f4b4b4d580c0001e0a155,10,fabrics,QFB05,control,0,0.5,1,47.153,33.664,2.0,6.0,852.0
69fb96416bedb7eece786aad,24,martial_arts,QMA01,distractor,1,1.0,3,75.553,141.303,6.0,8.0,1133.0
69fb96416bedb7eece786aad,24,martial_arts,QMA02,distractor,0,0.5,3,75.553,141.303,6.0,8.0,1133.0
69fb96416bedb7eece786aad,24,martial_arts,QMA03,distractor,0,0.0,3,75.553,141.303,6.0,8.0,1133.0
69fb96416bedb7eece786aad,24,martial_arts,QMA04,distractor,0,0.0,3,75.553,141.303,6.0,8.0,1133.0
69fb96416bedb7eece786aad,24,martial_arts,QMA05,distractor,0,0.5,3,75.553,141.303,6.0,8.0,1133.0
69fb96416bedb7eece786aad,24,fruits_v2,QF_V2_01,repeat_long,0,0.5,1,88.411,152.185,3.0,7.0,1133.0
69fb96416bedb7eece786aad,24,fruits_v2,QF_V2_02,repeat_long,0,0.0,1,88.411,152.185,3.0,7.0,1133.0
69fb96416bedb7eece786aad,24,fruits_v2,QF_V2_03,repeat_long,1,1.0,1,88.411,152.185,3.0,7.0,1133.0
69fb96416bedb7eece786aad,24,fruits_v2,QF_V2_04,repeat_long,1,1.0,1,88.411,152.185,3.0,7.0,1133.0
69fb96416bedb7eece786aad,24,fruits_v2,QF_V2_05,repeat_long,1,1.0,1,88.411,152.185,3.0,7.0,1133.0
69fb96416bedb7eece786aad,24,astronomy,QA01,repeat_short,1,1.0,4,58.282,126.543,2.0,6.0,1133.0
69fb96416bedb7eece786aad,24,astronomy,QA02,repeat_short,0,0.5,4,58.282,126.543,2.0,6.0,1133.0
69fb96416bedb7eece786aad,24,astronomy,QA03,repeat_short,0,0.5,4,58.282,126.543,2.0,6.0,1133.0
69fb96416bedb7eece786aad,24,astronomy,QA04,repeat_short,1,1.0,4,58.282,126.543,2.0,6.0,1133.0
69fb96416bedb7eece786aad,24,astronomy,QA05,repeat_short,0,0.0,4,58.282,126.543,2.0,6.0,1133.0
69fb96416bedb7eece786aad,24,fabrics,QFB01,control,0,0.5,2,49.624,92.42,3.0,3.0,1133.0
69fb96416bedb7eece786aad,24,fabrics,QFB02,control,0,0.5,2,49.624,92.42,3.0,3.0,1133.0
69fb96416bedb7eece786aad,24,fabrics,QFB03,control,1,1.0,2,49.624,92.42,3.0,3.0,1133.0
69fb96416bedb7eece786aad,24,fabrics,QFB04,control,1,1.0,2,49.624,92.42,3.0,3.0,1133.0
69fb96416bedb7eece786aad,24,fabrics,QFB05,control,1,1.0,2,49.624,92.42,3.0,3.0,1133.0
5cfea2427b91e70001423ffb,6,martial_arts,QMA01,control,1,1.0,1,61.393,98.764,5.0,7.0,1012.0
5cfea2427b91e70001423ffb,6,martial_arts,QMA02,control,1,1.0,1,61.393,98.764,5.0,7.0,1012.0
5cfea2427b91e70001423ffb,6,martial_arts,QMA03,control,0,0.0,1,61.393,98.764,5.0,7.0,1012.0
5cfea2427b91e70001423ffb,6,martial_arts,QMA04,control,1,1.0,1,61.393,98.764,5.0,7.0,1012.0
5cfea2427b91e70001423ffb,6,martial_arts,QMA05,control,1,1.0,1,61.393,98.764,5.0,7.0,1012.0
5cfea2427b91e70001423ffb,6,fruits_v2,QF_V2_01,distractor,0,0.5,3,83.455,79.195,7.0,8.0,1012.0
5cfea2427b91e70001423ffb,6,fruits_v2,QF_V2_02,distractor,0,0.0,3,83.455,79.195,7.0,8.0,1012.0
5cfea2427b91e70001423ffb,6,fruits_v2,QF_V2_03,distractor,1,1.0,3,83.455,79.195,7.0,8.0,1012.0
5cfea2427b91e70001423ffb,6,fruits_v2,QF_V2_04,distractor,1,1.0,3,83.455,79.195,7.0,8.0,1012.0
5cfea2427b91e70001423ffb,6,fruits_v2,QF_V2_05,distractor,0,0.0,3,83.455,79.195,7.0,8.0,1012.0
5cfea2427b91e70001423ffb,6,astronomy,QA01,repeat_long,0,0.3333333333333333,2,80.157,80.833,4.0,6.0,1012.0
5cfea2427b91e70001423ffb,6,astronomy,QA02,repeat_long,1,1.0,2,80.157,80.833,4.0,6.0,1012.0
5cfea2427b91e70001423ffb,6,astronomy,QA03,repeat_long,1,1.0,2,80.157,80.833,4.0,6.0,1012.0
5cfea2427b91e70001423ffb,6,astronomy,QA04,repeat_long,0,0.0,2,80.157,80.833,4.0,6.0,1012.0
5cfea2427b91e70001423ffb,6,astronomy,QA05,repeat_long,0,0.0,2,80.157,80.833,4.0,6.0,1012.0
5cfea2427b91e70001423ffb,6,fabrics,QFB01,repeat_short,1,1.0,4,53.84,53.669,3.0,4.0,1012.0
5cfea2427b91e70001423ffb,6,fabrics,QFB02,repeat_short,0,0.5,4,53.84,53.669,3.0,4.0,1012.0
5cfea2427b91e70001423ffb,6,fabrics,QFB03,repeat_short,1,1.0,4,53.84,53.669,3.0,4.0,1012.0
5cfea2427b91e70001423ffb,6,fabrics,QFB04,repeat_short,1,1.0,4,53.84,53.669,3.0,4.0,1012.0
5cfea2427b91e70001423ffb,6,fabrics,QFB05,repeat_short,1,1.0,4,53.84,53.669,3.0,4.0,1012.0
69acf86d93afc119933913e5,9,martial_arts,QMA01,repeat_short,0,0.5,4,62.485,132.579,2.0,2.0,1133.0
69acf86d93afc119933913e5,9,martial_arts,QMA02,repeat_short,1,1.0,4,62.485,132.579,2.0,2.0,1133.0
69acf86d93afc119933913e5,9,martial_arts,QMA03,repeat_short,1,1.0,4,62.485,132.579,2.0,2.0,1133.0
69acf86d93afc119933913e5,9,martial_arts,QMA04,repeat_short,1,1.0,4,62.485,132.579,2.0,2.0,1133.0
69acf86d93afc119933913e5,9,martial_arts,QMA05,repeat_short,1,1.0,4,62.485,132.579,2.0,2.0,1133.0
69acf86d93afc119933913e5,9,fruits_v2,QF_V2_01,repeat_long,1,1.0,2,90.93,202.133,3.0,4.0,1133.0
69acf86d93afc119933913e5,9,fruits_v2,QF_V2_02,repeat_long,1,1.0,2,90.93,202.133,3.0,4.0,1133.0
69acf86d93afc119933913e5,9,fruits_v2,QF_V2_03,repeat_long,0,0.0,2,90.93,202.133,3.0,4.0,1133.0
69acf86d93afc119933913e5,9,fruits_v2,QF_V2_04,repeat_long,1,1.0,2,90.93,202.133,3.0,4.0,1133.0
69acf86d93afc119933913e5,9,fruits_v2,QF_V2_05,repeat_long,1,1.0,2,90.93,202.133,3.0,4.0,1133.0
69acf86d93afc119933913e5,9,astronomy,QA01,control,0,0.6666666666666666,1,59.045,121.397,2.0,3.0,1133.0
69acf86d93afc119933913e5,9,astronomy,QA02,control,0,0.5,1,59.045,121.397,2.0,3.0,1133.0
69acf86d93afc119933913e5,9,astronomy,QA03,control,1,1.0,1,59.045,121.397,2.0,3.0,1133.0
69acf86d93afc119933913e5,9,astronomy,QA04,control,1,1.0,1,59.045,121.397,2.0,3.0,1133.0
69acf86d93afc119933913e5,9,astronomy,QA05,control,0,0.0,1,59.045,121.397,2.0,3.0,1133.0
69acf86d93afc119933913e5,9,fabrics,QFB01,distractor,0,0.5,3,78.057,130.189,4.0,6.0,1133.0
69acf86d93afc119933913e5,9,fabrics,QFB02,distractor,1,1.0,3,78.057,130.189,4.0,6.0,1133.0
69acf86d93afc119933913e5,9,fabrics,QFB03,distractor,1,1.0,3,78.057,130.189,4.0,6.0,1133.0
69acf86d93afc119933913e5,9,fabrics,QFB04,distractor,0,0.0,3,78.057,130.189,4.0,6.0,1133.0
69acf86d93afc119933913e5,9,fabrics,QFB05,distractor,0,0.0,3,78.057,130.189,4.0,6.0,1133.0
6718da927f1110131780367d,12,martial_arts,QMA01,repeat_short,1,1.0,2,60.765,115.266,3.0,4.0,1128.0
6718da927f1110131780367d,12,martial_arts,QMA02,repeat_short,1,1.0,2,60.765,115.266,3.0,4.0,1128.0
6718da927f1110131780367d,12,martial_arts,QMA03,repeat_short,0,0.0,2,60.765,115.266,3.0,4.0,1128.0
6718da927f1110131780367d,12,martial_arts,QMA04,repeat_short,1,1.0,2,60.765,115.266,3.0,4.0,1128.0
6718da927f1110131780367d,12,martial_arts,QMA05,repeat_short,1,1.0,2,60.765,115.266,3.0,4.0,1128.0
6718da927f1110131780367d,12,fruits_v2,QF_V2_01,distractor,0,0.0,4,82.355,95.119,6.0,7.0,1128.0
6718da927f1110131780367d,12,fruits_v2,QF_V2_02,distractor,0,0.5,4,82.355,95.119,6.0,7.0,1128.0
6718da927f1110131780367d,12,fruits_v2,QF_V2_03,distractor,1,1.0,4,82.355,95.119,6.0,7.0,1128.0
6718da927f1110131780367d,12,fruits_v2,QF_V2_04,distractor,1,1.0,4,82.355,95.119,6.0,7.0,1128.0
6718da927f1110131780367d,12,fruits_v2,QF_V2_05,distractor,0,0.0,4,82.355,95.119,6.0,7.0,1128.0
6718da927f1110131780367d,12,astronomy,QA01,repeat_long,0,0.6666666666666666,3,79.826,143.568,6.0,8.0,1128.0
6718da927f1110131780367d,12,astronomy,QA02,repeat_long,1,1.0,3,79.826,143.568,6.0,8.0,1128.0
6718da927f1110131780367d,12,astronomy,QA03,repeat_long,0,0.0,3,79.826,143.568,6.0,8.0,1128.0
6718da927f1110131780367d,12,astronomy,QA04,repeat_long,1,1.0,3,79.826,143.568,6.0,8.0,1128.0
6718da927f1110131780367d,12,astronomy,QA05,repeat_long,0,0.0,3,79.826,143.568,6.0,8.0,1128.0
6718da927f1110131780367d,12,fabrics,QFB01,control,1,1.0,1,58.693,61.199,3.0,2.0,1128.0
6718da927f1110131780367d,12,fabrics,QFB02,control,1,1.0,1,58.693,61.199,3.0,2.0,1128.0
6718da927f1110131780367d,12,fabrics,QFB03,control,1,1.0,1,58.693,61.199,3.0,2.0,1128.0
6718da927f1110131780367d,12,fabrics,QFB04,control,0,0.0,1,58.693,61.199,3.0,2.0,1128.0
6718da927f1110131780367d,12,fabrics,QFB05,control,1,1.0,1,58.693,61.199,3.0,2.0,1128.0
63fad8b20e532757a496f7f5,21,martial_arts,QMA01,distractor,1,1.0,1,83.176,76.289,1.0,6.0,943.0
63fad8b20e532757a496f7f5,21,martial_arts,QMA02,distractor,0,0.0,1,83.176,76.289,1.0,6.0,943.0
63fad8b20e532757a496f7f5,21,martial_arts,QMA03,distractor,0,0.0,1,83.176,76.289,1.0,6.0,943.0
63fad8b20e532757a496f7f5,21,martial_arts,QMA04,distractor,1,1.0,1,83.176,76.289,1.0,6.0,943.0
63fad8b20e532757a496f7f5,21,martial_arts,QMA05,distractor,0,0.5,1,83.176,76.289,1.0,6.0,943.0
63fad8b20e532757a496f7f5,21,fruits_v2,QF_V2_01,repeat_short,0,0.5,4,60.22,43.747,3.0,10.0,943.0
63fad8b20e532757a496f7f5,21,fruits_v2,QF_V2_02,repeat_short,0,0.5,4,60.22,43.747,3.0,10.0,943.0
63fad8b20e532757a496f7f5,21,fruits_v2,QF_V2_03,repeat_short,1,1.0,4,60.22,43.747,3.0,10.0,943.0
63fad8b20e532757a496f7f5,21,fruits_v2,QF_V2_04,repeat_short,1,1.0,4,60.22,43.747,3.0,10.0,943.0
63fad8b20e532757a496f7f5,21,fruits_v2,QF_V2_05,repeat_short,1,1.0,4,60.22,43.747,3.0,10.0,943.0
63fad8b20e532757a496f7f5,21,astronomy,QA01,control,0,0.6666666666666666,3,52.014,52.96,4.0,10.0,943.0
63fad8b20e532757a496f7f5,21,astronomy,QA02,control,1,1.0,3,52.014,52.96,4.0,10.0,943.0
63fad8b20e532757a496f7f5,21,astronomy,QA03,control,0,0.5,3,52.014,52.96,4.0,10.0,943.0
63fad8b20e532757a496f7f5,21,astronomy,QA04,control,1,1.0,3,52.014,52.96,4.0,10.0,943.0
63fad8b20e532757a496f7f5,21,astronomy,QA05,control,0,0.0,3,52.014,52.96,4.0,10.0,943.0
63fad8b20e532757a496f7f5,21,fabrics,QFB01,repeat_long,1,1.0,2,70.956,52.871,3.0,9.0,943.0
63fad8b20e532757a496f7f5,21,fabrics,QFB02,repeat_long,0,0.5,2,70.956,52.871,3.0,9.0,943.0
63fad8b20e532757a496f7f5,21,fabrics,QFB03,repeat_long,0,0.0,2,70.956,52.871,3.0,9.0,943.0
63fad8b20e532757a496f7f5,21,fabrics,QFB04,repeat_long,1,1.0,2,70.956,52.871,3.0,9.0,943.0
63fad8b20e532757a496f7f5,21,fabrics,QFB05,repeat_long,1,1.0,2,70.956,52.871,3.0,9.0,943.0
657619485d6869976045a220,12,martial_arts,QMA01,repeat_short,1,1.0,2,62.076,97.719,5.0,7.0,887.0
657619485d6869976045a220,12,martial_arts,QMA02,repeat_short,0,0.5,2,62.076,97.719,5.0,7.0,887.0
657619485d6869976045a220,12,martial_arts,QMA03,repeat_short,0,0.0,2,62.076,97.719,5.0,7.0,887.0
657619485d6869976045a220,12,martial_arts,QMA04,repeat_short,1,1.0,2,62.076,97.719,5.0,7.0,887.0
657619485d6869976045a220,12,martial_arts,QMA05,repeat_short,1,1.0,2,62.076,97.719,5.0,7.0,887.0
657619485d6869976045a220,12,fruits_v2,QF_V2_01,distractor,0,0.5,1,86.998,58.241,7.0,8.0,887.0
657619485d6869976045a220,12,fruits_v2,QF_V2_02,distractor,0,0.5,1,86.998,58.241,7.0,8.0,887.0
657619485d6869976045a220,12,fruits_v2,QF_V2_03,distractor,0,0.0,1,86.998,58.241,7.0,8.0,887.0
657619485d6869976045a220,12,fruits_v2,QF_V2_04,distractor,1,1.0,1,86.998,58.241,7.0,8.0,887.0
657619485d6869976045a220,12,fruits_v2,QF_V2_05,distractor,0,0.0,1,86.998,58.241,7.0,8.0,887.0
657619485d6869976045a220,12,astronomy,QA01,repeat_long,1,1.0,4,81.638,75.305,6.0,6.0,887.0
657619485d6869976045a220,12,astronomy,QA02,repeat_long,1,1.0,4,81.638,75.305,6.0,6.0,887.0
657619485d6869976045a220,12,astronomy,QA03,repeat_long,1,1.0,4,81.638,75.305,6.0,6.0,887.0
657619485d6869976045a220,12,astronomy,QA04,repeat_long,1,1.0,4,81.638,75.305,6.0,6.0,887.0
657619485d6869976045a220,12,astronomy,QA05,repeat_long,1,1.0,4,81.638,75.305,6.0,6.0,887.0
657619485d6869976045a220,12,fabrics,QFB01,control,0,0.5,3,47.264,78.569,5.0,7.0,887.0
657619485d6869976045a220,12,fabrics,QFB02,control,0,0.5,3,47.264,78.569,5.0,7.0,887.0
657619485d6869976045a220,12,fabrics,QFB03,control,1,1.0,3,47.264,78.569,5.0,7.0,887.0
657619485d6869976045a220,12,fabrics,QFB04,control,1,1.0,3,47.264,78.569,5.0,7.0,887.0
657619485d6869976045a220,12,fabrics,QFB05,control,1,1.0,3,47.264,78.569,5.0,7.0,887.0
663140c398e19ff9b77d4663,17,martial_arts,QMA01,repeat_long,0,0.0,4,90.713,80.517,7.0,7.0,1298.0
663140c398e19ff9b77d4663,17,martial_arts,QMA02,repeat_long,0,0.5,4,90.713,80.517,7.0,7.0,1298.0
663140c398e19ff9b77d4663,17,martial_arts,QMA03,repeat_long,0,0.0,4,90.713,80.517,7.0,7.0,1298.0
663140c398e19ff9b77d4663,17,martial_arts,QMA04,repeat_long,0,0.0,4,90.713,80.517,7.0,7.0,1298.0
663140c398e19ff9b77d4663,17,martial_arts,QMA05,repeat_long,0,0.0,4,90.713,80.517,7.0,7.0,1298.0
663140c398e19ff9b77d4663,17,astronomy,QA01,control,0,0.3333333333333333,2,51.23,144.184,7.0,8.0,1298.0
663140c398e19ff9b77d4663,17,astronomy,QA02,control,0,0.5,2,51.23,144.184,7.0,8.0,1298.0
663140c398e19ff9b77d4663,17,astronomy,QA03,control,0,0.0,2,51.23,144.184,7.0,8.0,1298.0
663140c398e19ff9b77d4663,17,astronomy,QA04,control,0,0.0,2,51.23,144.184,7.0,8.0,1298.0
663140c398e19ff9b77d4663,17,astronomy,QA05,control,0,0.0,2,51.23,144.184,7.0,8.0,1298.0
663140c398e19ff9b77d4663,17,fabrics,QFB01,repeat_short,0,0.5,3,57.013,186.513,8.0,7.0,1298.0
663140c398e19ff9b77d4663,17,fabrics,QFB02,repeat_short,0,0.5,3,57.013,186.513,8.0,7.0,1298.0
663140c398e19ff9b77d4663,17,fabrics,QFB03,repeat_short,0,0.0,3,57.013,186.513,8.0,7.0,1298.0
663140c398e19ff9b77d4663,17,fabrics,QFB04,repeat_short,1,1.0,3,57.013,186.513,8.0,7.0,1298.0
663140c398e19ff9b77d4663,17,fabrics,QFB05,repeat_short,0,0.5,3,57.013,186.513,8.0,7.0,1298.0
66106c0aa183860531b090c3,18,martial_arts,QMA01,repeat_long,1,1.0,4,91.498,74.761,3.0,4.0,713.0
66106c0aa183860531b090c3,18,martial_arts,QMA02,repeat_long,1,1.0,4,91.498,74.761,3.0,4.0,713.0
66106c0aa183860531b090c3,18,martial_arts,QMA03,repeat_long,1,1.0,4,91.498,74.761,3.0,4.0,713.0
66106c0aa183860531b090c3,18,martial_arts,QMA04,repeat_long,1,1.0,4,91.498,74.761,3.0,4.0,713.0
66106c0aa183860531b090c3,18,martial_arts,QMA05,repeat_long,1,1.0,4,91.498,74.761,3.0,4.0,713.0
66106c0aa183860531b090c3,18,fruits_v2,QF_V2_01,distractor,1,1.0,2,83.963,82.275,6.0,7.0,713.0
66106c0aa183860531b090c3,18,fruits_v2,QF_V2_02,distractor,0,0.5,2,83.963,82.275,6.0,7.0,713.0
66106c0aa183860531b090c3,18,fruits_v2,QF_V2_03,distractor,0,0.0,2,83.963,82.275,6.0,7.0,713.0
66106c0aa183860531b090c3,18,fruits_v2,QF_V2_04,distractor,1,1.0,2,83.963,82.275,6.0,7.0,713.0
66106c0aa183860531b090c3,18,fruits_v2,QF_V2_05,distractor,1,1.0,2,83.963,82.275,6.0,7.0,713.0
66106c0aa183860531b090c3,18,astronomy,QA01,repeat_short,0,0.3333333333333333,1,59.783,81.52,4.0,7.0,713.0
66106c0aa183860531b090c3,18,astronomy,QA02,repeat_short,0,0.5,1,59.783,81.52,4.0,7.0,713.0
66106c0aa183860531b090c3,18,astronomy,QA03,repeat_short,1,1.0,1,59.783,81.52,4.0,7.0,713.0
66106c0aa183860531b090c3,18,astronomy,QA04,repeat_short,0,0.0,1,59.783,81.52,4.0,7.0,713.0
66106c0aa183860531b090c3,18,astronomy,QA05,repeat_short,0,0.0,1,59.783,81.52,4.0,7.0,713.0
66106c0aa183860531b090c3,18,fabrics,QFB01,control,0,0.5,3,49.454,76.737,2.0,3.0,713.0
66106c0aa183860531b090c3,18,fabrics,QFB02,control,1,1.0,3,49.454,76.737,2.0,3.0,713.0
66106c0aa183860531b090c3,18,fabrics,QFB03,control,1,1.0,3,49.454,76.737,2.0,3.0,713.0
66106c0aa183860531b090c3,18,fabrics,QFB04,control,1,1.0,3,49.454,76.737,2.0,3.0,713.0
66106c0aa183860531b090c3,18,fabrics,QFB05,control,1,1.0,3,49.454,76.737,2.0,3.0,713.0
586ad3a6da731b0001049cad,10,martial_arts,QMA01,repeat_short,1,1.0,1,63.537,34.001,0.0,1.0,927.0
586ad3a6da731b0001049cad,10,martial_arts,QMA02,repeat_short,0,0.5,1,63.537,34.001,0.0,1.0,927.0
586ad3a6da731b0001049cad,10,martial_arts,QMA03,repeat_short,0,0.0,1,63.537,34.001,0.0,1.0,927.0
586ad3a6da731b0001049cad,10,martial_arts,QMA04,repeat_short,1,1.0,1,63.537,34.001,0.0,1.0,927.0
586ad3a6da731b0001049cad,10,martial_arts,QMA05,repeat_short,1,1.0,1,63.537,34.001,0.0,1.0,927.0
586ad3a6da731b0001049cad,10,fruits_v2,QF_V2_01,repeat_long,1,1.0,2,85.857,44.134,8.0,5.0,927.0
586ad3a6da731b0001049cad,10,fruits_v2,QF_V2_02,repeat_long,1,1.0,2,85.857,44.134,8.0,5.0,927.0
586ad3a6da731b0001049cad,10,fruits_v2,QF_V2_03,repeat_long,1,1.0,2,85.857,44.134,8.0,5.0,927.0
586ad3a6da731b0001049cad,10,fruits_v2,QF_V2_04,repeat_long,1,1.0,2,85.857,44.134,8.0,5.0,927.0
586ad3a6da731b0001049cad,10,fruits_v2,QF_V2_05,repeat_long,0,0.0,2,85.857,44.134,8.0,5.0,927.0
586ad3a6da731b0001049cad,10,astronomy,QA01,distractor,0,0.0,4,93.561,39.268,9.0,8.0,927.0
586ad3a6da731b0001049cad,10,astronomy,QA02,distractor,0,0.0,4,93.561,39.268,9.0,8.0,927.0
586ad3a6da731b0001049cad,10,astronomy,QA03,distractor,0,0.5,4,93.561,39.268,9.0,8.0,927.0
586ad3a6da731b0001049cad,10,astronomy,QA04,distractor,0,0.0,4,93.561,39.268,9.0,8.0,927.0
586ad3a6da731b0001049cad,10,astronomy,QA05,distractor,0,0.0,4,93.561,39.268,9.0,8.0,927.0
586ad3a6da731b0001049cad,10,fabrics,QFB01,control,0,0.5,3,50.273,46.704,6.0,5.0,927.0
586ad3a6da731b0001049cad,10,fabrics,QFB02,control,0,0.5,3,50.273,46.704,6.0,5.0,927.0
586ad3a6da731b0001049cad,10,fabrics,QFB03,control,1,1.0,3,50.273,46.704,6.0,5.0,927.0
586ad3a6da731b0001049cad,10,fabrics,QFB04,control,0,0.0,3,50.273,46.704,6.0,5.0,927.0
586ad3a6da731b0001049cad,10,fabrics,QFB05,control,0,0.0,3,50.273,46.704,6.0,5.0,927.0
66b3d894a73f47ed6a41550a,5,martial_arts,QMA01,control,0,0.5,1,68.582,132.694,4.0,6.0,1169.0
66b3d894a73f47ed6a41550a,5,martial_arts,QMA02,control,0,0.5,1,68.582,132.694,4.0,6.0,1169.0
66b3d894a73f47ed6a41550a,5,martial_arts,QMA03,control,0,0.5,1,68.582,132.694,4.0,6.0,1169.0
66b3d894a73f47ed6a41550a,5,martial_arts,QMA04,control,0,0.0,1,68.582,132.694,4.0,6.0,1169.0
66b3d894a73f47ed6a41550a,5,martial_arts,QMA05,control,0,0.5,1,68.582,132.694,4.0,6.0,1169.0
66b3d894a73f47ed6a41550a,5,fruits_v2,QF_V2_01,distractor,1,1.0,3,88.498,133.005,10.0,8.0,1169.0
66b3d894a73f47ed6a41550a,5,fruits_v2,QF_V2_02,distractor,0,0.5,3,88.498,133.005,10.0,8.0,1169.0
66b3d894a73f47ed6a41550a,5,fruits_v2,QF_V2_03,distractor,1,1.0,3,88.498,133.005,10.0,8.0,1169.0
66b3d894a73f47ed6a41550a,5,fruits_v2,QF_V2_04,distractor,1,1.0,3,88.498,133.005,10.0,8.0,1169.0
66b3d894a73f47ed6a41550a,5,fruits_v2,QF_V2_05,distractor,0,0.0,3,88.498,133.005,10.0,8.0,1169.0
66b3d894a73f47ed6a41550a,5,astronomy,QA01,repeat_short,0,0.6666666666666666,4,64.564,80.944,8.0,7.0,1169.0
66b3d894a73f47ed6a41550a,5,astronomy,QA02,repeat_short,0,0.5,4,64.564,80.944,8.0,7.0,1169.0
66b3d894a73f47ed6a41550a,5,astronomy,QA03,repeat_short,0,0.5,4,64.564,80.944,8.0,7.0,1169.0
66b3d894a73f47ed6a41550a,5,astronomy,QA04,repeat_short,1,1.0,4,64.564,80.944,8.0,7.0,1169.0
66b3d894a73f47ed6a41550a,5,astronomy,QA05,repeat_short,0,0.0,4,64.564,80.944,8.0,7.0,1169.0
66b3d894a73f47ed6a41550a,5,fabrics,QFB01,repeat_long,0,0.5,2,74.63,86.994,3.0,2.0,1169.0
66b3d894a73f47ed6a41550a,5,fabrics,QFB02,repeat_long,1,1.0,2,74.63,86.994,3.0,2.0,1169.0
66b3d894a73f47ed6a41550a,5,fabrics,QFB03,repeat_long,1,1.0,2,74.63,86.994,3.0,2.0,1169.0
66b3d894a73f47ed6a41550a,5,fabrics,QFB04,repeat_long,1,1.0,2,74.63,86.994,3.0,2.0,1169.0
66b3d894a73f47ed6a41550a,5,fabrics,QFB05,repeat_long,1,1.0,2,74.63,86.994,3.0,2.0,1169.0
616da069522e6b8aa420a603,14,martial_arts,QMA01,repeat_long,1,1.0,4,91.399,127.126,8.0,8.0,1050.0
616da069522e6b8aa420a603,14,martial_arts,QMA02,repeat_long,0,0.5,4,91.399,127.126,8.0,8.0,1050.0
616da069522e6b8aa420a603,14,martial_arts,QMA03,repeat_long,0,0.0,4,91.399,127.126,8.0,8.0,1050.0
616da069522e6b8aa420a603,14,martial_arts,QMA04,repeat_long,0,0.0,4,91.399,127.126,8.0,8.0,1050.0
616da069522e6b8aa420a603,14,martial_arts,QMA05,repeat_long,0,0.0,4,91.399,127.126,8.0,8.0,1050.0
616da069522e6b8aa420a603,14,fruits_v2,QF_V2_01,control,1,1.0,2,49.827,93.93,7.0,6.0,1050.0
616da069522e6b8aa420a603,14,fruits_v2,QF_V2_02,control,1,1.0,2,49.827,93.93,7.0,6.0,1050.0
616da069522e6b8aa420a603,14,fruits_v2,QF_V2_03,control,0,0.0,2,49.827,93.93,7.0,6.0,1050.0
616da069522e6b8aa420a603,14,fruits_v2,QF_V2_04,control,0,0.0,2,49.827,93.93,7.0,6.0,1050.0
616da069522e6b8aa420a603,14,fruits_v2,QF_V2_05,control,0,0.0,2,49.827,93.93,7.0,6.0,1050.0
616da069522e6b8aa420a603,14,astronomy,QA01,distractor,0,0.3333333333333333,3,94.131,190.122,8.0,8.0,1050.0
616da069522e6b8aa420a603,14,astronomy,QA02,distractor,0,0.0,3,94.131,190.122,8.0,8.0,1050.0
616da069522e6b8aa420a603,14,astronomy,QA03,distractor,0,0.5,3,94.131,190.122,8.0,8.0,1050.0
616da069522e6b8aa420a603,14,astronomy,QA04,distractor,0,0.0,3,94.131,190.122,8.0,8.0,1050.0
616da069522e6b8aa420a603,14,astronomy,QA05,distractor,0,0.0,3,94.131,190.122,8.0,8.0,1050.0
616da069522e6b8aa420a603,14,fabrics,QFB01,repeat_short,1,1.0,1,57.169,109.209,5.0,5.0,1050.0
616da069522e6b8aa420a603,14,fabrics,QFB02,repeat_short,0,0.5,1,57.169,109.209,5.0,5.0,1050.0
616da069522e6b8aa420a603,14,fabrics,QFB03,repeat_short,1,1.0,1,57.169,109.209,5.0,5.0,1050.0
616da069522e6b8aa420a603,14,fabrics,QFB04,repeat_short,1,1.0,1,57.169,109.209,5.0,5.0,1050.0
616da069522e6b8aa420a603,14,fabrics,QFB05,repeat_short,1,1.0,1,57.169,109.209,5.0,5.0,1050.0
5f8c70c9c8e71c0b49e49797,16,martial_arts,QMA01,repeat_long,1,1.0,4,91.617,47.269,2.0,2.0,1117.0
5f8c70c9c8e71c0b49e49797,16,martial_arts,QMA02,repeat_long,1,1.0,4,91.617,47.269,2.0,2.0,1117.0
5f8c70c9c8e71c0b49e49797,16,martial_arts,QMA03,repeat_long,1,1.0,4,91.617,47.269,2.0,2.0,1117.0
5f8c70c9c8e71c0b49e49797,16,martial_arts,QMA04,repeat_long,1,1.0,4,91.617,47.269,2.0,2.0,1117.0
5f8c70c9c8e71c0b49e49797,16,martial_arts,QMA05,repeat_long,1,1.0,4,91.617,47.269,2.0,2.0,1117.0
5f8c70c9c8e71c0b49e49797,16,fruits_v2,QF_V2_01,repeat_short,1,1.0,2,60.39,51.054,4.0,6.0,1117.0
5f8c70c9c8e71c0b49e49797,16,fruits_v2,QF_V2_02,repeat_short,1,1.0,2,60.39,51.054,4.0,6.0,1117.0
5f8c70c9c8e71c0b49e49797,16,fruits_v2,QF_V2_03,repeat_short,0,0.0,2,60.39,51.054,4.0,6.0,1117.0
5f8c70c9c8e71c0b49e49797,16,fruits_v2,QF_V2_04,repeat_short,1,1.0,2,60.39,51.054,4.0,6.0,1117.0
5f8c70c9c8e71c0b49e49797,16,fruits_v2,QF_V2_05,repeat_short,1,1.0,2,60.39,51.054,4.0,6.0,1117.0
5f8c70c9c8e71c0b49e49797,16,astronomy,QA01,distractor,1,1.0,1,165.467,54.074,6.0,5.0,1117.0
5f8c70c9c8e71c0b49e49797,16,astronomy,QA02,distractor,1,1.0,1,165.467,54.074,6.0,5.0,1117.0
5f8c70c9c8e71c0b49e49797,16,astronomy,QA03,distractor,1,1.0,1,165.467,54.074,6.0,5.0,1117.0
5f8c70c9c8e71c0b49e49797,16,astronomy,QA04,distractor,1,1.0,1,165.467,54.074,6.0,5.0,1117.0
5f8c70c9c8e71c0b49e49797,16,astronomy,QA05,distractor,0,0.0,1,165.467,54.074,6.0,5.0,1117.0
5f8c70c9c8e71c0b49e49797,16,fabrics,QFB01,control,0,0.5,3,49.532,48.255,4.0,4.0,1117.0
5f8c70c9c8e71c0b49e49797,16,fabrics,QFB02,control,0,0.5,3,49.532,48.255,4.0,4.0,1117.0
5f8c70c9c8e71c0b49e49797,16,fabrics,QFB03,control,1,1.0,3,49.532,48.255,4.0,4.0,1117.0
5f8c70c9c8e71c0b49e49797,16,fabrics,QFB04,control,0,0.0,3,49.532,48.255,4.0,4.0,1117.0
5f8c70c9c8e71c0b49e49797,16,fabrics,QFB05,control,0,0.5,3,49.532,48.255,4.0,4.0,1117.0
606f9bca353fc36aba9ccb8b,13,martial_arts,QMA01,repeat_long,1,1.0,3,92.371,83.475,7.0,7.0,1066.0
606f9bca353fc36aba9ccb8b,13,martial_arts,QMA02,repeat_long,0,0.5,3,92.371,83.475,7.0,7.0,1066.0
606f9bca353fc36aba9ccb8b,13,martial_arts,QMA03,repeat_long,0,0.0,3,92.371,83.475,7.0,7.0,1066.0
606f9bca353fc36aba9ccb8b,13,martial_arts,QMA04,repeat_long,0,0.0,3,92.371,83.475,7.0,7.0,1066.0
606f9bca353fc36aba9ccb8b,13,martial_arts,QMA05,repeat_long,0,0.5,3,92.371,83.475,7.0,7.0,1066.0
606f9bca353fc36aba9ccb8b,13,fruits_v2,QF_V2_01,control,0,0.0,1,50.465,63.705,10.0,10.0,1066.0
606f9bca353fc36aba9ccb8b,13,fruits_v2,QF_V2_02,control,0,0.5,1,50.465,63.705,10.0,10.0,1066.0
606f9bca353fc36aba9ccb8b,13,fruits_v2,QF_V2_03,control,0,0.0,1,50.465,63.705,10.0,10.0,1066.0
606f9bca353fc36aba9ccb8b,13,fruits_v2,QF_V2_04,control,0,0.0,1,50.465,63.705,10.0,10.0,1066.0
606f9bca353fc36aba9ccb8b,13,fruits_v2,QF_V2_05,control,0,0.0,1,50.465,63.705,10.0,10.0,1066.0
606f9bca353fc36aba9ccb8b,13,fabrics,QFB01,distractor,0,0.5,4,74.987,49.394,9.0,9.0,1066.0
606f9bca353fc36aba9ccb8b,13,fabrics,QFB02,distractor,0,0.0,4,74.987,49.394,9.0,9.0,1066.0
606f9bca353fc36aba9ccb8b,13,fabrics,QFB03,distractor,0,0.0,4,74.987,49.394,9.0,9.0,1066.0
606f9bca353fc36aba9ccb8b,13,fabrics,QFB04,distractor,0,0.0,4,74.987,49.394,9.0,9.0,1066.0
606f9bca353fc36aba9ccb8b,13,fabrics,QFB05,distractor,0,0.0,4,74.987,49.394,9.0,9.0,1066.0
65429041aa9bde9216c53dc2,7,martial_arts,QMA01,repeat_short,0,0.0,2,63.813,97.352,10.0,8.0,1189.0
65429041aa9bde9216c53dc2,7,martial_arts,QMA02,repeat_short,0,0.0,2,63.813,97.352,10.0,8.0,1189.0
65429041aa9bde9216c53dc2,7,martial_arts,QMA03,repeat_short,0,0.5,2,63.813,97.352,10.0,8.0,1189.0
65429041aa9bde9216c53dc2,7,martial_arts,QMA04,repeat_short,0,0.0,2,63.813,97.352,10.0,8.0,1189.0
65429041aa9bde9216c53dc2,7,martial_arts,QMA05,repeat_short,0,0.5,2,63.813,97.352,10.0,8.0,1189.0
65429041aa9bde9216c53dc2,7,fruits_v2,QF_V2_01,control,0,0.5,1,106.673,346.144,5.0,3.0,1189.0
65429041aa9bde9216c53dc2,7,fruits_v2,QF_V2_02,control,0,0.0,1,106.673,346.144,5.0,3.0,1189.0
65429041aa9bde9216c53dc2,7,fruits_v2,QF_V2_03,control,0,0.0,1,106.673,346.144,5.0,3.0,1189.0
65429041aa9bde9216c53dc2,7,fruits_v2,QF_V2_04,control,0,0.0,1,106.673,346.144,5.0,3.0,1189.0
65429041aa9bde9216c53dc2,7,fruits_v2,QF_V2_05,control,0,0.0,1,106.673,346.144,5.0,3.0,1189.0
65429041aa9bde9216c53dc2,7,astronomy,QA01,repeat_long,0,0.3333333333333333,4,81.06,98.013,10.0,5.0,1189.0
65429041aa9bde9216c53dc2,7,astronomy,QA02,repeat_long,0,0.5,4,81.06,98.013,10.0,5.0,1189.0
65429041aa9bde9216c53dc2,7,astronomy,QA03,repeat_long,0,0.0,4,81.06,98.013,10.0,5.0,1189.0
65429041aa9bde9216c53dc2,7,astronomy,QA04,repeat_long,0,0.0,4,81.06,98.013,10.0,5.0,1189.0
65429041aa9bde9216c53dc2,7,astronomy,QA05,repeat_long,0,0.0,4,81.06,98.013,10.0,5.0,1189.0
63bc819194ca25a555eb8fb5,6,martial_arts,QMA01,control,1,1.0,3,61.031,88.956,3.0,7.0,1410.0
63bc819194ca25a555eb8fb5,6,martial_arts,QMA02,control,1,1.0,3,61.031,88.956,3.0,7.0,1410.0
63bc819194ca25a555eb8fb5,6,martial_arts,QMA03,control,1,1.0,3,61.031,88.956,3.0,7.0,1410.0
63bc819194ca25a555eb8fb5,6,martial_arts,QMA04,control,1,1.0,3,61.031,88.956,3.0,7.0,1410.0
63bc819194ca25a555eb8fb5,6,martial_arts,QMA05,control,1,1.0,3,61.031,88.956,3.0,7.0,1410.0
63bc819194ca25a555eb8fb5,6,fruits_v2,QF_V2_01,distractor,0,0.0,2,85.636,82.606,7.0,8.0,1410.0
63bc819194ca25a555eb8fb5,6,fruits_v2,QF_V2_02,distractor,0,0.0,2,85.636,82.606,7.0,8.0,1410.0
63bc819194ca25a555eb8fb5,6,fruits_v2,QF_V2_03,distractor,1,1.0,2,85.636,82.606,7.0,8.0,1410.0
63bc819194ca25a555eb8fb5,6,fruits_v2,QF_V2_04,distractor,0,0.0,2,85.636,82.606,7.0,8.0,1410.0
63bc819194ca25a555eb8fb5,6,fruits_v2,QF_V2_05,distractor,0,0.0,2,85.636,82.606,7.0,8.0,1410.0
63bc819194ca25a555eb8fb5,6,astronomy,QA01,repeat_long,0,0.6666666666666666,4,80.662,98.957,7.0,8.0,1410.0
63bc819194ca25a555eb8fb5,6,astronomy,QA02,repeat_long,0,0.0,4,80.662,98.957,7.0,8.0,1410.0
63bc819194ca25a555eb8fb5,6,astronomy,QA03,repeat_long,0,0.5,4,80.662,98.957,7.0,8.0,1410.0
63bc819194ca25a555eb8fb5,6,astronomy,QA04,repeat_long,0,0.0,4,80.662,98.957,7.0,8.0,1410.0
63bc819194ca25a555eb8fb5,6,astronomy,QA05,repeat_long,0,0.0,4,80.662,98.957,7.0,8.0,1410.0
63bc819194ca25a555eb8fb5,6,fabrics,QFB01,repeat_short,0,0.5,1,85.537,63.384,3.0,2.0,1410.0
63bc819194ca25a555eb8fb5,6,fabrics,QFB02,repeat_short,1,1.0,1,85.537,63.384,3.0,2.0,1410.0
63bc819194ca25a555eb8fb5,6,fabrics,QFB03,repeat_short,1,1.0,1,85.537,63.384,3.0,2.0,1410.0
63bc819194ca25a555eb8fb5,6,fabrics,QFB04,repeat_short,0,0.0,1,85.537,63.384,3.0,2.0,1410.0
63bc819194ca25a555eb8fb5,6,fabrics,QFB05,repeat_short,0,0.0,1,85.537,63.384,3.0,2.0,1410.0
673550c9e80fcc54f9fff8ea,9,martial_arts,QMA01,repeat_short,0,0.5,2,62.022,113.061,6.0,6.0,1217.0
673550c9e80fcc54f9fff8ea,9,martial_arts,QMA02,repeat_short,1,1.0,2,62.022,113.061,6.0,6.0,1217.0
673550c9e80fcc54f9fff8ea,9,martial_arts,QMA03,repeat_short,1,1.0,2,62.022,113.061,6.0,6.0,1217.0
673550c9e80fcc54f9fff8ea,9,martial_arts,QMA04,repeat_short,1,1.0,2,62.022,113.061,6.0,6.0,1217.0
673550c9e80fcc54f9fff8ea,9,martial_arts,QMA05,repeat_short,1,1.0,2,62.022,113.061,6.0,6.0,1217.0
673550c9e80fcc54f9fff8ea,9,fruits_v2,QF_V2_01,repeat_long,0,0.5,4,83.52,103.768,7.0,7.0,1217.0
673550c9e80fcc54f9fff8ea,9,fruits_v2,QF_V2_02,repeat_long,0,0.5,4,83.52,103.768,7.0,7.0,1217.0
673550c9e80fcc54f9fff8ea,9,fruits_v2,QF_V2_03,repeat_long,1,1.0,4,83.52,103.768,7.0,7.0,1217.0
673550c9e80fcc54f9fff8ea,9,fruits_v2,QF_V2_04,repeat_long,1,1.0,4,83.52,103.768,7.0,7.0,1217.0
673550c9e80fcc54f9fff8ea,9,fruits_v2,QF_V2_05,repeat_long,1,1.0,4,83.52,103.768,7.0,7.0,1217.0
673550c9e80fcc54f9fff8ea,9,astronomy,QA01,control,0,0.6666666666666666,1,58.334,120.535,7.0,7.0,1217.0
673550c9e80fcc54f9fff8ea,9,astronomy,QA02,control,1,1.0,1,58.334,120.535,7.0,7.0,1217.0
673550c9e80fcc54f9fff8ea,9,astronomy,QA03,control,0,0.5,1,58.334,120.535,7.0,7.0,1217.0
673550c9e80fcc54f9fff8ea,9,astronomy,QA04,control,1,1.0,1,58.334,120.535,7.0,7.0,1217.0
673550c9e80fcc54f9fff8ea,9,astronomy,QA05,control,0,0.0,1,58.334,120.535,7.0,7.0,1217.0
673550c9e80fcc54f9fff8ea,9,fabrics,QFB01,distractor,1,1.0,3,81.886,132.331,8.0,8.0,1217.0
673550c9e80fcc54f9fff8ea,9,fabrics,QFB02,distractor,0,0.5,3,81.886,132.331,8.0,8.0,1217.0
673550c9e80fcc54f9fff8ea,9,fabrics,QFB03,distractor,0,0.0,3,81.886,132.331,8.0,8.0,1217.0
673550c9e80fcc54f9fff8ea,9,fabrics,QFB04,distractor,0,0.0,3,81.886,132.331,8.0,8.0,1217.0
673550c9e80fcc54f9fff8ea,9,fabrics,QFB05,distractor,0,0.5,3,81.886,132.331,8.0,8.0,1217.0
6455616c0fe23ecca70ce1b9,8,martial_arts,QMA01,repeat_short,1,1.0,3,65.855,141.295,6.0,5.0,1078.0
6455616c0fe23ecca70ce1b9,8,martial_arts,QMA02,repeat_short,0,0.5,3,65.855,141.295,6.0,5.0,1078.0
6455616c0fe23ecca70ce1b9,8,martial_arts,QMA03,repeat_short,1,1.0,3,65.855,141.295,6.0,5.0,1078.0
6455616c0fe23ecca70ce1b9,8,martial_arts,QMA04,repeat_short,0,0.0,3,65.855,141.295,6.0,5.0,1078.0
6455616c0fe23ecca70ce1b9,8,martial_arts,QMA05,repeat_short,0,0.0,3,65.855,141.295,6.0,5.0,1078.0
6455616c0fe23ecca70ce1b9,8,fruits_v2,QF_V2_01,control,1,1.0,1,59.383,105.976,6.0,2.0,1078.0
6455616c0fe23ecca70ce1b9,8,fruits_v2,QF_V2_02,control,1,1.0,1,59.383,105.976,6.0,2.0,1078.0
6455616c0fe23ecca70ce1b9,8,fruits_v2,QF_V2_03,control,1,1.0,1,59.383,105.976,6.0,2.0,1078.0
6455616c0fe23ecca70ce1b9,8,fruits_v2,QF_V2_04,control,1,1.0,1,59.383,105.976,6.0,2.0,1078.0
6455616c0fe23ecca70ce1b9,8,fruits_v2,QF_V2_05,control,1,1.0,1,59.383,105.976,6.0,2.0,1078.0
6455616c0fe23ecca70ce1b9,8,astronomy,QA01,distractor,0,0.6666666666666666,2,100.576,99.282,8.0,8.0,1078.0
6455616c0fe23ecca70ce1b9,8,astronomy,QA02,distractor,1,1.0,2,100.576,99.282,8.0,8.0,1078.0
6455616c0fe23ecca70ce1b9,8,astronomy,QA03,distractor,0,0.5,2,100.576,99.282,8.0,8.0,1078.0
6455616c0fe23ecca70ce1b9,8,astronomy,QA04,distractor,1,1.0,2,100.576,99.282,8.0,8.0,1078.0
6455616c0fe23ecca70ce1b9,8,astronomy,QA05,distractor,0,0.0,2,100.576,99.282,8.0,8.0,1078.0
6455616c0fe23ecca70ce1b9,8,fabrics,QFB01,repeat_long,1,1.0,4,75.731,107.42,1.0,1.0,1078.0
6455616c0fe23ecca70ce1b9,8,fabrics,QFB02,repeat_long,1,1.0,4,75.731,107.42,1.0,1.0,1078.0
6455616c0fe23ecca70ce1b9,8,fabrics,QFB03,repeat_long,1,1.0,4,75.731,107.42,1.0,1.0,1078.0
6455616c0fe23ecca70ce1b9,8,fabrics,QFB04,repeat_long,1,1.0,4,75.731,107.42,1.0,1.0,1078.0
6455616c0fe23ecca70ce1b9,8,fabrics,QFB05,repeat_long,1,1.0,4,75.731,107.42,1.0,1.0,1078.0
69ef8ab7568d77681e4892f9,9,martial_arts,QMA01,repeat_short,1,1.0,1,66.899,151.198,7.0,5.0,1081.0
69ef8ab7568d77681e4892f9,9,martial_arts,QMA02,repeat_short,1,1.0,1,66.899,151.198,7.0,5.0,1081.0
69ef8ab7568d77681e4892f9,9,martial_arts,QMA03,repeat_short,1,1.0,1,66.899,151.198,7.0,5.0,1081.0
69ef8ab7568d77681e4892f9,9,martial_arts,QMA04,repeat_short,1,1.0,1,66.899,151.198,7.0,5.0,1081.0
69ef8ab7568d77681e4892f9,9,martial_arts,QMA05,repeat_short,1,1.0,1,66.899,151.198,7.0,5.0,1081.0
69ef8ab7568d77681e4892f9,9,fruits_v2,QF_V2_01,repeat_long,1,1.0,4,86.63,149.239,6.0,4.0,1081.0
69ef8ab7568d77681e4892f9,9,fruits_v2,QF_V2_02,repeat_long,1,1.0,4,86.63,149.239,6.0,4.0,1081.0
69ef8ab7568d77681e4892f9,9,fruits_v2,QF_V2_03,repeat_long,0,0.0,4,86.63,149.239,6.0,4.0,1081.0
69ef8ab7568d77681e4892f9,9,fruits_v2,QF_V2_04,repeat_long,1,1.0,4,86.63,149.239,6.0,4.0,1081.0
69ef8ab7568d77681e4892f9,9,fruits_v2,QF_V2_05,repeat_long,0,0.0,4,86.63,149.239,6.0,4.0,1081.0
69ef8ab7568d77681e4892f9,9,astronomy,QA01,control,1,1.0,2,53.193,130.417,1.0,3.0,1081.0
69ef8ab7568d77681e4892f9,9,astronomy,QA02,control,0,0.5,2,53.193,130.417,1.0,3.0,1081.0
69ef8ab7568d77681e4892f9,9,astronomy,QA03,control,0,0.5,2,53.193,130.417,1.0,3.0,1081.0
69ef8ab7568d77681e4892f9,9,astronomy,QA04,control,1,1.0,2,53.193,130.417,1.0,3.0,1081.0
69ef8ab7568d77681e4892f9,9,astronomy,QA05,control,0,0.0,2,53.193,130.417,1.0,3.0,1081.0
69ef8ab7568d77681e4892f9,9,fabrics,QFB01,distractor,0,0.5,3,72.401,73.401,8.0,6.0,1081.0
69ef8ab7568d77681e4892f9,9,fabrics,QFB02,distractor,0,0.5,3,72.401,73.401,8.0,6.0,1081.0
69ef8ab7568d77681e4892f9,9,fabrics,QFB03,distractor,1,1.0,3,72.401,73.401,8.0,6.0,1081.0
69ef8ab7568d77681e4892f9,9,fabrics,QFB04,distractor,0,0.0,3,72.401,73.401,8.0,6.0,1081.0
69ef8ab7568d77681e4892f9,9,fabrics,QFB05,distractor,1,1.0,3,72.401,73.401,8.0,6.0,1081.0
6a2589e7b0645f2f7f1cc52c,22,martial_arts,QMA01,distractor,0,0.0,4,76.729,72.583,9.0,10.0,689.0
6a2589e7b0645f2f7f1cc52c,22,martial_arts,QMA02,distractor,0,0.0,4,76.729,72.583,9.0,10.0,689.0
6a2589e7b0645f2f7f1cc52c,22,martial_arts,QMA03,distractor,0,0.0,4,76.729,72.583,9.0,10.0,689.0
6a2589e7b0645f2f7f1cc52c,22,martial_arts,QMA04,distractor,0,0.0,4,76.729,72.583,9.0,10.0,689.0
6a2589e7b0645f2f7f1cc52c,22,martial_arts,QMA05,distractor,0,0.0,4,76.729,72.583,9.0,10.0,689.0
6a2589e7b0645f2f7f1cc52c,22,fruits_v2,QF_V2_01,repeat_short,1,1.0,1,60.076,72.325,2.0,4.0,689.0
6a2589e7b0645f2f7f1cc52c,22,fruits_v2,QF_V2_02,repeat_short,1,1.0,1,60.076,72.325,2.0,4.0,689.0
6a2589e7b0645f2f7f1cc52c,22,fruits_v2,QF_V2_03,repeat_short,0,0.0,1,60.076,72.325,2.0,4.0,689.0
6a2589e7b0645f2f7f1cc52c,22,fruits_v2,QF_V2_04,repeat_short,1,1.0,1,60.076,72.325,2.0,4.0,689.0
6a2589e7b0645f2f7f1cc52c,22,fruits_v2,QF_V2_05,repeat_short,1,1.0,1,60.076,72.325,2.0,4.0,689.0
6a2589e7b0645f2f7f1cc52c,22,astronomy,QA01,repeat_long,0,0.0,3,79.09,79.807,8.0,8.0,689.0
6a2589e7b0645f2f7f1cc52c,22,astronomy,QA02,repeat_long,1,1.0,3,79.09,79.807,8.0,8.0,689.0
6a2589e7b0645f2f7f1cc52c,22,astronomy,QA03,repeat_long,0,0.5,3,79.09,79.807,8.0,8.0,689.0
6a2589e7b0645f2f7f1cc52c,22,astronomy,QA04,repeat_long,0,0.0,3,79.09,79.807,8.0,8.0,689.0
6a2589e7b0645f2f7f1cc52c,22,astronomy,QA05,repeat_long,0,0.0,3,79.09,79.807,8.0,8.0,689.0
6a2589e7b0645f2f7f1cc52c,22,fabrics,QFB01,control,0,0.0,2,48.277,70.776,2.0,3.0,689.0
6a2589e7b0645f2f7f1cc52c,22,fabrics,QFB02,control,1,1.0,2,48.277,70.776,2.0,3.0,689.0
6a2589e7b0645f2f7f1cc52c,22,fabrics,QFB03,control,1,1.0,2,48.277,70.776,2.0,3.0,689.0
6a2589e7b0645f2f7f1cc52c,22,fabrics,QFB04,control,0,0.0,2,48.277,70.776,2.0,3.0,689.0
6a2589e7b0645f2f7f1cc52c,22,fabrics,QFB05,control,1,1.0,2,48.277,70.776,2.0,3.0,689.0
69f5fb816ee6fd8d94876700,6,martial_arts,QMA01,control,0,0.5,1,62.496,74.826,5.0,7.0,1027.0
69f5fb816ee6fd8d94876700,6,martial_arts,QMA02,control,0,0.5,1,62.496,74.826,5.0,7.0,1027.0
69f5fb816ee6fd8d94876700,6,martial_arts,QMA03,control,0,0.5,1,62.496,74.826,5.0,7.0,1027.0
69f5fb816ee6fd8d94876700,6,martial_arts,QMA04,control,1,1.0,1,62.496,74.826,5.0,7.0,1027.0
69f5fb816ee6fd8d94876700,6,martial_arts,QMA05,control,0,0.5,1,62.496,74.826,5.0,7.0,1027.0
69f5fb816ee6fd8d94876700,6,fruits_v2,QF_V2_01,distractor,0,0.5,4,89.213,78.891,10.0,10.0,1027.0
69f5fb816ee6fd8d94876700,6,fruits_v2,QF_V2_02,distractor,0,0.5,4,89.213,78.891,10.0,10.0,1027.0
69f5fb816ee6fd8d94876700,6,fruits_v2,QF_V2_03,distractor,1,1.0,4,89.213,78.891,10.0,10.0,1027.0
69f5fb816ee6fd8d94876700,6,fruits_v2,QF_V2_04,distractor,0,0.0,4,89.213,78.891,10.0,10.0,1027.0
69f5fb816ee6fd8d94876700,6,fruits_v2,QF_V2_05,distractor,0,0.0,4,89.213,78.891,10.0,10.0,1027.0
69f5fb816ee6fd8d94876700,6,astronomy,QA01,repeat_long,0,0.3333333333333333,3,81.51,78.91,9.0,9.0,1027.0
69f5fb816ee6fd8d94876700,6,astronomy,QA02,repeat_long,1,1.0,3,81.51,78.91,9.0,9.0,1027.0
69f5fb816ee6fd8d94876700,6,astronomy,QA03,repeat_long,0,0.5,3,81.51,78.91,9.0,9.0,1027.0
69f5fb816ee6fd8d94876700,6,astronomy,QA04,repeat_long,1,1.0,3,81.51,78.91,9.0,9.0,1027.0
69f5fb816ee6fd8d94876700,6,astronomy,QA05,repeat_long,0,0.0,3,81.51,78.91,9.0,9.0,1027.0
69f5fb816ee6fd8d94876700,6,fabrics,QFB01,repeat_short,0,0.5,2,55.68,72.216,5.0,5.0,1027.0
69f5fb816ee6fd8d94876700,6,fabrics,QFB02,repeat_short,0,0.5,2,55.68,72.216,5.0,5.0,1027.0
69f5fb816ee6fd8d94876700,6,fabrics,QFB03,repeat_short,1,1.0,2,55.68,72.216,5.0,5.0,1027.0
69f5fb816ee6fd8d94876700,6,fabrics,QFB04,repeat_short,1,1.0,2,55.68,72.216,5.0,5.0,1027.0
69f5fb816ee6fd8d94876700,6,fabrics,QFB05,repeat_short,1,1.0,2,55.68,72.216,5.0,5.0,1027.0
67ace3fc5892a4d45463156b,16,martial_arts,QMA01,repeat_long,1,1.0,3,89.655,75.096,8.0,8.0,633.0
67ace3fc5892a4d45463156b,16,martial_arts,QMA02,repeat_long,1,1.0,3,89.655,75.096,8.0,8.0,633.0
67ace3fc5892a4d45463156b,16,martial_arts,QMA03,repeat_long,0,0.5,3,89.655,75.096,8.0,8.0,633.0
67ace3fc5892a4d45463156b,16,martial_arts,QMA04,repeat_long,1,1.0,3,89.655,75.096,8.0,8.0,633.0
67ace3fc5892a4d45463156b,16,martial_arts,QMA05,repeat_long,0,0.5,3,89.655,75.096,8.0,8.0,633.0
67ace3fc5892a4d45463156b,16,fruits_v2,QF_V2_01,repeat_short,0,0.0,4,58.27,60.244,8.0,8.0,633.0
67ace3fc5892a4d45463156b,16,fruits_v2,QF_V2_02,repeat_short,0,0.0,4,58.27,60.244,8.0,8.0,633.0
67ace3fc5892a4d45463156b,16,fruits_v2,QF_V2_03,repeat_short,1,1.0,4,58.27,60.244,8.0,8.0,633.0
67ace3fc5892a4d45463156b,16,fruits_v2,QF_V2_04,repeat_short,1,1.0,4,58.27,60.244,8.0,8.0,633.0
67ace3fc5892a4d45463156b,16,fruits_v2,QF_V2_05,repeat_short,0,0.0,4,58.27,60.244,8.0,8.0,633.0
67ace3fc5892a4d45463156b,16,astronomy,QA01,distractor,0,0.3333333333333333,1,92.429,64.488,6.0,6.0,633.0
67ace3fc5892a4d45463156b,16,astronomy,QA02,distractor,0,0.5,1,92.429,64.488,6.0,6.0,633.0
67ace3fc5892a4d45463156b,16,astronomy,QA03,distractor,0,0.5,1,92.429,64.488,6.0,6.0,633.0
67ace3fc5892a4d45463156b,16,astronomy,QA04,distractor,0,0.0,1,92.429,64.488,6.0,6.0,633.0
67ace3fc5892a4d45463156b,16,astronomy,QA05,distractor,0,0.0,1,92.429,64.488,6.0,6.0,633.0
67ace3fc5892a4d45463156b,16,fabrics,QFB01,control,0,0.5,2,48.577,57.281,7.0,7.0,633.0
67ace3fc5892a4d45463156b,16,fabrics,QFB02,control,0,0.5,2,48.577,57.281,7.0,7.0,633.0
67ace3fc5892a4d45463156b,16,fabrics,QFB03,control,1,1.0,2,48.577,57.281,7.0,7.0,633.0
67ace3fc5892a4d45463156b,16,fabrics,QFB04,control,0,0.0,2,48.577,57.281,7.0,7.0,633.0
67ace3fc5892a4d45463156b,16,fabrics,QFB05,control,0,0.5,2,48.577,57.281,7.0,7.0,633.0
6682fbc595609e3f88048a53,10,martial_arts,QMA01,repeat_short,1,1.0,4,63.862,90.26,7.0,4.0,1226.0
6682fbc595609e3f88048a53,10,martial_arts,QMA02,repeat_short,1,1.0,4,63.862,90.26,7.0,4.0,1226.0
6682fbc595609e3f88048a53,10,martial_arts,QMA03,repeat_short,1,1.0,4,63.862,90.26,7.0,4.0,1226.0
6682fbc595609e3f88048a53,10,martial_arts,QMA04,repeat_short,1,1.0,4,63.862,90.26,7.0,4.0,1226.0
6682fbc595609e3f88048a53,10,martial_arts,QMA05,repeat_short,1,1.0,4,63.862,90.26,7.0,4.0,1226.0
6682fbc595609e3f88048a53,10,fruits_v2,QF_V2_01,repeat_long,0,0.5,3,97.492,162.684,2.0,9.0,1226.0
6682fbc595609e3f88048a53,10,fruits_v2,QF_V2_02,repeat_long,0,0.5,3,97.492,162.684,2.0,9.0,1226.0
6682fbc595609e3f88048a53,10,fruits_v2,QF_V2_03,repeat_long,1,1.0,3,97.492,162.684,2.0,9.0,1226.0
6682fbc595609e3f88048a53,10,fruits_v2,QF_V2_04,repeat_long,1,1.0,3,97.492,162.684,2.0,9.0,1226.0
6682fbc595609e3f88048a53,10,fruits_v2,QF_V2_05,repeat_long,0,0.0,3,97.492,162.684,2.0,9.0,1226.0
6682fbc595609e3f88048a53,10,astronomy,QA01,distractor,0,0.3333333333333333,2,101.199,130.433,10.0,10.0,1226.0
6682fbc595609e3f88048a53,10,astronomy,QA02,distractor,0,0.5,2,101.199,130.433,10.0,10.0,1226.0
6682fbc595609e3f88048a53,10,astronomy,QA03,distractor,0,0.0,2,101.199,130.433,10.0,10.0,1226.0
6682fbc595609e3f88048a53,10,astronomy,QA04,distractor,0,0.0,2,101.199,130.433,10.0,10.0,1226.0
6682fbc595609e3f88048a53,10,astronomy,QA05,distractor,0,0.0,2,101.199,130.433,10.0,10.0,1226.0
6682fbc595609e3f88048a53,10,fabrics,QFB01,control,1,1.0,1,61.972,100.971,3.0,9.0,1226.0
6682fbc595609e3f88048a53,10,fabrics,QFB02,control,0,0.0,1,61.972,100.971,3.0,9.0,1226.0
6682fbc595609e3f88048a53,10,fabrics,QFB03,control,1,1.0,1,61.972,100.971,3.0,9.0,1226.0
6682fbc595609e3f88048a53,10,fabrics,QFB04,control,0,0.0,1,61.972,100.971,3.0,9.0,1226.0
6682fbc595609e3f88048a53,10,fabrics,QFB05,control,0,0.0,1,61.972,100.971,3.0,9.0,1226.0
674cca92742faa4642a6e9c7,14,martial_arts,QMA01,repeat_long,1,1.0,3,92.726,111.176,7.0,8.0,976.0
674cca92742faa4642a6e9c7,14,martial_arts,QMA02,repeat_long,1,1.0,3,92.726,111.176,7.0,8.0,976.0
674cca92742faa4642a6e9c7,14,martial_arts,QMA03,repeat_long,0,0.0,3,92.726,111.176,7.0,8.0,976.0
674cca92742faa4642a6e9c7,14,martial_arts,QMA04,repeat_long,1,1.0,3,92.726,111.176,7.0,8.0,976.0
674cca92742faa4642a6e9c7,14,martial_arts,QMA05,repeat_long,1,1.0,3,92.726,111.176,7.0,8.0,976.0
674cca92742faa4642a6e9c7,14,fruits_v2,QF_V2_01,control,1,1.0,2,53.339,98.658,8.0,8.0,976.0
674cca92742faa4642a6e9c7,14,fruits_v2,QF_V2_02,control,1,1.0,2,53.339,98.658,8.0,8.0,976.0
674cca92742faa4642a6e9c7,14,fruits_v2,QF_V2_03,control,0,0.0,2,53.339,98.658,8.0,8.0,976.0
674cca92742faa4642a6e9c7,14,fruits_v2,QF_V2_04,control,1,1.0,2,53.339,98.658,8.0,8.0,976.0
674cca92742faa4642a6e9c7,14,fruits_v2,QF_V2_05,control,0,0.0,2,53.339,98.658,8.0,8.0,976.0
674cca92742faa4642a6e9c7,14,astronomy,QA01,distractor,0,0.6666666666666666,4,94.902,100.079,10.0,10.0,976.0
674cca92742faa4642a6e9c7,14,astronomy,QA02,distractor,1,1.0,4,94.902,100.079,10.0,10.0,976.0
674cca92742faa4642a6e9c7,14,astronomy,QA03,distractor,0,0.5,4,94.902,100.079,10.0,10.0,976.0
674cca92742faa4642a6e9c7,14,astronomy,QA04,distractor,0,0.0,4,94.902,100.079,10.0,10.0,976.0
674cca92742faa4642a6e9c7,14,astronomy,QA05,distractor,0,0.0,4,94.902,100.079,10.0,10.0,976.0
674cca92742faa4642a6e9c7,14,fabrics,QFB01,repeat_short,0,0.5,1,62.283,67.256,6.0,3.0,976.0
674cca92742faa4642a6e9c7,14,fabrics,QFB02,repeat_short,0,0.5,1,62.283,67.256,6.0,3.0,976.0
674cca92742faa4642a6e9c7,14,fabrics,QFB03,repeat_short,1,1.0,1,62.283,67.256,6.0,3.0,976.0
674cca92742faa4642a6e9c7,14,fabrics,QFB04,repeat_short,1,1.0,1,62.283,67.256,6.0,3.0,976.0
674cca92742faa4642a6e9c7,14,fabrics,QFB05,repeat_short,1,1.0,1,62.283,67.256,6.0,3.0,976.0
6a01f0631e9411f61250e2a1,22,martial_arts,QMA01,distractor,0,0.0,3,84.719,215.36,6.0,7.0,1378.0
6a01f0631e9411f61250e2a1,22,martial_arts,QMA02,distractor,1,1.0,3,84.719,215.36,6.0,7.0,1378.0
6a01f0631e9411f61250e2a1,22,martial_arts,QMA03,distractor,1,1.0,3,84.719,215.36,6.0,7.0,1378.0
6a01f0631e9411f61250e2a1,22,martial_arts,QMA04,distractor,0,0.0,3,84.719,215.36,6.0,7.0,1378.0
6a01f0631e9411f61250e2a1,22,martial_arts,QMA05,distractor,0,0.0,3,84.719,215.36,6.0,7.0,1378.0
6a01f0631e9411f61250e2a1,22,fruits_v2,QF_V2_01,repeat_short,1,1.0,4,66.609,249.114,5.0,6.0,1378.0
6a01f0631e9411f61250e2a1,22,fruits_v2,QF_V2_02,repeat_short,0,0.5,4,66.609,249.114,5.0,6.0,1378.0
6a01f0631e9411f61250e2a1,22,fruits_v2,QF_V2_03,repeat_short,0,0.0,4,66.609,249.114,5.0,6.0,1378.0
6a01f0631e9411f61250e2a1,22,fruits_v2,QF_V2_04,repeat_short,1,1.0,4,66.609,249.114,5.0,6.0,1378.0
6a01f0631e9411f61250e2a1,22,fruits_v2,QF_V2_05,repeat_short,1,1.0,4,66.609,249.114,5.0,6.0,1378.0
6a01f0631e9411f61250e2a1,22,astronomy,QA01,repeat_long,1,1.0,1,84.634,142.358,2.0,3.0,1378.0
6a01f0631e9411f61250e2a1,22,astronomy,QA02,repeat_long,1,1.0,1,84.634,142.358,2.0,3.0,1378.0
6a01f0631e9411f61250e2a1,22,astronomy,QA03,repeat_long,1,1.0,1,84.634,142.358,2.0,3.0,1378.0
6a01f0631e9411f61250e2a1,22,astronomy,QA04,repeat_long,0,0.0,1,84.634,142.358,2.0,3.0,1378.0
6a01f0631e9411f61250e2a1,22,astronomy,QA05,repeat_long,0,0.0,1,84.634,142.358,2.0,3.0,1378.0
6a01f0631e9411f61250e2a1,22,fabrics,QFB01,control,1,1.0,2,66.258,163.026,3.0,4.0,1378.0
6a01f0631e9411f61250e2a1,22,fabrics,QFB02,control,1,1.0,2,66.258,163.026,3.0,4.0,1378.0
6a01f0631e9411f61250e2a1,22,fabrics,QFB03,control,0,0.0,2,66.258,163.026,3.0,4.0,1378.0
6a01f0631e9411f61250e2a1,22,fabrics,QFB04,control,1,1.0,2,66.258,163.026,3.0,4.0,1378.0
6a01f0631e9411f61250e2a1,22,fabrics,QFB05,control,1,1.0,2,66.258,163.026,3.0,4.0,1378.0
5e544727059e3744ccdd4c3b,23,martial_arts,QMA01,distractor,1,1.0,2,116.969,61.894,4.0,5.0,1246.0
5e544727059e3744ccdd4c3b,23,martial_arts,QMA02,distractor,0,0.5,2,116.969,61.894,4.0,5.0,1246.0
5e544727059e3744ccdd4c3b,23,martial_arts,QMA03,distractor,0,0.5,2,116.969,61.894,4.0,5.0,1246.0
5e544727059e3744ccdd4c3b,23,martial_arts,QMA04,distractor,1,1.0,2,116.969,61.894,4.0,5.0,1246.0
5e544727059e3744ccdd4c3b,23,martial_arts,QMA05,distractor,1,1.0,2,116.969,61.894,4.0,5.0,1246.0
5e544727059e3744ccdd4c3b,23,fruits_v2,QF_V2_01,repeat_long,0,0.5,3,138.346,115.132,6.0,5.0,1246.0
5e544727059e3744ccdd4c3b,23,fruits_v2,QF_V2_02,repeat_long,0,0.0,3,138.346,115.132,6.0,5.0,1246.0
5e544727059e3744ccdd4c3b,23,fruits_v2,QF_V2_03,repeat_long,0,0.0,3,138.346,115.132,6.0,5.0,1246.0
5e544727059e3744ccdd4c3b,23,fruits_v2,QF_V2_04,repeat_long,0,0.0,3,138.346,115.132,6.0,5.0,1246.0
5e544727059e3744ccdd4c3b,23,fruits_v2,QF_V2_05,repeat_long,0,0.0,3,138.346,115.132,6.0,5.0,1246.0
5e544727059e3744ccdd4c3b,23,astronomy,QA01,control,0,0.6666666666666666,4,100.294,102.596,5.0,6.0,1246.0
5e544727059e3744ccdd4c3b,23,astronomy,QA02,control,0,0.5,4,100.294,102.596,5.0,6.0,1246.0
5e544727059e3744ccdd4c3b,23,astronomy,QA03,control,0,0.5,4,100.294,102.596,5.0,6.0,1246.0
5e544727059e3744ccdd4c3b,23,astronomy,QA04,control,0,0.0,4,100.294,102.596,5.0,6.0,1246.0
5e544727059e3744ccdd4c3b,23,astronomy,QA05,control,0,0.0,4,100.294,102.596,5.0,6.0,1246.0
5e544727059e3744ccdd4c3b,23,fabrics,QFB01,repeat_short,1,1.0,1,80.427,68.359,3.0,5.0,1246.0
5e544727059e3744ccdd4c3b,23,fabrics,QFB02,repeat_short,0,0.5,1,80.427,68.359,3.0,5.0,1246.0
5e544727059e3744ccdd4c3b,23,fabrics,QFB03,repeat_short,1,1.0,1,80.427,68.359,3.0,5.0,1246.0
5e544727059e3744ccdd4c3b,23,fabrics,QFB04,repeat_short,0,0.0,1,80.427,68.359,3.0,5.0,1246.0
5e544727059e3744ccdd4c3b,23,fabrics,QFB05,repeat_short,1,1.0,1,80.427,68.359,3.0,5.0,1246.0
69beddef130e4b750f5a4823,23,martial_arts,QMA01,distractor,1,1.0,1,80.947,54.826,6.0,7.0,588.0
69beddef130e4b750f5a4823,23,martial_arts,QMA02,distractor,1,1.0,1,80.947,54.826,6.0,7.0,588.0
69beddef130e4b750f5a4823,23,martial_arts,QMA03,distractor,0,0.0,1,80.947,54.826,6.0,7.0,588.0
69beddef130e4b750f5a4823,23,martial_arts,QMA04,distractor,1,1.0,1,80.947,54.826,6.0,7.0,588.0
69beddef130e4b750f5a4823,23,martial_arts,QMA05,distractor,1,1.0,1,80.947,54.826,6.0,7.0,588.0
69beddef130e4b750f5a4823,23,fruits_v2,QF_V2_01,repeat_long,1,1.0,2,87.314,50.222,8.0,8.0,588.0
69beddef130e4b750f5a4823,23,fruits_v2,QF_V2_02,repeat_long,1,1.0,2,87.314,50.222,8.0,8.0,588.0
69beddef130e4b750f5a4823,23,fruits_v2,QF_V2_03,repeat_long,1,1.0,2,87.314,50.222,8.0,8.0,588.0
69beddef130e4b750f5a4823,23,fruits_v2,QF_V2_04,repeat_long,1,1.0,2,87.314,50.222,8.0,8.0,588.0
69beddef130e4b750f5a4823,23,fruits_v2,QF_V2_05,repeat_long,0,0.0,2,87.314,50.222,8.0,8.0,588.0
69beddef130e4b750f5a4823,23,astronomy,QA01,control,0,0.3333333333333333,3,53.087,47.15,9.0,9.0,588.0
69beddef130e4b750f5a4823,23,astronomy,QA02,control,0,0.5,3,53.087,47.15,9.0,9.0,588.0
69beddef130e4b750f5a4823,23,astronomy,QA03,control,0,0.0,3,53.087,47.15,9.0,9.0,588.0
69beddef130e4b750f5a4823,23,astronomy,QA04,control,0,0.0,3,53.087,47.15,9.0,9.0,588.0
69beddef130e4b750f5a4823,23,astronomy,QA05,control,0,0.0,3,53.087,47.15,9.0,9.0,588.0
69beddef130e4b750f5a4823,23,fabrics,QFB01,repeat_short,1,1.0,4,53.348,58.178,8.0,8.0,588.0
69beddef130e4b750f5a4823,23,fabrics,QFB02,repeat_short,1,1.0,4,53.348,58.178,8.0,8.0,588.0
69beddef130e4b750f5a4823,23,fabrics,QFB03,repeat_short,1,1.0,4,53.348,58.178,8.0,8.0,588.0
69beddef130e4b750f5a4823,23,fabrics,QFB04,repeat_short,0,0.0,4,53.348,58.178,8.0,8.0,588.0
69beddef130e4b750f5a4823,23,fabrics,QFB05,repeat_short,1,1.0,4,53.348,58.178,8.0,8.0,588.0
69f3f24e09e5124ba651a349,3,martial_arts,QMA01,control,1,1.0,3,73.449,283.266,6.0,7.0,1598.0
69f3f24e09e5124ba651a349,3,martial_arts,QMA02,control,0,0.5,3,73.449,283.266,6.0,7.0,1598.0
69f3f24e09e5124ba651a349,3,martial_arts,QMA03,control,0,0.5,3,73.449,283.266,6.0,7.0,1598.0
69f3f24e09e5124ba651a349,3,martial_arts,QMA04,control,1,1.0,3,73.449,283.266,6.0,7.0,1598.0
69f3f24e09e5124ba651a349,3,martial_arts,QMA05,control,1,1.0,3,73.449,283.266,6.0,7.0,1598.0
69f3f24e09e5124ba651a349,3,fruits_v2,QF_V2_01,repeat_long,1,1.0,2,177.129,275.444,10.0,10.0,1598.0
69f3f24e09e5124ba651a349,3,fruits_v2,QF_V2_02,repeat_long,0,0.5,2,177.129,275.444,10.0,10.0,1598.0
69f3f24e09e5124ba651a349,3,fruits_v2,QF_V2_03,repeat_long,0,0.0,2,177.129,275.444,10.0,10.0,1598.0
69f3f24e09e5124ba651a349,3,fruits_v2,QF_V2_04,repeat_long,1,1.0,2,177.129,275.444,10.0,10.0,1598.0
69f3f24e09e5124ba651a349,3,fruits_v2,QF_V2_05,repeat_long,1,1.0,2,177.129,275.444,10.0,10.0,1598.0
69f3f24e09e5124ba651a349,3,astronomy,QA01,repeat_short,0,0.6666666666666666,4,75.756,168.183,10.0,10.0,1598.0
69f3f24e09e5124ba651a349,3,astronomy,QA02,repeat_short,1,1.0,4,75.756,168.183,10.0,10.0,1598.0
69f3f24e09e5124ba651a349,3,astronomy,QA03,repeat_short,0,0.5,4,75.756,168.183,10.0,10.0,1598.0
69f3f24e09e5124ba651a349,3,astronomy,QA04,repeat_short,0,0.0,4,75.756,168.183,10.0,10.0,1598.0
69f3f24e09e5124ba651a349,3,astronomy,QA05,repeat_short,0,0.0,4,75.756,168.183,10.0,10.0,1598.0
69f7c356f8962a4ac26bbfb9,3,martial_arts,QMA01,control,0,0.0,4,77.845,86.134,2.0,2.0,1571.0
69f7c356f8962a4ac26bbfb9,3,martial_arts,QMA02,control,0,0.5,4,77.845,86.134,2.0,2.0,1571.0
69f7c356f8962a4ac26bbfb9,3,martial_arts,QMA03,control,0,0.5,4,77.845,86.134,2.0,2.0,1571.0
69f7c356f8962a4ac26bbfb9,3,martial_arts,QMA04,control,1,1.0,4,77.845,86.134,2.0,2.0,1571.0
69f7c356f8962a4ac26bbfb9,3,martial_arts,QMA05,control,1,1.0,4,77.845,86.134,2.0,2.0,1571.0
69f7c356f8962a4ac26bbfb9,3,fruits_v2,QF_V2_01,repeat_long,1,1.0,3,157.402,140.968,2.0,2.0,1571.0
69f7c356f8962a4ac26bbfb9,3,fruits_v2,QF_V2_02,repeat_long,0,0.5,3,157.402,140.968,2.0,2.0,1571.0
69f7c356f8962a4ac26bbfb9,3,fruits_v2,QF_V2_03,repeat_long,1,1.0,3,157.402,140.968,2.0,2.0,1571.0
69f7c356f8962a4ac26bbfb9,3,fruits_v2,QF_V2_04,repeat_long,1,1.0,3,157.402,140.968,2.0,2.0,1571.0
69f7c356f8962a4ac26bbfb9,3,fruits_v2,QF_V2_05,repeat_long,1,1.0,3,157.402,140.968,2.0,2.0,1571.0
69f7c356f8962a4ac26bbfb9,3,astronomy,QA01,repeat_short,1,1.0,2,60.96,94.621,2.0,2.0,1571.0
69f7c356f8962a4ac26bbfb9,3,astronomy,QA02,repeat_short,1,1.0,2,60.96,94.621,2.0,2.0,1571.0
69f7c356f8962a4ac26bbfb9,3,astronomy,QA03,repeat_short,1,1.0,2,60.96,94.621,2.0,2.0,1571.0
69f7c356f8962a4ac26bbfb9,3,astronomy,QA04,repeat_short,0,0.0,2,60.96,94.621,2.0,2.0,1571.0
69f7c356f8962a4ac26bbfb9,3,astronomy,QA05,repeat_short,1,1.0,2,60.96,94.621,2.0,2.0,1571.0
59d9d9cd8fd07a0001842484,11,martial_arts,QMA01,repeat_short,1,1.0,1,65.919,57.87,2.0,4.0,1514.0
59d9d9cd8fd07a0001842484,11,martial_arts,QMA02,repeat_short,1,1.0,1,65.919,57.87,2.0,4.0,1514.0
59d9d9cd8fd07a0001842484,11,martial_arts,QMA03,repeat_short,1,1.0,1,65.919,57.87,2.0,4.0,1514.0
59d9d9cd8fd07a0001842484,11,martial_arts,QMA04,repeat_short,1,1.0,1,65.919,57.87,2.0,4.0,1514.0
59d9d9cd8fd07a0001842484,11,martial_arts,QMA05,repeat_short,0,0.5,1,65.919,57.87,2.0,4.0,1514.0
59d9d9cd8fd07a0001842484,11,fruits_v2,QF_V2_01,distractor,0,0.0,2,83.351,64.387,4.0,7.0,1514.0
59d9d9cd8fd07a0001842484,11,fruits_v2,QF_V2_02,distractor,0,0.0,2,83.351,64.387,4.0,7.0,1514.0
59d9d9cd8fd07a0001842484,11,fruits_v2,QF_V2_03,distractor,0,0.0,2,83.351,64.387,4.0,7.0,1514.0
59d9d9cd8fd07a0001842484,11,fruits_v2,QF_V2_04,distractor,0,0.0,2,83.351,64.387,4.0,7.0,1514.0
59d9d9cd8fd07a0001842484,11,fruits_v2,QF_V2_05,distractor,0,0.0,2,83.351,64.387,4.0,7.0,1514.0
59d9d9cd8fd07a0001842484,11,astronomy,QA01,control,0,0.3333333333333333,4,51.917,59.211,4.0,6.0,1514.0
59d9d9cd8fd07a0001842484,11,astronomy,QA02,control,0,0.5,4,51.917,59.211,4.0,6.0,1514.0
59d9d9cd8fd07a0001842484,11,astronomy,QA03,control,0,0.5,4,51.917,59.211,4.0,6.0,1514.0
59d9d9cd8fd07a0001842484,11,astronomy,QA04,control,1,1.0,4,51.917,59.211,4.0,6.0,1514.0
59d9d9cd8fd07a0001842484,11,astronomy,QA05,control,0,0.0,4,51.917,59.211,4.0,6.0,1514.0
59d9d9cd8fd07a0001842484,11,fabrics,QFB01,repeat_long,1,1.0,3,69.942,55.425,1.0,3.0,1514.0
59d9d9cd8fd07a0001842484,11,fabrics,QFB02,repeat_long,1,1.0,3,69.942,55.425,1.0,3.0,1514.0
59d9d9cd8fd07a0001842484,11,fabrics,QFB03,repeat_long,1,1.0,3,69.942,55.425,1.0,3.0,1514.0
59d9d9cd8fd07a0001842484,11,fabrics,QFB04,repeat_long,0,0.0,3,69.942,55.425,1.0,3.0,1514.0
59d9d9cd8fd07a0001842484,11,fabrics,QFB05,repeat_long,1,1.0,3,69.942,55.425,1.0,3.0,1514.0
655f8edb8b128e01321fbf88,5,martial_arts,QMA01,control,1,1.0,2,67.088,309.839,1.0,3.0,1604.0
655f8edb8b128e01321fbf88,5,martial_arts,QMA02,control,1,1.0,2,67.088,309.839,1.0,3.0,1604.0
655f8edb8b128e01321fbf88,5,martial_arts,QMA03,control,0,0.5,2,67.088,309.839,1.0,3.0,1604.0
655f8edb8b128e01321fbf88,5,martial_arts,QMA04,control,0,0.0,2,67.088,309.839,1.0,3.0,1604.0
655f8edb8b128e01321fbf88,5,martial_arts,QMA05,control,0,0.5,2,67.088,309.839,1.0,3.0,1604.0
655f8edb8b128e01321fbf88,5,fruits_v2,QF_V2_01,distractor,1,1.0,4,90.934,355.619,1.0,2.0,1604.0
655f8edb8b128e01321fbf88,5,fruits_v2,QF_V2_02,distractor,1,1.0,4,90.934,355.619,1.0,2.0,1604.0
655f8edb8b128e01321fbf88,5,fruits_v2,QF_V2_03,distractor,1,1.0,4,90.934,355.619,1.0,2.0,1604.0
655f8edb8b128e01321fbf88,5,fruits_v2,QF_V2_04,distractor,0,0.0,4,90.934,355.619,1.0,2.0,1604.0
655f8edb8b128e01321fbf88,5,fruits_v2,QF_V2_05,distractor,1,1.0,4,90.934,355.619,1.0,2.0,1604.0
655f8edb8b128e01321fbf88,5,astronomy,QA01,repeat_short,0,0.6666666666666666,1,80.685,235.692,1.0,2.0,1604.0
655f8edb8b128e01321fbf88,5,astronomy,QA02,repeat_short,1,1.0,1,80.685,235.692,1.0,2.0,1604.0
655f8edb8b128e01321fbf88,5,astronomy,QA03,repeat_short,1,1.0,1,80.685,235.692,1.0,2.0,1604.0
655f8edb8b128e01321fbf88,5,astronomy,QA04,repeat_short,1,1.0,1,80.685,235.692,1.0,2.0,1604.0
655f8edb8b128e01321fbf88,5,astronomy,QA05,repeat_short,0,0.0,1,80.685,235.692,1.0,2.0,1604.0
655f8edb8b128e01321fbf88,5,fabrics,QFB01,repeat_long,0,0.5,3,73.765,182.511,1.0,1.0,1604.0
655f8edb8b128e01321fbf88,5,fabrics,QFB02,repeat_long,1,1.0,3,73.765,182.511,1.0,1.0,1604.0
655f8edb8b128e01321fbf88,5,fabrics,QFB03,repeat_long,1,1.0,3,73.765,182.511,1.0,1.0,1604.0
655f8edb8b128e01321fbf88,5,fabrics,QFB04,repeat_long,0,0.0,3,73.765,182.511,1.0,1.0,1604.0
655f8edb8b128e01321fbf88,5,fabrics,QFB05,repeat_long,0,0.0,3,73.765,182.511,1.0,1.0,1604.0
67e0658ecffaf739c0e39dc6,15,martial_arts,QMA01,repeat_long,0,0.5,3,93.891,48.754,7.0,7.0,1531.0
67e0658ecffaf739c0e39dc6,15,martial_arts,QMA02,repeat_long,1,1.0,3,93.891,48.754,7.0,7.0,1531.0
67e0658ecffaf739c0e39dc6,15,martial_arts,QMA03,repeat_long,0,0.5,3,93.891,48.754,7.0,7.0,1531.0
67e0658ecffaf739c0e39dc6,15,martial_arts,QMA04,repeat_long,1,1.0,3,93.891,48.754,7.0,7.0,1531.0
67e0658ecffaf739c0e39dc6,15,martial_arts,QMA05,repeat_long,1,1.0,3,93.891,48.754,7.0,7.0,1531.0
67e0658ecffaf739c0e39dc6,15,astronomy,QA01,control,0,0.3333333333333333,1,62.629,59.711,5.0,5.0,1531.0
67e0658ecffaf739c0e39dc6,15,astronomy,QA02,control,0,0.5,1,62.629,59.711,5.0,5.0,1531.0
67e0658ecffaf739c0e39dc6,15,astronomy,QA03,control,0,0.0,1,62.629,59.711,5.0,5.0,1531.0
67e0658ecffaf739c0e39dc6,15,astronomy,QA04,control,0,0.0,1,62.629,59.711,5.0,5.0,1531.0
67e0658ecffaf739c0e39dc6,15,astronomy,QA05,control,0,0.0,1,62.629,59.711,5.0,5.0,1531.0
67e0658ecffaf739c0e39dc6,15,fabrics,QFB01,distractor,0,0.5,2,73.289,52.265,5.0,5.0,1531.0
67e0658ecffaf739c0e39dc6,15,fabrics,QFB02,distractor,1,1.0,2,73.289,52.265,5.0,5.0,1531.0
67e0658ecffaf739c0e39dc6,15,fabrics,QFB03,distractor,1,1.0,2,73.289,52.265,5.0,5.0,1531.0
67e0658ecffaf739c0e39dc6,15,fabrics,QFB04,distractor,0,0.0,2,73.289,52.265,5.0,5.0,1531.0
67e0658ecffaf739c0e39dc6,15,fabrics,QFB05,distractor,1,1.0,2,73.289,52.265,5.0,5.0,1531.0
6636e27b4926cd0c965f3a47,12,martial_arts,QMA01,repeat_short,1,1.0,2,71.929,117.904,2.0,5.0,1289.0
6636e27b4926cd0c965f3a47,12,martial_arts,QMA02,repeat_short,1,1.0,2,71.929,117.904,2.0,5.0,1289.0
6636e27b4926cd0c965f3a47,12,martial_arts,QMA03,repeat_short,1,1.0,2,71.929,117.904,2.0,5.0,1289.0
6636e27b4926cd0c965f3a47,12,martial_arts,QMA04,repeat_short,1,1.0,2,71.929,117.904,2.0,5.0,1289.0
6636e27b4926cd0c965f3a47,12,martial_arts,QMA05,repeat_short,0,0.5,2,71.929,117.904,2.0,5.0,1289.0
6636e27b4926cd0c965f3a47,12,fruits_v2,QF_V2_01,distractor,0,0.0,4,101.72,110.02,9.0,9.0,1289.0
6636e27b4926cd0c965f3a47,12,fruits_v2,QF_V2_02,distractor,0,0.5,4,101.72,110.02,9.0,9.0,1289.0
6636e27b4926cd0c965f3a47,12,fruits_v2,QF_V2_03,distractor,0,0.0,4,101.72,110.02,9.0,9.0,1289.0
6636e27b4926cd0c965f3a47,12,fruits_v2,QF_V2_04,distractor,1,1.0,4,101.72,110.02,9.0,9.0,1289.0
6636e27b4926cd0c965f3a47,12,fruits_v2,QF_V2_05,distractor,1,1.0,4,101.72,110.02,9.0,9.0,1289.0
6636e27b4926cd0c965f3a47,12,astronomy,QA01,repeat_long,1,1.0,3,90.937,101.957,2.0,4.0,1289.0
6636e27b4926cd0c965f3a47,12,astronomy,QA02,repeat_long,1,1.0,3,90.937,101.957,2.0,4.0,1289.0
6636e27b4926cd0c965f3a47,12,astronomy,QA03,repeat_long,1,1.0,3,90.937,101.957,2.0,4.0,1289.0
6636e27b4926cd0c965f3a47,12,astronomy,QA04,repeat_long,1,1.0,3,90.937,101.957,2.0,4.0,1289.0
6636e27b4926cd0c965f3a47,12,astronomy,QA05,repeat_long,1,1.0,3,90.937,101.957,2.0,4.0,1289.0
6636e27b4926cd0c965f3a47,12,fabrics,QFB01,control,0,0.0,1,58.376,122.762,4.0,7.0,1289.0
6636e27b4926cd0c965f3a47,12,fabrics,QFB02,control,0,0.5,1,58.376,122.762,4.0,7.0,1289.0
6636e27b4926cd0c965f3a47,12,fabrics,QFB03,control,0,0.0,1,58.376,122.762,4.0,7.0,1289.0
6636e27b4926cd0c965f3a47,12,fabrics,QFB04,control,1,1.0,1,58.376,122.762,4.0,7.0,1289.0
6636e27b4926cd0c965f3a47,12,fabrics,QFB05,control,1,1.0,1,58.376,122.762,4.0,7.0,1289.0
5e7b6486b704ac034e3f01c8,19,martial_arts,QMA01,distractor,0,0.5,4,78.953,49.037,10.0,10.0,1188.0
5e7b6486b704ac034e3f01c8,19,martial_arts,QMA02,distractor,0,0.5,4,78.953,49.037,10.0,10.0,1188.0
5e7b6486b704ac034e3f01c8,19,martial_arts,QMA03,distractor,0,0.5,4,78.953,49.037,10.0,10.0,1188.0
5e7b6486b704ac034e3f01c8,19,martial_arts,QMA04,distractor,0,0.0,4,78.953,49.037,10.0,10.0,1188.0
5e7b6486b704ac034e3f01c8,19,martial_arts,QMA05,distractor,0,0.0,4,78.953,49.037,10.0,10.0,1188.0
5e7b6486b704ac034e3f01c8,19,fruits_v2,QF_V2_01,control,0,0.0,3,52.589,203.092,10.0,10.0,1188.0
5e7b6486b704ac034e3f01c8,19,fruits_v2,QF_V2_02,control,0,0.0,3,52.589,203.092,10.0,10.0,1188.0
5e7b6486b704ac034e3f01c8,19,fruits_v2,QF_V2_03,control,0,0.0,3,52.589,203.092,10.0,10.0,1188.0
5e7b6486b704ac034e3f01c8,19,fruits_v2,QF_V2_04,control,0,0.0,3,52.589,203.092,10.0,10.0,1188.0
5e7b6486b704ac034e3f01c8,19,fruits_v2,QF_V2_05,control,0,0.0,3,52.589,203.092,10.0,10.0,1188.0
5e7b6486b704ac034e3f01c8,19,astronomy,QA01,repeat_short,0,0.3333333333333333,2,54.607,327.494,10.0,10.0,1188.0
5e7b6486b704ac034e3f01c8,19,astronomy,QA02,repeat_short,0,0.5,2,54.607,327.494,10.0,10.0,1188.0
5e7b6486b704ac034e3f01c8,19,astronomy,QA03,repeat_short,0,0.5,2,54.607,327.494,10.0,10.0,1188.0
5e7b6486b704ac034e3f01c8,19,astronomy,QA04,repeat_short,1,1.0,2,54.607,327.494,10.0,10.0,1188.0
5e7b6486b704ac034e3f01c8,19,astronomy,QA05,repeat_short,0,0.0,2,54.607,327.494,10.0,10.0,1188.0
5e7b6486b704ac034e3f01c8,19,fabrics,QFB01,repeat_long,1,1.0,1,70.125,40.871,6.0,8.0,1188.0
5e7b6486b704ac034e3f01c8,19,fabrics,QFB02,repeat_long,0,0.0,1,70.125,40.871,6.0,8.0,1188.0
5e7b6486b704ac034e3f01c8,19,fabrics,QFB03,repeat_long,1,1.0,1,70.125,40.871,6.0,8.0,1188.0
5e7b6486b704ac034e3f01c8,19,fabrics,QFB04,repeat_long,0,0.0,1,70.125,40.871,6.0,8.0,1188.0
5e7b6486b704ac034e3f01c8,19,fabrics,QFB05,repeat_long,0,0.5,1,70.125,40.871,6.0,8.0,1188.0
6a265d40654b120fa49aea47,12,martial_arts,QMA01,repeat_short,0,0.5,4,64.684,160.388,4.0,5.0,1645.0
6a265d40654b120fa49aea47,12,martial_arts,QMA02,repeat_short,1,1.0,4,64.684,160.388,4.0,5.0,1645.0
6a265d40654b120fa49aea47,12,martial_arts,QMA03,repeat_short,1,1.0,4,64.684,160.388,4.0,5.0,1645.0
6a265d40654b120fa49aea47,12,martial_arts,QMA04,repeat_short,1,1.0,4,64.684,160.388,4.0,5.0,1645.0
6a265d40654b120fa49aea47,12,martial_arts,QMA05,repeat_short,1,1.0,4,64.684,160.388,4.0,5.0,1645.0
6a265d40654b120fa49aea47,12,fruits_v2,QF_V2_01,distractor,1,1.0,1,101.055,242.411,5.0,6.0,1645.0
6a265d40654b120fa49aea47,12,fruits_v2,QF_V2_02,distractor,0,0.5,1,101.055,242.411,5.0,6.0,1645.0
6a265d40654b120fa49aea47,12,fruits_v2,QF_V2_03,distractor,1,1.0,1,101.055,242.411,5.0,6.0,1645.0
6a265d40654b120fa49aea47,12,fruits_v2,QF_V2_04,distractor,1,1.0,1,101.055,242.411,5.0,6.0,1645.0
6a265d40654b120fa49aea47,12,fruits_v2,QF_V2_05,distractor,1,1.0,1,101.055,242.411,5.0,6.0,1645.0
6a265d40654b120fa49aea47,12,astronomy,QA01,repeat_long,1,1.0,2,97.57,365.212,4.0,6.0,1645.0
6a265d40654b120fa49aea47,12,astronomy,QA02,repeat_long,1,1.0,2,97.57,365.212,4.0,6.0,1645.0
6a265d40654b120fa49aea47,12,astronomy,QA03,repeat_long,1,1.0,2,97.57,365.212,4.0,6.0,1645.0
6a265d40654b120fa49aea47,12,astronomy,QA04,repeat_long,1,1.0,2,97.57,365.212,4.0,6.0,1645.0
6a265d40654b120fa49aea47,12,astronomy,QA05,repeat_long,1,1.0,2,97.57,365.212,4.0,6.0,1645.0
6a265d40654b120fa49aea47,12,fabrics,QFB01,control,0,0.0,3,67.446,323.562,4.0,6.0,1645.0
6a265d40654b120fa49aea47,12,fabrics,QFB02,control,1,1.0,3,67.446,323.562,4.0,6.0,1645.0
6a265d40654b120fa49aea47,12,fabrics,QFB03,control,0,0.0,3,67.446,323.562,4.0,6.0,1645.0
6a265d40654b120fa49aea47,12,fabrics,QFB04,control,1,1.0,3,67.446,323.562,4.0,6.0,1645.0
6a265d40654b120fa49aea47,12,fabrics,QFB05,control,1,1.0,3,67.446,323.562,4.0,6.0,1645.0
63480954af4c7db036aa6595,22,martial_arts,QMA01,distractor,0,0.0,3,82.643,64.168,8.0,9.0,675.0
63480954af4c7db036aa6595,22,martial_arts,QMA02,distractor,0,0.5,3,82.643,64.168,8.0,9.0,675.0
63480954af4c7db036aa6595,22,martial_arts,QMA03,distractor,0,0.5,3,82.643,64.168,8.0,9.0,675.0
63480954af4c7db036aa6595,22,martial_arts,QMA04,distractor,0,0.0,3,82.643,64.168,8.0,9.0,675.0
63480954af4c7db036aa6595,22,martial_arts,QMA05,distractor,0,0.5,3,82.643,64.168,8.0,9.0,675.0
63480954af4c7db036aa6595,22,fruits_v2,QF_V2_01,repeat_short,0,0.0,4,68.128,89.868,8.0,7.0,675.0
63480954af4c7db036aa6595,22,fruits_v2,QF_V2_02,repeat_short,0,0.5,4,68.128,89.868,8.0,7.0,675.0
63480954af4c7db036aa6595,22,fruits_v2,QF_V2_03,repeat_short,0,0.0,4,68.128,89.868,8.0,7.0,675.0
63480954af4c7db036aa6595,22,fruits_v2,QF_V2_04,repeat_short,1,1.0,4,68.128,89.868,8.0,7.0,675.0
63480954af4c7db036aa6595,22,fruits_v2,QF_V2_05,repeat_short,0,0.0,4,68.128,89.868,8.0,7.0,675.0
63480954af4c7db036aa6595,22,fabrics,QFB01,control,0,0.5,2,48.891,53.334,7.0,8.0,675.0
63480954af4c7db036aa6595,22,fabrics,QFB02,control,0,0.5,2,48.891,53.334,7.0,8.0,675.0
63480954af4c7db036aa6595,22,fabrics,QFB03,control,1,1.0,2,48.891,53.334,7.0,8.0,675.0
63480954af4c7db036aa6595,22,fabrics,QFB04,control,0,0.0,2,48.891,53.334,7.0,8.0,675.0
63480954af4c7db036aa6595,22,fabrics,QFB05,control,1,1.0,2,48.891,53.334,7.0,8.0,675.0
5dd40277e08a363e4e006384,21,martial_arts,QMA01,distractor,1,1.0,3,119.27,70.069,10.0,9.0,951.0
5dd40277e08a363e4e006384,21,martial_arts,QMA02,distractor,1,1.0,3,119.27,70.069,10.0,9.0,951.0
5dd40277e08a363e4e006384,21,martial_arts,QMA03,distractor,0,0.5,3,119.27,70.069,10.0,9.0,951.0
5dd40277e08a363e4e006384,21,martial_arts,QMA04,distractor,1,1.0,3,119.27,70.069,10.0,9.0,951.0
5dd40277e08a363e4e006384,21,martial_arts,QMA05,distractor,0,0.0,3,119.27,70.069,10.0,9.0,951.0
5dd40277e08a363e4e006384,21,fruits_v2,QF_V2_01,repeat_short,1,1.0,4,60.253,86.18,10.0,10.0,951.0
5dd40277e08a363e4e006384,21,fruits_v2,QF_V2_02,repeat_short,0,0.0,4,60.253,86.18,10.0,10.0,951.0
5dd40277e08a363e4e006384,21,fruits_v2,QF_V2_03,repeat_short,1,1.0,4,60.253,86.18,10.0,10.0,951.0
5dd40277e08a363e4e006384,21,fruits_v2,QF_V2_04,repeat_short,1,1.0,4,60.253,86.18,10.0,10.0,951.0
5dd40277e08a363e4e006384,21,fruits_v2,QF_V2_05,repeat_short,0,0.0,4,60.253,86.18,10.0,10.0,951.0
5dd40277e08a363e4e006384,21,astronomy,QA01,control,0,0.6666666666666666,2,53.496,56.164,6.0,9.0,951.0
5dd40277e08a363e4e006384,21,astronomy,QA02,control,0,0.5,2,53.496,56.164,6.0,9.0,951.0
5dd40277e08a363e4e006384,21,astronomy,QA03,control,0,0.5,2,53.496,56.164,6.0,9.0,951.0
5dd40277e08a363e4e006384,21,astronomy,QA04,control,0,0.0,2,53.496,56.164,6.0,9.0,951.0
5dd40277e08a363e4e006384,21,astronomy,QA05,control,0,0.0,2,53.496,56.164,6.0,9.0,951.0
5dd40277e08a363e4e006384,21,fabrics,QFB01,repeat_long,0,0.5,1,73.538,50.891,5.0,3.0,951.0
5dd40277e08a363e4e006384,21,fabrics,QFB02,repeat_long,0,0.5,1,73.538,50.891,5.0,3.0,951.0
5dd40277e08a363e4e006384,21,fabrics,QFB03,repeat_long,1,1.0,1,73.538,50.891,5.0,3.0,951.0
5dd40277e08a363e4e006384,21,fabrics,QFB04,repeat_long,0,0.0,1,73.538,50.891,5.0,3.0,951.0
5dd40277e08a363e4e006384,21,fabrics,QFB05,repeat_long,1,1.0,1,73.538,50.891,5.0,3.0,951.0
6a040516128db656899afe5f,15,martial_arts,QMA01,repeat_long,1,1.0,4,131.935,99.451,2.0,2.0,1511.0
6a040516128db656899afe5f,15,martial_arts,QMA02,repeat_long,0,0.5,4,131.935,99.451,2.0,2.0,1511.0
6a040516128db656899afe5f,15,martial_arts,QMA03,repeat_long,0,0.0,4,131.935,99.451,2.0,2.0,1511.0
6a040516128db656899afe5f,15,martial_arts,QMA04,repeat_long,0,0.0,4,131.935,99.451,2.0,2.0,1511.0
6a040516128db656899afe5f,15,martial_arts,QMA05,repeat_long,1,1.0,4,131.935,99.451,2.0,2.0,1511.0
6a040516128db656899afe5f,15,fruits_v2,QF_V2_01,repeat_short,0,0.5,1,129.501,77.111,3.0,5.0,1511.0
6a040516128db656899afe5f,15,fruits_v2,QF_V2_02,repeat_short,0,0.5,1,129.501,77.111,3.0,5.0,1511.0
6a040516128db656899afe5f,15,fruits_v2,QF_V2_03,repeat_short,1,1.0,1,129.501,77.111,3.0,5.0,1511.0
6a040516128db656899afe5f,15,fruits_v2,QF_V2_04,repeat_short,1,1.0,1,129.501,77.111,3.0,5.0,1511.0
6a040516128db656899afe5f,15,fruits_v2,QF_V2_05,repeat_short,0,0.0,1,129.501,77.111,3.0,5.0,1511.0
6a040516128db656899afe5f,15,astronomy,QA01,control,0,0.6666666666666666,3,124.862,95.231,2.0,3.0,1511.0
6a040516128db656899afe5f,15,astronomy,QA02,control,1,1.0,3,124.862,95.231,2.0,3.0,1511.0
6a040516128db656899afe5f,15,astronomy,QA03,control,0,0.5,3,124.862,95.231,2.0,3.0,1511.0
6a040516128db656899afe5f,15,astronomy,QA04,control,0,0.0,3,124.862,95.231,2.0,3.0,1511.0
6a040516128db656899afe5f,15,astronomy,QA05,control,1,1.0,3,124.862,95.231,2.0,3.0,1511.0
6a040516128db656899afe5f,15,fabrics,QFB01,distractor,0,0.0,2,87.657,101.221,2.0,2.0,1511.0
6a040516128db656899afe5f,15,fabrics,QFB02,distractor,1,1.0,2,87.657,101.221,2.0,2.0,1511.0
6a040516128db656899afe5f,15,fabrics,QFB03,distractor,1,1.0,2,87.657,101.221,2.0,2.0,1511.0
6a040516128db656899afe5f,15,fabrics,QFB04,distractor,0,0.0,2,87.657,101.221,2.0,2.0,1511.0
6a040516128db656899afe5f,15,fabrics,QFB05,distractor,0,0.0,2,87.657,101.221,2.0,2.0,1511.0
59e7a66e62637600014a7d69,1,martial_arts,QMA01,control,0,0.5,3,61.155,62.543,6.0,6.0,695.0
59e7a66e62637600014a7d69,1,martial_arts,QMA02,control,0,0.5,3,61.155,62.543,6.0,6.0,695.0
59e7a66e62637600014a7d69,1,martial_arts,QMA03,control,0,0.5,3,61.155,62.543,6.0,6.0,695.0
59e7a66e62637600014a7d69,1,martial_arts,QMA04,control,0,0.0,3,61.155,62.543,6.0,6.0,695.0
59e7a66e62637600014a7d69,1,martial_arts,QMA05,control,0,0.5,3,61.155,62.543,6.0,6.0,695.0
59e7a66e62637600014a7d69,1,fruits_v2,QF_V2_01,repeat_short,0,0.5,2,59.786,79.24,5.0,7.0,695.0
59e7a66e62637600014a7d69,1,fruits_v2,QF_V2_02,repeat_short,0,0.5,2,59.786,79.24,5.0,7.0,695.0
59e7a66e62637600014a7d69,1,fruits_v2,QF_V2_03,repeat_short,0,0.0,2,59.786,79.24,5.0,7.0,695.0
59e7a66e62637600014a7d69,1,fruits_v2,QF_V2_04,repeat_short,0,0.0,2,59.786,79.24,5.0,7.0,695.0
59e7a66e62637600014a7d69,1,fruits_v2,QF_V2_05,repeat_short,0,0.0,2,59.786,79.24,5.0,7.0,695.0
59e7a66e62637600014a7d69,1,astronomy,QA01,repeat_long,1,1.0,4,82.319,97.067,4.0,6.0,695.0
59e7a66e62637600014a7d69,1,astronomy,QA02,repeat_long,1,1.0,4,82.319,97.067,4.0,6.0,695.0
59e7a66e62637600014a7d69,1,astronomy,QA03,repeat_long,0,0.0,4,82.319,97.067,4.0,6.0,695.0
59e7a66e62637600014a7d69,1,astronomy,QA04,repeat_long,1,1.0,4,82.319,97.067,4.0,6.0,695.0
59e7a66e62637600014a7d69,1,astronomy,QA05,repeat_long,0,0.0,4,82.319,97.067,4.0,6.0,695.0
59e7a66e62637600014a7d69,1,fabrics,QFB01,distractor,1,1.0,1,76.625,53.567,7.0,5.0,695.0
59e7a66e62637600014a7d69,1,fabrics,QFB02,distractor,0,0.5,1,76.625,53.567,7.0,5.0,695.0
59e7a66e62637600014a7d69,1,fabrics,QFB03,distractor,1,1.0,1,76.625,53.567,7.0,5.0,695.0
59e7a66e62637600014a7d69,1,fabrics,QFB04,distractor,0,0.0,1,76.625,53.567,7.0,5.0,695.0
59e7a66e62637600014a7d69,1,fabrics,QFB05,distractor,0,0.5,1,76.625,53.567,7.0,5.0,695.0
5ed6a80ac3b8620fd41f5fd6,11,martial_arts,QMA01,repeat_short,1,1.0,1,70.011,61.451,9.0,9.0,1326.0
5ed6a80ac3b8620fd41f5fd6,11,martial_arts,QMA02,repeat_short,0,0.5,1,70.011,61.451,9.0,9.0,1326.0
5ed6a80ac3b8620fd41f5fd6,11,martial_arts,QMA03,repeat_short,0,0.5,1,70.011,61.451,9.0,9.0,1326.0
5ed6a80ac3b8620fd41f5fd6,11,martial_arts,QMA04,repeat_short,0,0.0,1,70.011,61.451,9.0,9.0,1326.0
5ed6a80ac3b8620fd41f5fd6,11,martial_arts,QMA05,repeat_short,0,0.5,1,70.011,61.451,9.0,9.0,1326.0
5ed6a80ac3b8620fd41f5fd6,11,fruits_v2,QF_V2_01,distractor,1,1.0,2,87.995,52.625,9.0,9.0,1326.0
5ed6a80ac3b8620fd41f5fd6,11,fruits_v2,QF_V2_02,distractor,1,1.0,2,87.995,52.625,9.0,9.0,1326.0
5ed6a80ac3b8620fd41f5fd6,11,fruits_v2,QF_V2_03,distractor,0,0.0,2,87.995,52.625,9.0,9.0,1326.0
5ed6a80ac3b8620fd41f5fd6,11,fruits_v2,QF_V2_04,distractor,1,1.0,2,87.995,52.625,9.0,9.0,1326.0
5ed6a80ac3b8620fd41f5fd6,11,fruits_v2,QF_V2_05,distractor,0,0.0,2,87.995,52.625,9.0,9.0,1326.0
5ed6a80ac3b8620fd41f5fd6,11,astronomy,QA01,control,0,0.0,4,54.099,32.156,10.0,10.0,1326.0
5ed6a80ac3b8620fd41f5fd6,11,astronomy,QA02,control,0,0.5,4,54.099,32.156,10.0,10.0,1326.0
5ed6a80ac3b8620fd41f5fd6,11,astronomy,QA03,control,0,0.0,4,54.099,32.156,10.0,10.0,1326.0
5ed6a80ac3b8620fd41f5fd6,11,astronomy,QA04,control,1,1.0,4,54.099,32.156,10.0,10.0,1326.0
5ed6a80ac3b8620fd41f5fd6,11,astronomy,QA05,control,1,1.0,4,54.099,32.156,10.0,10.0,1326.0
5ed6a80ac3b8620fd41f5fd6,11,fabrics,QFB01,repeat_long,0,0.5,3,72.046,37.379,10.0,10.0,1326.0
5ed6a80ac3b8620fd41f5fd6,11,fabrics,QFB02,repeat_long,0,0.0,3,72.046,37.379,10.0,10.0,1326.0
5ed6a80ac3b8620fd41f5fd6,11,fabrics,QFB03,repeat_long,1,1.0,3,72.046,37.379,10.0,10.0,1326.0
5ed6a80ac3b8620fd41f5fd6,11,fabrics,QFB04,repeat_long,0,0.0,3,72.046,37.379,10.0,10.0,1326.0
5ed6a80ac3b8620fd41f5fd6,11,fabrics,QFB05,repeat_long,0,0.5,3,72.046,37.379,10.0,10.0,1326.0
62cd9b920ed1b7c1648818d3,20,martial_arts,QMA01,distractor,0,0.5,2,85.394,118.772,6.0,10.0,1043.0
62cd9b920ed1b7c1648818d3,20,martial_arts,QMA02,distractor,0,0.5,2,85.394,118.772,6.0,10.0,1043.0
62cd9b920ed1b7c1648818d3,20,martial_arts,QMA03,distractor,0,0.5,2,85.394,118.772,6.0,10.0,1043.0
62cd9b920ed1b7c1648818d3,20,martial_arts,QMA04,distractor,1,1.0,2,85.394,118.772,6.0,10.0,1043.0
62cd9b920ed1b7c1648818d3,20,martial_arts,QMA05,distractor,1,1.0,2,85.394,118.772,6.0,10.0,1043.0
62cd9b920ed1b7c1648818d3,20,fruits_v2,QF_V2_01,control,0,0.5,4,53.962,151.884,6.0,10.0,1043.0
62cd9b920ed1b7c1648818d3,20,fruits_v2,QF_V2_02,control,0,0.5,4,53.962,151.884,6.0,10.0,1043.0
62cd9b920ed1b7c1648818d3,20,fruits_v2,QF_V2_03,control,0,0.0,4,53.962,151.884,6.0,10.0,1043.0
62cd9b920ed1b7c1648818d3,20,fruits_v2,QF_V2_04,control,1,1.0,4,53.962,151.884,6.0,10.0,1043.0
62cd9b920ed1b7c1648818d3,20,fruits_v2,QF_V2_05,control,0,0.0,4,53.962,151.884,6.0,10.0,1043.0
62cd9b920ed1b7c1648818d3,20,astronomy,QA01,repeat_long,1,1.0,1,93.323,207.954,2.0,9.0,1043.0
62cd9b920ed1b7c1648818d3,20,astronomy,QA02,repeat_long,0,0.5,1,93.323,207.954,2.0,9.0,1043.0
62cd9b920ed1b7c1648818d3,20,astronomy,QA03,repeat_long,0,0.5,1,93.323,207.954,2.0,9.0,1043.0
62cd9b920ed1b7c1648818d3,20,astronomy,QA04,repeat_long,1,1.0,1,93.323,207.954,2.0,9.0,1043.0
62cd9b920ed1b7c1648818d3,20,astronomy,QA05,repeat_long,0,0.0,1,93.323,207.954,2.0,9.0,1043.0
62cd9b920ed1b7c1648818d3,20,fabrics,QFB01,repeat_short,1,1.0,3,62.888,110.655,6.0,9.0,1043.0
62cd9b920ed1b7c1648818d3,20,fabrics,QFB02,repeat_short,1,1.0,3,62.888,110.655,6.0,9.0,1043.0
62cd9b920ed1b7c1648818d3,20,fabrics,QFB03,repeat_short,1,1.0,3,62.888,110.655,6.0,9.0,1043.0
62cd9b920ed1b7c1648818d3,20,fabrics,QFB04,repeat_short,0,0.0,3,62.888,110.655,6.0,9.0,1043.0
62cd9b920ed1b7c1648818d3,20,fabrics,QFB05,repeat_short,1,1.0,3,62.888,110.655,6.0,9.0,1043.0
62a889993e01c9e01ee7066e,23,martial_arts,QMA01,distractor,1,1.0,3,75.723,64.473,5.0,7.0,1009.0
62a889993e01c9e01ee7066e,23,martial_arts,QMA02,distractor,0,0.0,3,75.723,64.473,5.0,7.0,1009.0
62a889993e01c9e01ee7066e,23,martial_arts,QMA03,distractor,1,1.0,3,75.723,64.473,5.0,7.0,1009.0
62a889993e01c9e01ee7066e,23,martial_arts,QMA04,distractor,1,1.0,3,75.723,64.473,5.0,7.0,1009.0
62a889993e01c9e01ee7066e,23,martial_arts,QMA05,distractor,1,1.0,3,75.723,64.473,5.0,7.0,1009.0
62a889993e01c9e01ee7066e,23,fruits_v2,QF_V2_01,repeat_long,0,0.5,4,98.112,42.767,7.0,6.0,1009.0
62a889993e01c9e01ee7066e,23,fruits_v2,QF_V2_02,repeat_long,0,0.5,4,98.112,42.767,7.0,6.0,1009.0
62a889993e01c9e01ee7066e,23,fruits_v2,QF_V2_03,repeat_long,1,1.0,4,98.112,42.767,7.0,6.0,1009.0
62a889993e01c9e01ee7066e,23,fruits_v2,QF_V2_04,repeat_long,1,1.0,4,98.112,42.767,7.0,6.0,1009.0
62a889993e01c9e01ee7066e,23,fruits_v2,QF_V2_05,repeat_long,0,0.0,4,98.112,42.767,7.0,6.0,1009.0
62a889993e01c9e01ee7066e,23,astronomy,QA01,control,0,0.0,1,55.869,89.971,2.0,8.0,1009.0
62a889993e01c9e01ee7066e,23,astronomy,QA02,control,1,1.0,1,55.869,89.971,2.0,8.0,1009.0
62a889993e01c9e01ee7066e,23,astronomy,QA03,control,1,1.0,1,55.869,89.971,2.0,8.0,1009.0
62a889993e01c9e01ee7066e,23,astronomy,QA04,control,0,0.0,1,55.869,89.971,2.0,8.0,1009.0
62a889993e01c9e01ee7066e,23,astronomy,QA05,control,0,0.0,1,55.869,89.971,2.0,8.0,1009.0
62a889993e01c9e01ee7066e,23,fabrics,QFB01,repeat_short,0,0.5,2,164.984,49.875,2.0,2.0,1009.0
62a889993e01c9e01ee7066e,23,fabrics,QFB02,repeat_short,1,1.0,2,164.984,49.875,2.0,2.0,1009.0
62a889993e01c9e01ee7066e,23,fabrics,QFB03,repeat_short,1,1.0,2,164.984,49.875,2.0,2.0,1009.0
62a889993e01c9e01ee7066e,23,fabrics,QFB04,repeat_short,1,1.0,2,164.984,49.875,2.0,2.0,1009.0
62a889993e01c9e01ee7066e,23,fabrics,QFB05,repeat_short,1,1.0,2,164.984,49.875,2.0,2.0,1009.0
5ea89d0c5a0a9c12978f8263,6,martial_arts,QMA01,control,0,0.0,3,61.066,73.648,7.0,7.0,727.0
5ea89d0c5a0a9c12978f8263,6,martial_arts,QMA02,control,0,0.5,3,61.066,73.648,7.0,7.0,727.0
5ea89d0c5a0a9c12978f8263,6,martial_arts,QMA03,control,0,0.0,3,61.066,73.648,7.0,7.0,727.0
5ea89d0c5a0a9c12978f8263,6,martial_arts,QMA04,control,0,0.0,3,61.066,73.648,7.0,7.0,727.0
5ea89d0c5a0a9c12978f8263,6,martial_arts,QMA05,control,0,0.0,3,61.066,73.648,7.0,7.0,727.0
5ea89d0c5a0a9c12978f8263,6,fruits_v2,QF_V2_01,distractor,0,0.5,4,83.986,73.356,9.0,9.0,727.0
5ea89d0c5a0a9c12978f8263,6,fruits_v2,QF_V2_02,distractor,1,1.0,4,83.986,73.356,9.0,9.0,727.0
5ea89d0c5a0a9c12978f8263,6,fruits_v2,QF_V2_03,distractor,0,0.0,4,83.986,73.356,9.0,9.0,727.0
5ea89d0c5a0a9c12978f8263,6,fruits_v2,QF_V2_04,distractor,1,1.0,4,83.986,73.356,9.0,9.0,727.0
5ea89d0c5a0a9c12978f8263,6,fruits_v2,QF_V2_05,distractor,1,1.0,4,83.986,73.356,9.0,9.0,727.0
5ea89d0c5a0a9c12978f8263,6,astronomy,QA01,repeat_long,1,1.0,1,81.252,86.352,5.0,5.0,727.0
5ea89d0c5a0a9c12978f8263,6,astronomy,QA02,repeat_long,1,1.0,1,81.252,86.352,5.0,5.0,727.0
5ea89d0c5a0a9c12978f8263,6,astronomy,QA03,repeat_long,0,0.5,1,81.252,86.352,5.0,5.0,727.0
5ea89d0c5a0a9c12978f8263,6,astronomy,QA04,repeat_long,1,1.0,1,81.252,86.352,5.0,5.0,727.0
5ea89d0c5a0a9c12978f8263,6,astronomy,QA05,repeat_long,0,0.0,1,81.252,86.352,5.0,5.0,727.0
5ea89d0c5a0a9c12978f8263,6,fabrics,QFB01,repeat_short,1,1.0,2,55.334,71.632,8.0,8.0,727.0
5ea89d0c5a0a9c12978f8263,6,fabrics,QFB02,repeat_short,0,0.5,2,55.334,71.632,8.0,8.0,727.0
5ea89d0c5a0a9c12978f8263,6,fabrics,QFB03,repeat_short,1,1.0,2,55.334,71.632,8.0,8.0,727.0
5ea89d0c5a0a9c12978f8263,6,fabrics,QFB04,repeat_short,1,1.0,2,55.334,71.632,8.0,8.0,727.0
5ea89d0c5a0a9c12978f8263,6,fabrics,QFB05,repeat_short,0,0.5,2,55.334,71.632,8.0,8.0,727.0
6a19f50e96c5d4bf980f4f85,11,martial_arts,QMA01,repeat_short,1,1.0,1,74.751,185.642,3.0,3.0,1609.0
6a19f50e96c5d4bf980f4f85,11,martial_arts,QMA02,repeat_short,1,1.0,1,74.751,185.642,3.0,3.0,1609.0
6a19f50e96c5d4bf980f4f85,11,martial_arts,QMA03,repeat_short,0,0.0,1,74.751,185.642,3.0,3.0,1609.0
6a19f50e96c5d4bf980f4f85,11,martial_arts,QMA04,repeat_short,1,1.0,1,74.751,185.642,3.0,3.0,1609.0
6a19f50e96c5d4bf980f4f85,11,martial_arts,QMA05,repeat_short,1,1.0,1,74.751,185.642,3.0,3.0,1609.0
6a19f50e96c5d4bf980f4f85,11,fruits_v2,QF_V2_01,distractor,0,0.5,3,90.722,363.367,6.0,7.0,1609.0
6a19f50e96c5d4bf980f4f85,11,fruits_v2,QF_V2_02,distractor,0,0.5,3,90.722,363.367,6.0,7.0,1609.0
6a19f50e96c5d4bf980f4f85,11,fruits_v2,QF_V2_03,distractor,0,0.0,3,90.722,363.367,6.0,7.0,1609.0
6a19f50e96c5d4bf980f4f85,11,fruits_v2,QF_V2_04,distractor,1,1.0,3,90.722,363.367,6.0,7.0,1609.0
6a19f50e96c5d4bf980f4f85,11,fruits_v2,QF_V2_05,distractor,1,1.0,3,90.722,363.367,6.0,7.0,1609.0
6a19f50e96c5d4bf980f4f85,11,astronomy,QA01,control,1,1.0,2,57.615,139.486,2.0,2.0,1609.0
6a19f50e96c5d4bf980f4f85,11,astronomy,QA02,control,0,0.5,2,57.615,139.486,2.0,2.0,1609.0
6a19f50e96c5d4bf980f4f85,11,astronomy,QA03,control,1,1.0,2,57.615,139.486,2.0,2.0,1609.0
6a19f50e96c5d4bf980f4f85,11,astronomy,QA04,control,1,1.0,2,57.615,139.486,2.0,2.0,1609.0
6a19f50e96c5d4bf980f4f85,11,astronomy,QA05,control,1,1.0,2,57.615,139.486,2.0,2.0,1609.0
6a19f50e96c5d4bf980f4f85,11,fabrics,QFB01,repeat_long,0,0.5,4,72.516,202.808,7.0,7.0,1609.0
6a19f50e96c5d4bf980f4f85,11,fabrics,QFB02,repeat_long,0,0.5,4,72.516,202.808,7.0,7.0,1609.0
6a19f50e96c5d4bf980f4f85,11,fabrics,QFB03,repeat_long,1,1.0,4,72.516,202.808,7.0,7.0,1609.0
6a19f50e96c5d4bf980f4f85,11,fabrics,QFB04,repeat_long,1,1.0,4,72.516,202.808,7.0,7.0,1609.0
6a19f50e96c5d4bf980f4f85,11,fabrics,QFB05,repeat_long,1,1.0,4,72.516,202.808,7.0,7.0,1609.0
60ff2c3d915d23318b73ae8d,19,martial_arts,QMA01,distractor,1,1.0,4,77.487,96.785,6.0,7.0,1171.0
60ff2c3d915d23318b73ae8d,19,martial_arts,QMA02,distractor,0,0.5,4,77.487,96.785,6.0,7.0,1171.0
60ff2c3d915d23318b73ae8d,19,martial_arts,QMA03,distractor,0,0.0,4,77.487,96.785,6.0,7.0,1171.0
60ff2c3d915d23318b73ae8d,19,martial_arts,QMA04,distractor,1,1.0,4,77.487,96.785,6.0,7.0,1171.0
60ff2c3d915d23318b73ae8d,19,martial_arts,QMA05,distractor,1,1.0,4,77.487,96.785,6.0,7.0,1171.0
60ff2c3d915d23318b73ae8d,19,fruits_v2,QF_V2_01,control,1,1.0,3,51.96,147.793,4.0,5.0,1171.0
60ff2c3d915d23318b73ae8d,19,fruits_v2,QF_V2_02,control,1,1.0,3,51.96,147.793,4.0,5.0,1171.0
60ff2c3d915d23318b73ae8d,19,fruits_v2,QF_V2_03,control,1,1.0,3,51.96,147.793,4.0,5.0,1171.0
60ff2c3d915d23318b73ae8d,19,fruits_v2,QF_V2_04,control,1,1.0,3,51.96,147.793,4.0,5.0,1171.0
60ff2c3d915d23318b73ae8d,19,fruits_v2,QF_V2_05,control,1,1.0,3,51.96,147.793,4.0,5.0,1171.0
60ff2c3d915d23318b73ae8d,19,astronomy,QA01,repeat_short,1,1.0,2,57.687,144.963,3.0,4.0,1171.0
60ff2c3d915d23318b73ae8d,19,astronomy,QA02,repeat_short,1,1.0,2,57.687,144.963,3.0,4.0,1171.0
60ff2c3d915d23318b73ae8d,19,astronomy,QA03,repeat_short,0,0.5,2,57.687,144.963,3.0,4.0,1171.0
60ff2c3d915d23318b73ae8d,19,astronomy,QA04,repeat_short,0,0.0,2,57.687,144.963,3.0,4.0,1171.0
60ff2c3d915d23318b73ae8d,19,astronomy,QA05,repeat_short,0,0.0,2,57.687,144.963,3.0,4.0,1171.0
60ff2c3d915d23318b73ae8d,19,fabrics,QFB01,repeat_long,0,0.5,1,80.173,102.581,2.0,4.0,1171.0
60ff2c3d915d23318b73ae8d,19,fabrics,QFB02,repeat_long,0,0.0,1,80.173,102.581,2.0,4.0,1171.0
60ff2c3d915d23318b73ae8d,19,fabrics,QFB03,repeat_long,1,1.0,1,80.173,102.581,2.0,4.0,1171.0
60ff2c3d915d23318b73ae8d,19,fabrics,QFB04,repeat_long,0,0.0,1,80.173,102.581,2.0,4.0,1171.0
60ff2c3d915d23318b73ae8d,19,fabrics,QFB05,repeat_long,0,0.5,1,80.173,102.581,2.0,4.0,1171.0
66463df7a1a0caa5d1825307,15,martial_arts,QMA01,repeat_long,1,1.0,1,131.316,154.902,0.0,3.0,1818.0
66463df7a1a0caa5d1825307,15,martial_arts,QMA02,repeat_long,1,1.0,1,131.316,154.902,0.0,3.0,1818.0
66463df7a1a0caa5d1825307,15,martial_arts,QMA03,repeat_long,0,0.5,1,131.316,154.902,0.0,3.0,1818.0
66463df7a1a0caa5d1825307,15,martial_arts,QMA04,repeat_long,0,0.0,1,131.316,154.902,0.0,3.0,1818.0
66463df7a1a0caa5d1825307,15,martial_arts,QMA05,repeat_long,0,0.0,1,131.316,154.902,0.0,3.0,1818.0
66463df7a1a0caa5d1825307,15,fruits_v2,QF_V2_01,repeat_short,0,0.5,3,72.015,171.515,1.0,5.0,1818.0
66463df7a1a0caa5d1825307,15,fruits_v2,QF_V2_02,repeat_short,1,1.0,3,72.015,171.515,1.0,5.0,1818.0
66463df7a1a0caa5d1825307,15,fruits_v2,QF_V2_03,repeat_short,1,1.0,3,72.015,171.515,1.0,5.0,1818.0
66463df7a1a0caa5d1825307,15,fruits_v2,QF_V2_04,repeat_short,1,1.0,3,72.015,171.515,1.0,5.0,1818.0
66463df7a1a0caa5d1825307,15,fruits_v2,QF_V2_05,repeat_short,0,0.0,3,72.015,171.515,1.0,5.0,1818.0
66463df7a1a0caa5d1825307,15,astronomy,QA01,control,0,0.3333333333333333,2,56.952,585.906,0.0,6.0,1818.0
66463df7a1a0caa5d1825307,15,astronomy,QA02,control,0,0.5,2,56.952,585.906,0.0,6.0,1818.0
66463df7a1a0caa5d1825307,15,astronomy,QA03,control,0,0.0,2,56.952,585.906,0.0,6.0,1818.0
66463df7a1a0caa5d1825307,15,astronomy,QA04,control,0,0.0,2,56.952,585.906,0.0,6.0,1818.0
66463df7a1a0caa5d1825307,15,astronomy,QA05,control,0,0.0,2,56.952,585.906,0.0,6.0,1818.0
66463df7a1a0caa5d1825307,15,fabrics,QFB01,distractor,0,0.5,4,74.905,225.423,1.0,5.0,1818.0
66463df7a1a0caa5d1825307,15,fabrics,QFB02,distractor,0,0.5,4,74.905,225.423,1.0,5.0,1818.0
66463df7a1a0caa5d1825307,15,fabrics,QFB03,distractor,1,1.0,4,74.905,225.423,1.0,5.0,1818.0
66463df7a1a0caa5d1825307,15,fabrics,QFB04,distractor,0,0.0,4,74.905,225.423,1.0,5.0,1818.0
66463df7a1a0caa5d1825307,15,fabrics,QFB05,distractor,0,0.0,4,74.905,225.423,1.0,5.0,1818.0
69d52bc46b3e1b412fa40b72,4,martial_arts,QMA01,control,0,0.0,3,74.597,457.843,3.0,4.0,1685.0
69d52bc46b3e1b412fa40b72,4,martial_arts,QMA02,control,0,0.5,3,74.597,457.843,3.0,4.0,1685.0
69d52bc46b3e1b412fa40b72,4,martial_arts,QMA03,control,0,0.5,3,74.597,457.843,3.0,4.0,1685.0
69d52bc46b3e1b412fa40b72,4,martial_arts,QMA04,control,1,1.0,3,74.597,457.843,3.0,4.0,1685.0
69d52bc46b3e1b412fa40b72,4,martial_arts,QMA05,control,0,0.0,3,74.597,457.843,3.0,4.0,1685.0
69d52bc46b3e1b412fa40b72,4,fruits_v2,QF_V2_01,repeat_long,1,1.0,4,96.333,346.311,4.0,4.0,1685.0
69d52bc46b3e1b412fa40b72,4,fruits_v2,QF_V2_02,repeat_long,1,1.0,4,96.333,346.311,4.0,4.0,1685.0
69d52bc46b3e1b412fa40b72,4,fruits_v2,QF_V2_03,repeat_long,1,1.0,4,96.333,346.311,4.0,4.0,1685.0
69d52bc46b3e1b412fa40b72,4,fruits_v2,QF_V2_04,repeat_long,0,0.0,4,96.333,346.311,4.0,4.0,1685.0
69d52bc46b3e1b412fa40b72,4,fruits_v2,QF_V2_05,repeat_long,0,0.0,4,96.333,346.311,4.0,4.0,1685.0
69d52bc46b3e1b412fa40b72,4,astronomy,QA01,distractor,0,0.3333333333333333,2,96.117,213.199,9.0,8.0,1685.0
69d52bc46b3e1b412fa40b72,4,astronomy,QA02,distractor,0,0.5,2,96.117,213.199,9.0,8.0,1685.0
69d52bc46b3e1b412fa40b72,4,astronomy,QA03,distractor,0,0.5,2,96.117,213.199,9.0,8.0,1685.0
69d52bc46b3e1b412fa40b72,4,astronomy,QA04,distractor,0,0.0,2,96.117,213.199,9.0,8.0,1685.0
69d52bc46b3e1b412fa40b72,4,astronomy,QA05,distractor,1,1.0,2,96.117,213.199,9.0,8.0,1685.0
69d52bc46b3e1b412fa40b72,4,fabrics,QFB01,repeat_short,0,0.5,1,64.489,100.162,4.0,5.0,1685.0
69d52bc46b3e1b412fa40b72,4,fabrics,QFB02,repeat_short,1,1.0,1,64.489,100.162,4.0,5.0,1685.0
69d52bc46b3e1b412fa40b72,4,fabrics,QFB03,repeat_short,0,0.0,1,64.489,100.162,4.0,5.0,1685.0
69d52bc46b3e1b412fa40b72,4,fabrics,QFB04,repeat_short,1,1.0,1,64.489,100.162,4.0,5.0,1685.0
69d52bc46b3e1b412fa40b72,4,fabrics,QFB05,repeat_short,1,1.0,1,64.489,100.162,4.0,5.0,1685.0
69f27611bd86f7418fba0854,11,martial_arts,QMA01,repeat_short,1,1.0,1,71.285,253.213,1.0,1.0,1523.0
69f27611bd86f7418fba0854,11,martial_arts,QMA02,repeat_short,1,1.0,1,71.285,253.213,1.0,1.0,1523.0
69f27611bd86f7418fba0854,11,martial_arts,QMA03,repeat_short,1,1.0,1,71.285,253.213,1.0,1.0,1523.0
69f27611bd86f7418fba0854,11,martial_arts,QMA04,repeat_short,1,1.0,1,71.285,253.213,1.0,1.0,1523.0
69f27611bd86f7418fba0854,11,martial_arts,QMA05,repeat_short,1,1.0,1,71.285,253.213,1.0,1.0,1523.0
69f27611bd86f7418fba0854,11,fruits_v2,QF_V2_01,distractor,1,1.0,4,92.339,135.581,1.0,2.0,1523.0
69f27611bd86f7418fba0854,11,fruits_v2,QF_V2_02,distractor,0,0.5,4,92.339,135.581,1.0,2.0,1523.0
69f27611bd86f7418fba0854,11,fruits_v2,QF_V2_03,distractor,1,1.0,4,92.339,135.581,1.0,2.0,1523.0
69f27611bd86f7418fba0854,11,fruits_v2,QF_V2_04,distractor,1,1.0,4,92.339,135.581,1.0,2.0,1523.0
69f27611bd86f7418fba0854,11,fruits_v2,QF_V2_05,distractor,1,1.0,4,92.339,135.581,1.0,2.0,1523.0
69f27611bd86f7418fba0854,11,astronomy,QA01,control,1,1.0,3,65.004,124.643,1.0,2.0,1523.0
69f27611bd86f7418fba0854,11,astronomy,QA02,control,1,1.0,3,65.004,124.643,1.0,2.0,1523.0
69f27611bd86f7418fba0854,11,astronomy,QA03,control,1,1.0,3,65.004,124.643,1.0,2.0,1523.0
69f27611bd86f7418fba0854,11,astronomy,QA04,control,1,1.0,3,65.004,124.643,1.0,2.0,1523.0
69f27611bd86f7418fba0854,11,astronomy,QA05,control,1,1.0,3,65.004,124.643,1.0,2.0,1523.0
69f27611bd86f7418fba0854,11,fabrics,QFB01,repeat_long,1,1.0,2,115.523,371.125,2.0,3.0,1523.0
69f27611bd86f7418fba0854,11,fabrics,QFB02,repeat_long,1,1.0,2,115.523,371.125,2.0,3.0,1523.0
69f27611bd86f7418fba0854,11,fabrics,QFB03,repeat_long,1,1.0,2,115.523,371.125,2.0,3.0,1523.0
69f27611bd86f7418fba0854,11,fabrics,QFB04,repeat_long,1,1.0,2,115.523,371.125,2.0,3.0,1523.0
69f27611bd86f7418fba0854,11,fabrics,QFB05,repeat_long,1,1.0,2,115.523,371.125,2.0,3.0,1523.0
661dd11d5523e507da514925,19,martial_arts,QMA01,distractor,1,1.0,1,193.519,70.189,4.0,6.0,2086.0
661dd11d5523e507da514925,19,martial_arts,QMA02,distractor,0,0.5,1,193.519,70.189,4.0,6.0,2086.0
661dd11d5523e507da514925,19,martial_arts,QMA03,distractor,0,0.5,1,193.519,70.189,4.0,6.0,2086.0
661dd11d5523e507da514925,19,martial_arts,QMA04,distractor,0,0.0,1,193.519,70.189,4.0,6.0,2086.0
661dd11d5523e507da514925,19,martial_arts,QMA05,distractor,0,0.5,1,193.519,70.189,4.0,6.0,2086.0
661dd11d5523e507da514925,19,fruits_v2,QF_V2_01,control,0,0.5,3,645.89,42.349,8.0,6.0,2086.0
661dd11d5523e507da514925,19,fruits_v2,QF_V2_02,control,0,0.0,3,645.89,42.349,8.0,6.0,2086.0
661dd11d5523e507da514925,19,fruits_v2,QF_V2_03,control,0,0.0,3,645.89,42.349,8.0,6.0,2086.0
661dd11d5523e507da514925,19,fruits_v2,QF_V2_04,control,0,0.0,3,645.89,42.349,8.0,6.0,2086.0
661dd11d5523e507da514925,19,fruits_v2,QF_V2_05,control,0,0.0,3,645.89,42.349,8.0,6.0,2086.0
661dd11d5523e507da514925,19,fabrics,QFB01,repeat_long,0,0.5,2,108.847,61.605,4.0,5.0,2086.0
661dd11d5523e507da514925,19,fabrics,QFB02,repeat_long,0,0.5,2,108.847,61.605,4.0,5.0,2086.0
661dd11d5523e507da514925,19,fabrics,QFB03,repeat_long,1,1.0,2,108.847,61.605,4.0,5.0,2086.0
661dd11d5523e507da514925,19,fabrics,QFB04,repeat_long,0,0.0,2,108.847,61.605,4.0,5.0,2086.0
661dd11d5523e507da514925,19,fabrics,QFB05,repeat_long,0,0.5,2,108.847,61.605,4.0,5.0,2086.0
69c1579cb863ab3456bd3f68,13,martial_arts,QMA01,repeat_long,1,1.0,3,93.062,76.114,7.0,7.0,1106.0
69c1579cb863ab3456bd3f68,13,martial_arts,QMA02,repeat_long,0,0.5,3,93.062,76.114,7.0,7.0,1106.0
69c1579cb863ab3456bd3f68,13,martial_arts,QMA03,repeat_long,1,1.0,3,93.062,76.114,7.0,7.0,1106.0
69c1579cb863ab3456bd3f68,13,martial_arts,QMA04,repeat_long,1,1.0,3,93.062,76.114,7.0,7.0,1106.0
69c1579cb863ab3456bd3f68,13,martial_arts,QMA05,repeat_long,0,0.5,3,93.062,76.114,7.0,7.0,1106.0
69c1579cb863ab3456bd3f68,13,fruits_v2,QF_V2_01,control,0,0.0,4,49.725,62.361,9.0,9.0,1106.0
69c1579cb863ab3456bd3f68,13,fruits_v2,QF_V2_02,control,1,1.0,4,49.725,62.361,9.0,9.0,1106.0
69c1579cb863ab3456bd3f68,13,fruits_v2,QF_V2_03,control,1,1.0,4,49.725,62.361,9.0,9.0,1106.0
69c1579cb863ab3456bd3f68,13,fruits_v2,QF_V2_04,control,0,0.0,4,49.725,62.361,9.0,9.0,1106.0
69c1579cb863ab3456bd3f68,13,fruits_v2,QF_V2_05,control,0,0.0,4,49.725,62.361,9.0,9.0,1106.0
69c1579cb863ab3456bd3f68,13,astronomy,QA01,repeat_short,0,0.6666666666666666,2,151.076,55.416,9.0,9.0,1106.0
69c1579cb863ab3456bd3f68,13,astronomy,QA02,repeat_short,0,0.0,2,151.076,55.416,9.0,9.0,1106.0
69c1579cb863ab3456bd3f68,13,astronomy,QA03,repeat_short,0,0.0,2,151.076,55.416,9.0,9.0,1106.0
69c1579cb863ab3456bd3f68,13,astronomy,QA04,repeat_short,0,0.0,2,151.076,55.416,9.0,9.0,1106.0
69c1579cb863ab3456bd3f68,13,astronomy,QA05,repeat_short,0,0.0,2,151.076,55.416,9.0,9.0,1106.0
6a1700029360cecdb8de0eae,1,martial_arts,QMA01,control,1,1.0,4,65.167,189.344,2.0,3.0,1060.0
6a1700029360cecdb8de0eae,1,martial_arts,QMA02,control,0,0.5,4,65.167,189.344,2.0,3.0,1060.0
6a1700029360cecdb8de0eae,1,martial_arts,QMA03,control,0,0.5,4,65.167,189.344,2.0,3.0,1060.0
6a1700029360cecdb8de0eae,1,martial_arts,QMA04,control,1,1.0,4,65.167,189.344,2.0,3.0,1060.0
6a1700029360cecdb8de0eae,1,martial_arts,QMA05,control,1,1.0,4,65.167,189.344,2.0,3.0,1060.0
6a1700029360cecdb8de0eae,1,fruits_v2,QF_V2_01,repeat_short,0,0.5,2,62.971,185.597,2.0,3.0,1060.0
6a1700029360cecdb8de0eae,1,fruits_v2,QF_V2_02,repeat_short,0,0.5,2,62.971,185.597,2.0,3.0,1060.0
6a1700029360cecdb8de0eae,1,fruits_v2,QF_V2_03,repeat_short,1,1.0,2,62.971,185.597,2.0,3.0,1060.0
6a1700029360cecdb8de0eae,1,fruits_v2,QF_V2_04,repeat_short,1,1.0,2,62.971,185.597,2.0,3.0,1060.0
6a1700029360cecdb8de0eae,1,fruits_v2,QF_V2_05,repeat_short,1,1.0,2,62.971,185.597,2.0,3.0,1060.0
6a1700029360cecdb8de0eae,1,astronomy,QA01,repeat_long,0,0.6666666666666666,1,84.278,179.347,3.0,4.0,1060.0
6a1700029360cecdb8de0eae,1,astronomy,QA02,repeat_long,1,1.0,1,84.278,179.347,3.0,4.0,1060.0
6a1700029360cecdb8de0eae,1,astronomy,QA03,repeat_long,0,0.5,1,84.278,179.347,3.0,4.0,1060.0
6a1700029360cecdb8de0eae,1,astronomy,QA04,repeat_long,0,0.0,1,84.278,179.347,3.0,4.0,1060.0
6a1700029360cecdb8de0eae,1,astronomy,QA05,repeat_long,0,0.0,1,84.278,179.347,3.0,4.0,1060.0
6a1700029360cecdb8de0eae,1,fabrics,QFB01,distractor,0,0.5,3,74.436,98.226,1.0,2.0,1060.0
6a1700029360cecdb8de0eae,1,fabrics,QFB02,distractor,0,0.5,3,74.436,98.226,1.0,2.0,1060.0
6a1700029360cecdb8de0eae,1,fabrics,QFB03,distractor,1,1.0,3,74.436,98.226,1.0,2.0,1060.0
6a1700029360cecdb8de0eae,1,fabrics,QFB04,distractor,0,0.0,3,74.436,98.226,1.0,2.0,1060.0
6a1700029360cecdb8de0eae,1,fabrics,QFB05,distractor,1,1.0,3,74.436,98.226,1.0,2.0,1060.0
63c0b8e25159ad47312132ac,7,martial_arts,QMA01,repeat_short,0,0.0,1,65.362,137.071,10.0,9.0,2154.0
63c0b8e25159ad47312132ac,7,martial_arts,QMA02,repeat_short,0,0.5,1,65.362,137.071,10.0,9.0,2154.0
63c0b8e25159ad47312132ac,7,martial_arts,QMA03,repeat_short,0,0.5,1,65.362,137.071,10.0,9.0,2154.0
63c0b8e25159ad47312132ac,7,martial_arts,QMA04,repeat_short,1,1.0,1,65.362,137.071,10.0,9.0,2154.0
63c0b8e25159ad47312132ac,7,martial_arts,QMA05,repeat_short,0,0.5,1,65.362,137.071,10.0,9.0,2154.0
63c0b8e25159ad47312132ac,7,fruits_v2,QF_V2_01,control,0,0.5,3,50.239,92.745,5.0,3.0,2154.0
63c0b8e25159ad47312132ac,7,fruits_v2,QF_V2_02,control,0,0.5,3,50.239,92.745,5.0,3.0,2154.0
63c0b8e25159ad47312132ac,7,fruits_v2,QF_V2_03,control,1,1.0,3,50.239,92.745,5.0,3.0,2154.0
63c0b8e25159ad47312132ac,7,fruits_v2,QF_V2_04,control,0,0.0,3,50.239,92.745,5.0,3.0,2154.0
63c0b8e25159ad47312132ac,7,fruits_v2,QF_V2_05,control,0,0.0,3,50.239,92.745,5.0,3.0,2154.0
63c0b8e25159ad47312132ac,7,astronomy,QA01,repeat_long,1,1.0,2,81.741,96.196,5.0,7.0,2154.0
63c0b8e25159ad47312132ac,7,astronomy,QA02,repeat_long,0,0.0,2,81.741,96.196,5.0,7.0,2154.0
63c0b8e25159ad47312132ac,7,astronomy,QA03,repeat_long,1,1.0,2,81.741,96.196,5.0,7.0,2154.0
63c0b8e25159ad47312132ac,7,astronomy,QA04,repeat_long,0,0.0,2,81.741,96.196,5.0,7.0,2154.0
63c0b8e25159ad47312132ac,7,astronomy,QA05,repeat_long,0,0.0,2,81.741,96.196,5.0,7.0,2154.0
5a53d878acc75b000179e52e,17,martial_arts,QMA01,repeat_long,0,0.0,2,94.724,128.359,10.0,9.0,1300.0
5a53d878acc75b000179e52e,17,martial_arts,QMA02,repeat_long,0,0.5,2,94.724,128.359,10.0,9.0,1300.0
5a53d878acc75b000179e52e,17,martial_arts,QMA03,repeat_long,0,0.0,2,94.724,128.359,10.0,9.0,1300.0
5a53d878acc75b000179e52e,17,martial_arts,QMA04,repeat_long,0,0.0,2,94.724,128.359,10.0,9.0,1300.0
5a53d878acc75b000179e52e,17,martial_arts,QMA05,repeat_long,0,0.5,2,94.724,128.359,10.0,9.0,1300.0
5a53d878acc75b000179e52e,17,fruits_v2,QF_V2_01,distractor,0,0.0,3,463.647,38.441,10.0,10.0,1300.0
5a53d878acc75b000179e52e,17,fruits_v2,QF_V2_02,distractor,0,0.0,3,463.647,38.441,10.0,10.0,1300.0
5a53d878acc75b000179e52e,17,fruits_v2,QF_V2_03,distractor,1,1.0,3,463.647,38.441,10.0,10.0,1300.0
5a53d878acc75b000179e52e,17,fruits_v2,QF_V2_04,distractor,1,1.0,3,463.647,38.441,10.0,10.0,1300.0
5a53d878acc75b000179e52e,17,fruits_v2,QF_V2_05,distractor,1,1.0,3,463.647,38.441,10.0,10.0,1300.0
5a53d878acc75b000179e52e,17,astronomy,QA01,control,0,0.3333333333333333,1,57.31,55.896,10.0,8.0,1300.0
5a53d878acc75b000179e52e,17,astronomy,QA02,control,0,0.5,1,57.31,55.896,10.0,8.0,1300.0
5a53d878acc75b000179e52e,17,astronomy,QA03,control,0,0.5,1,57.31,55.896,10.0,8.0,1300.0
5a53d878acc75b000179e52e,17,astronomy,QA04,control,0,0.0,1,57.31,55.896,10.0,8.0,1300.0
5a53d878acc75b000179e52e,17,astronomy,QA05,control,0,0.0,1,57.31,55.896,10.0,8.0,1300.0
5a53d878acc75b000179e52e,17,fabrics,QFB01,repeat_short,0,0.0,4,63.561,28.216,10.0,10.0,1300.0
5a53d878acc75b000179e52e,17,fabrics,QFB02,repeat_short,0,0.0,4,63.561,28.216,10.0,10.0,1300.0
5a53d878acc75b000179e52e,17,fabrics,QFB03,repeat_short,1,1.0,4,63.561,28.216,10.0,10.0,1300.0
5a53d878acc75b000179e52e,17,fabrics,QFB04,repeat_short,1,1.0,4,63.561,28.216,10.0,10.0,1300.0
5a53d878acc75b000179e52e,17,fabrics,QFB05,repeat_short,0,0.0,4,63.561,28.216,10.0,10.0,1300.0
6996e09109e85a5ba225a7bc,14,martial_arts,QMA01,repeat_long,1,1.0,4,95.022,73.909,1.0,1.0,948.0
6996e09109e85a5ba225a7bc,14,martial_arts,QMA02,repeat_long,0,0.5,4,95.022,73.909,1.0,1.0,948.0
6996e09109e85a5ba225a7bc,14,martial_arts,QMA03,repeat_long,0,0.0,4,95.022,73.909,1.0,1.0,948.0
6996e09109e85a5ba225a7bc,14,martial_arts,QMA04,repeat_long,1,1.0,4,95.022,73.909,1.0,1.0,948.0
6996e09109e85a5ba225a7bc,14,martial_arts,QMA05,repeat_long,0,0.5,4,95.022,73.909,1.0,1.0,948.0
6996e09109e85a5ba225a7bc,14,fruits_v2,QF_V2_01,control,0,0.5,1,53.334,114.247,1.0,2.0,948.0
6996e09109e85a5ba225a7bc,14,fruits_v2,QF_V2_02,control,0,0.5,1,53.334,114.247,1.0,2.0,948.0
6996e09109e85a5ba225a7bc,14,fruits_v2,QF_V2_03,control,0,0.0,1,53.334,114.247,1.0,2.0,948.0
6996e09109e85a5ba225a7bc,14,fruits_v2,QF_V2_04,control,0,0.0,1,53.334,114.247,1.0,2.0,948.0
6996e09109e85a5ba225a7bc,14,fruits_v2,QF_V2_05,control,0,0.0,1,53.334,114.247,1.0,2.0,948.0
6996e09109e85a5ba225a7bc,14,astronomy,QA01,distractor,0,0.0,2,97.281,164.13,3.0,4.0,948.0
6996e09109e85a5ba225a7bc,14,astronomy,QA02,distractor,0,0.5,2,97.281,164.13,3.0,4.0,948.0
6996e09109e85a5ba225a7bc,14,astronomy,QA03,distractor,0,0.5,2,97.281,164.13,3.0,4.0,948.0
6996e09109e85a5ba225a7bc,14,astronomy,QA04,distractor,0,0.0,2,97.281,164.13,3.0,4.0,948.0
6996e09109e85a5ba225a7bc,14,astronomy,QA05,distractor,0,0.0,2,97.281,164.13,3.0,4.0,948.0
6996e09109e85a5ba225a7bc,14,fabrics,QFB01,repeat_short,1,1.0,3,57.779,84.667,1.0,1.0,948.0
6996e09109e85a5ba225a7bc,14,fabrics,QFB02,repeat_short,0,0.5,3,57.779,84.667,1.0,1.0,948.0
6996e09109e85a5ba225a7bc,14,fabrics,QFB03,repeat_short,1,1.0,3,57.779,84.667,1.0,1.0,948.0
6996e09109e85a5ba225a7bc,14,fabrics,QFB04,repeat_short,1,1.0,3,57.779,84.667,1.0,1.0,948.0
6996e09109e85a5ba225a7bc,14,fabrics,QFB05,repeat_short,1,1.0,3,57.779,84.667,1.0,1.0,948.0
66451cf935a985828f197f7e,24,martial_arts,QMA01,distractor,0,0.5,2,82.784,584.787,5.0,5.0,1798.0
66451cf935a985828f197f7e,24,martial_arts,QMA02,distractor,0,0.5,2,82.784,584.787,5.0,5.0,1798.0
66451cf935a985828f197f7e,24,martial_arts,QMA03,distractor,0,0.5,2,82.784,584.787,5.0,5.0,1798.0
66451cf935a985828f197f7e,24,martial_arts,QMA04,distractor,1,1.0,2,82.784,584.787,5.0,5.0,1798.0
66451cf935a985828f197f7e,24,martial_arts,QMA05,distractor,0,0.0,2,82.784,584.787,5.0,5.0,1798.0
66451cf935a985828f197f7e,24,fruits_v2,QF_V2_01,repeat_long,0,0.5,4,101.32,278.9,5.0,6.0,1798.0
66451cf935a985828f197f7e,24,fruits_v2,QF_V2_02,repeat_long,1,1.0,4,101.32,278.9,5.0,6.0,1798.0
66451cf935a985828f197f7e,24,fruits_v2,QF_V2_03,repeat_long,0,0.0,4,101.32,278.9,5.0,6.0,1798.0
66451cf935a985828f197f7e,24,fruits_v2,QF_V2_04,repeat_long,0,0.0,4,101.32,278.9,5.0,6.0,1798.0
66451cf935a985828f197f7e,24,fruits_v2,QF_V2_05,repeat_long,0,0.0,4,101.32,278.9,5.0,6.0,1798.0
66451cf935a985828f197f7e,24,astronomy,QA01,repeat_short,0,0.3333333333333333,1,74.533,138.138,7.0,6.0,1798.0
66451cf935a985828f197f7e,24,astronomy,QA02,repeat_short,0,0.5,1,74.533,138.138,7.0,6.0,1798.0
66451cf935a985828f197f7e,24,astronomy,QA03,repeat_short,0,0.5,1,74.533,138.138,7.0,6.0,1798.0
66451cf935a985828f197f7e,24,astronomy,QA04,repeat_short,0,0.0,1,74.533,138.138,7.0,6.0,1798.0
66451cf935a985828f197f7e,24,astronomy,QA05,repeat_short,0,0.0,1,74.533,138.138,7.0,6.0,1798.0
66451cf935a985828f197f7e,24,fabrics,QFB01,control,0,0.0,3,53.137,214.443,4.0,4.0,1798.0
66451cf935a985828f197f7e,24,fabrics,QFB02,control,0,0.5,3,53.137,214.443,4.0,4.0,1798.0
66451cf935a985828f197f7e,24,fabrics,QFB03,control,0,0.0,3,53.137,214.443,4.0,4.0,1798.0
66451cf935a985828f197f7e,24,fabrics,QFB04,control,1,1.0,3,53.137,214.443,4.0,4.0,1798.0
66451cf935a985828f197f7e,24,fabrics,QFB05,control,0,0.5,3,53.137,214.443,4.0,4.0,1798.0
665bb3facf3b60004a908818,8,martial_arts,QMA01,repeat_short,0,0.0,3,1554.332,34.725,10.0,10.0,2546.0
665bb3facf3b60004a908818,8,martial_arts,QMA02,repeat_short,0,0.5,3,1554.332,34.725,10.0,10.0,2546.0
665bb3facf3b60004a908818,8,martial_arts,QMA03,repeat_short,0,0.0,3,1554.332,34.725,10.0,10.0,2546.0
665bb3facf3b60004a908818,8,martial_arts,QMA04,repeat_short,0,0.0,3,1554.332,34.725,10.0,10.0,2546.0
665bb3facf3b60004a908818,8,martial_arts,QMA05,repeat_short,0,0.5,3,1554.332,34.725,10.0,10.0,2546.0
665bb3facf3b60004a908818,8,fruits_v2,QF_V2_01,control,0,0.5,2,49.181,56.604,8.0,10.0,2546.0
665bb3facf3b60004a908818,8,fruits_v2,QF_V2_02,control,0,0.0,2,49.181,56.604,8.0,10.0,2546.0
665bb3facf3b60004a908818,8,fruits_v2,QF_V2_03,control,1,1.0,2,49.181,56.604,8.0,10.0,2546.0
665bb3facf3b60004a908818,8,fruits_v2,QF_V2_04,control,0,0.0,2,49.181,56.604,8.0,10.0,2546.0
665bb3facf3b60004a908818,8,fruits_v2,QF_V2_05,control,0,0.0,2,49.181,56.604,8.0,10.0,2546.0
665bb3facf3b60004a908818,8,fabrics,QFB01,repeat_long,0,0.5,1,74.534,77.705,4.0,7.0,2546.0
665bb3facf3b60004a908818,8,fabrics,QFB02,repeat_long,1,1.0,1,74.534,77.705,4.0,7.0,2546.0
665bb3facf3b60004a908818,8,fabrics,QFB03,repeat_long,1,1.0,1,74.534,77.705,4.0,7.0,2546.0
665bb3facf3b60004a908818,8,fabrics,QFB04,repeat_long,1,1.0,1,74.534,77.705,4.0,7.0,2546.0
665bb3facf3b60004a908818,8,fabrics,QFB05,repeat_long,1,1.0,1,74.534,77.705,4.0,7.0,2546.0
6400eea126c44543bb49dc75,24,martial_arts,QMA01,distractor,1,1.0,2,78.036,75.407,1.0,2.0,690.0
6400eea126c44543bb49dc75,24,martial_arts,QMA02,distractor,1,1.0,2,78.036,75.407,1.0,2.0,690.0
6400eea126c44543bb49dc75,24,martial_arts,QMA03,distractor,0,0.0,2,78.036,75.407,1.0,2.0,690.0
6400eea126c44543bb49dc75,24,martial_arts,QMA04,distractor,0,0.0,2,78.036,75.407,1.0,2.0,690.0
6400eea126c44543bb49dc75,24,martial_arts,QMA05,distractor,0,0.0,2,78.036,75.407,1.0,2.0,690.0
6400eea126c44543bb49dc75,24,fruits_v2,QF_V2_01,repeat_long,1,1.0,4,85.852,62.285,2.0,3.0,690.0
6400eea126c44543bb49dc75,24,fruits_v2,QF_V2_02,repeat_long,0,0.5,4,85.852,62.285,2.0,3.0,690.0
6400eea126c44543bb49dc75,24,fruits_v2,QF_V2_03,repeat_long,1,1.0,4,85.852,62.285,2.0,3.0,690.0
6400eea126c44543bb49dc75,24,fruits_v2,QF_V2_04,repeat_long,0,0.0,4,85.852,62.285,2.0,3.0,690.0
6400eea126c44543bb49dc75,24,fruits_v2,QF_V2_05,repeat_long,0,0.0,4,85.852,62.285,2.0,3.0,690.0
6400eea126c44543bb49dc75,24,astronomy,QA01,repeat_short,0,0.6666666666666666,1,58.132,77.276,4.0,5.0,690.0
6400eea126c44543bb49dc75,24,astronomy,QA02,repeat_short,0,0.5,1,58.132,77.276,4.0,5.0,690.0
6400eea126c44543bb49dc75,24,astronomy,QA03,repeat_short,0,0.5,1,58.132,77.276,4.0,5.0,690.0
6400eea126c44543bb49dc75,24,astronomy,QA04,repeat_short,1,1.0,1,58.132,77.276,4.0,5.0,690.0
6400eea126c44543bb49dc75,24,astronomy,QA05,repeat_short,0,0.0,1,58.132,77.276,4.0,5.0,690.0
6400eea126c44543bb49dc75,24,fabrics,QFB01,control,0,0.5,3,52.758,57.569,1.0,2.0,690.0
6400eea126c44543bb49dc75,24,fabrics,QFB02,control,1,1.0,3,52.758,57.569,1.0,2.0,690.0
6400eea126c44543bb49dc75,24,fabrics,QFB03,control,1,1.0,3,52.758,57.569,1.0,2.0,690.0
6400eea126c44543bb49dc75,24,fabrics,QFB04,control,0,0.0,3,52.758,57.569,1.0,2.0,690.0
6400eea126c44543bb49dc75,24,fabrics,QFB05,control,1,1.0,3,52.758,57.569,1.0,2.0,690.0
6677328704eab5e142f81a4c,8,martial_arts,QMA01,repeat_short,0,0.0,4,63.744,64.294,9.0,8.0,921.0
6677328704eab5e142f81a4c,8,martial_arts,QMA02,repeat_short,0,0.5,4,63.744,64.294,9.0,8.0,921.0
6677328704eab5e142f81a4c,8,martial_arts,QMA03,repeat_short,0,0.5,4,63.744,64.294,9.0,8.0,921.0
6677328704eab5e142f81a4c,8,martial_arts,QMA04,repeat_short,0,0.0,4,63.744,64.294,9.0,8.0,921.0
6677328704eab5e142f81a4c,8,martial_arts,QMA05,repeat_short,0,0.0,4,63.744,64.294,9.0,8.0,921.0
6677328704eab5e142f81a4c,8,fruits_v2,QF_V2_01,control,0,0.5,3,55.257,37.883,9.0,6.0,921.0
6677328704eab5e142f81a4c,8,fruits_v2,QF_V2_02,control,1,1.0,3,55.257,37.883,9.0,6.0,921.0
6677328704eab5e142f81a4c,8,fruits_v2,QF_V2_03,control,1,1.0,3,55.257,37.883,9.0,6.0,921.0
6677328704eab5e142f81a4c,8,fruits_v2,QF_V2_04,control,0,0.0,3,55.257,37.883,9.0,6.0,921.0
6677328704eab5e142f81a4c,8,fruits_v2,QF_V2_05,control,0,0.0,3,55.257,37.883,9.0,6.0,921.0
6677328704eab5e142f81a4c,8,astronomy,QA01,distractor,0,0.6666666666666666,1,107.776,42.679,7.0,5.0,921.0
6677328704eab5e142f81a4c,8,astronomy,QA02,distractor,0,0.5,1,107.776,42.679,7.0,5.0,921.0
6677328704eab5e142f81a4c,8,astronomy,QA03,distractor,1,1.0,1,107.776,42.679,7.0,5.0,921.0
6677328704eab5e142f81a4c,8,astronomy,QA04,distractor,0,0.0,1,107.776,42.679,7.0,5.0,921.0
6677328704eab5e142f81a4c,8,astronomy,QA05,distractor,0,0.0,1,107.776,42.679,7.0,5.0,921.0
69458f2aa5309848951f9026,23,martial_arts,QMA01,distractor,0,0.5,1,78.192,28.304,7.0,7.0,484.0
69458f2aa5309848951f9026,23,martial_arts,QMA02,distractor,0,0.5,1,78.192,28.304,7.0,7.0,484.0
69458f2aa5309848951f9026,23,martial_arts,QMA03,distractor,0,0.0,1,78.192,28.304,7.0,7.0,484.0
69458f2aa5309848951f9026,23,martial_arts,QMA04,distractor,0,0.0,1,78.192,28.304,7.0,7.0,484.0
69458f2aa5309848951f9026,23,martial_arts,QMA05,distractor,0,0.5,1,78.192,28.304,7.0,7.0,484.0
69458f2aa5309848951f9026,23,fabrics,QFB01,repeat_short,0,0.5,2,63.767,62.219,4.0,4.0,484.0
69458f2aa5309848951f9026,23,fabrics,QFB02,repeat_short,0,0.5,2,63.767,62.219,4.0,4.0,484.0
69458f2aa5309848951f9026,23,fabrics,QFB03,repeat_short,0,0.0,2,63.767,62.219,4.0,4.0,484.0
69458f2aa5309848951f9026,23,fabrics,QFB04,repeat_short,0,0.0,2,63.767,62.219,4.0,4.0,484.0
69458f2aa5309848951f9026,23,fabrics,QFB05,repeat_short,0,0.5,2,63.767,62.219,4.0,4.0,484.0
6a009186251f1dfc00733a11,1,martial_arts,QMA01,control,0,0.5,2,60.965,58.996,8.0,6.0,610.0
6a009186251f1dfc00733a11,1,martial_arts,QMA02,control,1,1.0,2,60.965,58.996,8.0,6.0,610.0
6a009186251f1dfc00733a11,1,martial_arts,QMA03,control,0,0.0,2,60.965,58.996,8.0,6.0,610.0
6a009186251f1dfc00733a11,1,martial_arts,QMA04,control,1,1.0,2,60.965,58.996,8.0,6.0,610.0
6a009186251f1dfc00733a11,1,martial_arts,QMA05,control,0,0.0,2,60.965,58.996,8.0,6.0,610.0
6a009186251f1dfc00733a11,1,fruits_v2,QF_V2_01,repeat_short,1,1.0,3,63.741,68.992,9.0,8.0,610.0
6a009186251f1dfc00733a11,1,fruits_v2,QF_V2_02,repeat_short,0,0.0,3,63.741,68.992,9.0,8.0,610.0
6a009186251f1dfc00733a11,1,fruits_v2,QF_V2_03,repeat_short,1,1.0,3,63.741,68.992,9.0,8.0,610.0
6a009186251f1dfc00733a11,1,fruits_v2,QF_V2_04,repeat_short,1,1.0,3,63.741,68.992,9.0,8.0,610.0
6a009186251f1dfc00733a11,1,fruits_v2,QF_V2_05,repeat_short,0,0.0,3,63.741,68.992,9.0,8.0,610.0
6a009186251f1dfc00733a11,1,astronomy,QA01,repeat_long,0,0.6666666666666666,4,81.446,48.393,9.0,8.0,610.0
6a009186251f1dfc00733a11,1,astronomy,QA02,repeat_long,1,1.0,4,81.446,48.393,9.0,8.0,610.0
6a009186251f1dfc00733a11,1,astronomy,QA03,repeat_long,0,0.5,4,81.446,48.393,9.0,8.0,610.0
6a009186251f1dfc00733a11,1,astronomy,QA04,repeat_long,1,1.0,4,81.446,48.393,9.0,8.0,610.0
6a009186251f1dfc00733a11,1,astronomy,QA05,repeat_long,0,0.0,4,81.446,48.393,9.0,8.0,610.0
6a009186251f1dfc00733a11,1,fabrics,QFB01,distractor,1,1.0,1,76.138,51.509,6.0,4.0,610.0
6a009186251f1dfc00733a11,1,fabrics,QFB02,distractor,1,1.0,1,76.138,51.509,6.0,4.0,610.0
6a009186251f1dfc00733a11,1,fabrics,QFB03,distractor,1,1.0,1,76.138,51.509,6.0,4.0,610.0
6a009186251f1dfc00733a11,1,fabrics,QFB04,distractor,0,0.0,1,76.138,51.509,6.0,4.0,610.0
6a009186251f1dfc00733a11,1,fabrics,QFB05,distractor,1,1.0,1,76.138,51.509,6.0,4.0,610.0
69dfd6548334412db2f468cf,21,martial_arts,QMA01,distractor,0,0.5,1,76.935,49.755,2.0,10.0,600.0
69dfd6548334412db2f468cf,21,martial_arts,QMA02,distractor,0,0.5,1,76.935,49.755,2.0,10.0,600.0
69dfd6548334412db2f468cf,21,martial_arts,QMA03,distractor,0,0.0,1,76.935,49.755,2.0,10.0,600.0
69dfd6548334412db2f468cf,21,martial_arts,QMA04,distractor,0,0.0,1,76.935,49.755,2.0,10.0,600.0
69dfd6548334412db2f468cf,21,martial_arts,QMA05,distractor,0,0.0,1,76.935,49.755,2.0,10.0,600.0
69dfd6548334412db2f468cf,21,fruits_v2,QF_V2_01,repeat_short,0,0.0,4,57.111,46.247,10.0,10.0,600.0
69dfd6548334412db2f468cf,21,fruits_v2,QF_V2_02,repeat_short,0,0.0,4,57.111,46.247,10.0,10.0,600.0
69dfd6548334412db2f468cf,21,fruits_v2,QF_V2_03,repeat_short,0,0.0,4,57.111,46.247,10.0,10.0,600.0
69dfd6548334412db2f468cf,21,fruits_v2,QF_V2_04,repeat_short,0,0.0,4,57.111,46.247,10.0,10.0,600.0
69dfd6548334412db2f468cf,21,fruits_v2,QF_V2_05,repeat_short,0,0.0,4,57.111,46.247,10.0,10.0,600.0
69dfd6548334412db2f468cf,21,astronomy,QA01,control,0,0.6666666666666666,3,50.014,38.317,8.0,10.0,600.0
69dfd6548334412db2f468cf,21,astronomy,QA02,control,1,1.0,3,50.014,38.317,8.0,10.0,600.0
69dfd6548334412db2f468cf,21,astronomy,QA03,control,0,0.5,3,50.014,38.317,8.0,10.0,600.0
69dfd6548334412db2f468cf,21,astronomy,QA04,control,0,0.0,3,50.014,38.317,8.0,10.0,600.0
69dfd6548334412db2f468cf,21,astronomy,QA05,control,0,0.0,3,50.014,38.317,8.0,10.0,600.0
69dfd6548334412db2f468cf,21,fabrics,QFB01,repeat_long,0,0.5,2,69.884,36.122,6.0,4.0,600.0
69dfd6548334412db2f468cf,21,fabrics,QFB02,repeat_long,0,0.5,2,69.884,36.122,6.0,4.0,600.0
69dfd6548334412db2f468cf,21,fabrics,QFB03,repeat_long,1,1.0,2,69.884,36.122,6.0,4.0,600.0
69dfd6548334412db2f468cf,21,fabrics,QFB04,repeat_long,0,0.0,2,69.884,36.122,6.0,4.0,600.0
69dfd6548334412db2f468cf,21,fabrics,QFB05,repeat_long,1,1.0,2,69.884,36.122,6.0,4.0,600.0
69c077a69c6bb1fb8f8d3621,9,martial_arts,QMA01,repeat_short,0,0.5,2,60.862,53.484,7.0,6.0,573.0
69c077a69c6bb1fb8f8d3621,9,martial_arts,QMA02,repeat_short,1,1.0,2,60.862,53.484,7.0,6.0,573.0
69c077a69c6bb1fb8f8d3621,9,martial_arts,QMA03,repeat_short,0,0.0,2,60.862,53.484,7.0,6.0,573.0
69c077a69c6bb1fb8f8d3621,9,martial_arts,QMA04,repeat_short,1,1.0,2,60.862,53.484,7.0,6.0,573.0
69c077a69c6bb1fb8f8d3621,9,martial_arts,QMA05,repeat_short,1,1.0,2,60.862,53.484,7.0,6.0,573.0
69c077a69c6bb1fb8f8d3621,9,fruits_v2,QF_V2_01,repeat_long,1,1.0,1,85.206,52.785,6.0,5.0,573.0
69c077a69c6bb1fb8f8d3621,9,fruits_v2,QF_V2_02,repeat_long,1,1.0,1,85.206,52.785,6.0,5.0,573.0
69c077a69c6bb1fb8f8d3621,9,fruits_v2,QF_V2_03,repeat_long,1,1.0,1,85.206,52.785,6.0,5.0,573.0
69c077a69c6bb1fb8f8d3621,9,fruits_v2,QF_V2_04,repeat_long,1,1.0,1,85.206,52.785,6.0,5.0,573.0
69c077a69c6bb1fb8f8d3621,9,fruits_v2,QF_V2_05,repeat_long,1,1.0,1,85.206,52.785,6.0,5.0,573.0
69c077a69c6bb1fb8f8d3621,9,astronomy,QA01,control,0,0.0,4,51.443,44.504,8.0,8.0,573.0
69c077a69c6bb1fb8f8d3621,9,astronomy,QA02,control,1,1.0,4,51.443,44.504,8.0,8.0,573.0
69c077a69c6bb1fb8f8d3621,9,astronomy,QA03,control,0,0.5,4,51.443,44.504,8.0,8.0,573.0
69c077a69c6bb1fb8f8d3621,9,astronomy,QA04,control,0,0.0,4,51.443,44.504,8.0,8.0,573.0
69c077a69c6bb1fb8f8d3621,9,astronomy,QA05,control,0,0.0,4,51.443,44.504,8.0,8.0,573.0
69c077a69c6bb1fb8f8d3621,9,fabrics,QFB01,distractor,1,1.0,3,71.601,59.516,9.0,9.0,573.0
69c077a69c6bb1fb8f8d3621,9,fabrics,QFB02,distractor,0,0.5,3,71.601,59.516,9.0,9.0,573.0
69c077a69c6bb1fb8f8d3621,9,fabrics,QFB03,distractor,0,0.0,3,71.601,59.516,9.0,9.0,573.0
69c077a69c6bb1fb8f8d3621,9,fabrics,QFB04,distractor,0,0.0,3,71.601,59.516,9.0,9.0,573.0
69c077a69c6bb1fb8f8d3621,9,fabrics,QFB05,distractor,1,1.0,3,71.601,59.516,9.0,9.0,573.0
670d26896cf59f0439013716,14,martial_arts,QMA01,repeat_long,1,1.0,3,97.674,47.621,0.0,0.0,644.0
670d26896cf59f0439013716,14,martial_arts,QMA02,repeat_long,0,0.5,3,97.674,47.621,0.0,0.0,644.0
670d26896cf59f0439013716,14,martial_arts,QMA03,repeat_long,1,1.0,3,97.674,47.621,0.0,0.0,644.0
670d26896cf59f0439013716,14,martial_arts,QMA04,repeat_long,1,1.0,3,97.674,47.621,0.0,0.0,644.0
670d26896cf59f0439013716,14,martial_arts,QMA05,repeat_long,0,0.5,3,97.674,47.621,0.0,0.0,644.0
670d26896cf59f0439013716,14,fruits_v2,QF_V2_01,control,0,0.5,4,51.017,52.87,10.0,7.0,644.0
670d26896cf59f0439013716,14,fruits_v2,QF_V2_02,control,0,0.5,4,51.017,52.87,10.0,7.0,644.0
670d26896cf59f0439013716,14,fruits_v2,QF_V2_03,control,0,0.0,4,51.017,52.87,10.0,7.0,644.0
670d26896cf59f0439013716,14,fruits_v2,QF_V2_04,control,0,0.0,4,51.017,52.87,10.0,7.0,644.0
670d26896cf59f0439013716,14,fruits_v2,QF_V2_05,control,0,0.0,4,51.017,52.87,10.0,7.0,644.0
670d26896cf59f0439013716,14,astronomy,QA01,distractor,0,0.3333333333333333,2,96.843,50.233,6.0,4.0,644.0
670d26896cf59f0439013716,14,astronomy,QA02,distractor,0,0.5,2,96.843,50.233,6.0,4.0,644.0
670d26896cf59f0439013716,14,astronomy,QA03,distractor,1,1.0,2,96.843,50.233,6.0,4.0,644.0
670d26896cf59f0439013716,14,astronomy,QA04,distractor,0,0.0,2,96.843,50.233,6.0,4.0,644.0
670d26896cf59f0439013716,14,astronomy,QA05,distractor,0,0.0,2,96.843,50.233,6.0,4.0,644.0
670d26896cf59f0439013716,14,fabrics,QFB01,repeat_short,0,0.5,1,142.463,22.641,2.0,2.0,644.0
670d26896cf59f0439013716,14,fabrics,QFB02,repeat_short,0,0.5,1,142.463,22.641,2.0,2.0,644.0
670d26896cf59f0439013716,14,fabrics,QFB03,repeat_short,1,1.0,1,142.463,22.641,2.0,2.0,644.0
670d26896cf59f0439013716,14,fabrics,QFB04,repeat_short,0,0.0,1,142.463,22.641,2.0,2.0,644.0
670d26896cf59f0439013716,14,fabrics,QFB05,repeat_short,0,0.5,1,142.463,22.641,2.0,2.0,644.0
5e175705cfe8dc000b559793,3,martial_arts,QMA01,control,0,0.5,1,62.714,69.416,8.0,8.0,682.0
5e175705cfe8dc000b559793,3,martial_arts,QMA02,control,0,0.5,1,62.714,69.416,8.0,8.0,682.0
5e175705cfe8dc000b559793,3,martial_arts,QMA03,control,0,0.5,1,62.714,69.416,8.0,8.0,682.0
5e175705cfe8dc000b559793,3,martial_arts,QMA04,control,1,1.0,1,62.714,69.416,8.0,8.0,682.0
5e175705cfe8dc000b559793,3,martial_arts,QMA05,control,0,0.5,1,62.714,69.416,8.0,8.0,682.0
5e175705cfe8dc000b559793,3,fruits_v2,QF_V2_01,repeat_long,0,0.5,2,85.299,87.841,8.0,8.0,682.0
5e175705cfe8dc000b559793,3,fruits_v2,QF_V2_02,repeat_long,0,0.5,2,85.299,87.841,8.0,8.0,682.0
5e175705cfe8dc000b559793,3,fruits_v2,QF_V2_03,repeat_long,1,1.0,2,85.299,87.841,8.0,8.0,682.0
5e175705cfe8dc000b559793,3,fruits_v2,QF_V2_04,repeat_long,1,1.0,2,85.299,87.841,8.0,8.0,682.0
5e175705cfe8dc000b559793,3,fruits_v2,QF_V2_05,repeat_long,0,0.0,2,85.299,87.841,8.0,8.0,682.0
5e175705cfe8dc000b559793,3,astronomy,QA01,repeat_short,0,0.6666666666666666,4,54.574,65.032,8.0,8.0,682.0
5e175705cfe8dc000b559793,3,astronomy,QA02,repeat_short,1,1.0,4,54.574,65.032,8.0,8.0,682.0
5e175705cfe8dc000b559793,3,astronomy,QA03,repeat_short,0,0.5,4,54.574,65.032,8.0,8.0,682.0
5e175705cfe8dc000b559793,3,astronomy,QA04,repeat_short,0,0.0,4,54.574,65.032,8.0,8.0,682.0
5e175705cfe8dc000b559793,3,astronomy,QA05,repeat_short,0,0.0,4,54.574,65.032,8.0,8.0,682.0
5e175705cfe8dc000b559793,3,fabrics,QFB01,distractor,0,0.5,3,70.855,65.212,8.0,8.0,682.0
5e175705cfe8dc000b559793,3,fabrics,QFB02,distractor,0,0.5,3,70.855,65.212,8.0,8.0,682.0
5e175705cfe8dc000b559793,3,fabrics,QFB03,distractor,1,1.0,3,70.855,65.212,8.0,8.0,682.0
5e175705cfe8dc000b559793,3,fabrics,QFB04,distractor,0,0.0,3,70.855,65.212,8.0,8.0,682.0
5e175705cfe8dc000b559793,3,fabrics,QFB05,distractor,0,0.5,3,70.855,65.212,8.0,8.0,682.0
65c296837d9cf28c3bbd5eda,11,martial_arts,QMA01,repeat_short,1,1.0,2,61.494,92.065,6.0,10.0,657.0
65c296837d9cf28c3bbd5eda,11,martial_arts,QMA02,repeat_short,1,1.0,2,61.494,92.065,6.0,10.0,657.0
65c296837d9cf28c3bbd5eda,11,martial_arts,QMA03,repeat_short,1,1.0,2,61.494,92.065,6.0,10.0,657.0
65c296837d9cf28c3bbd5eda,11,martial_arts,QMA04,repeat_short,1,1.0,2,61.494,92.065,6.0,10.0,657.0
65c296837d9cf28c3bbd5eda,11,martial_arts,QMA05,repeat_short,1,1.0,2,61.494,92.065,6.0,10.0,657.0
65c296837d9cf28c3bbd5eda,11,fruits_v2,QF_V2_01,distractor,0,0.5,4,83.244,67.773,10.0,10.0,657.0
65c296837d9cf28c3bbd5eda,11,fruits_v2,QF_V2_02,distractor,0,0.5,4,83.244,67.773,10.0,10.0,657.0
65c296837d9cf28c3bbd5eda,11,fruits_v2,QF_V2_03,distractor,0,0.0,4,83.244,67.773,10.0,10.0,657.0
65c296837d9cf28c3bbd5eda,11,fruits_v2,QF_V2_04,distractor,1,1.0,4,83.244,67.773,10.0,10.0,657.0
65c296837d9cf28c3bbd5eda,11,fruits_v2,QF_V2_05,distractor,1,1.0,4,83.244,67.773,10.0,10.0,657.0
65c296837d9cf28c3bbd5eda,11,astronomy,QA01,control,0,0.3333333333333333,1,53.261,74.306,6.0,10.0,657.0
65c296837d9cf28c3bbd5eda,11,astronomy,QA02,control,0,0.5,1,53.261,74.306,6.0,10.0,657.0
65c296837d9cf28c3bbd5eda,11,astronomy,QA03,control,0,0.5,1,53.261,74.306,6.0,10.0,657.0
65c296837d9cf28c3bbd5eda,11,astronomy,QA04,control,0,0.0,1,53.261,74.306,6.0,10.0,657.0
65c296837d9cf28c3bbd5eda,11,astronomy,QA05,control,0,0.0,1,53.261,74.306,6.0,10.0,657.0
65c296837d9cf28c3bbd5eda,11,fabrics,QFB01,repeat_long,0,0.5,3,70.094,71.326,7.0,10.0,657.0
65c296837d9cf28c3bbd5eda,11,fabrics,QFB02,repeat_long,1,1.0,3,70.094,71.326,7.0,10.0,657.0
65c296837d9cf28c3bbd5eda,11,fabrics,QFB03,repeat_long,1,1.0,3,70.094,71.326,7.0,10.0,657.0
65c296837d9cf28c3bbd5eda,11,fabrics,QFB04,repeat_long,1,1.0,3,70.094,71.326,7.0,10.0,657.0
65c296837d9cf28c3bbd5eda,11,fabrics,QFB05,repeat_long,1,1.0,3,70.094,71.326,7.0,10.0,657.0
6740a7474c623fa5738fda70,8,martial_arts,QMA01,repeat_short,1,1.0,4,74.398,46.559,4.0,5.0,582.0
6740a7474c623fa5738fda70,8,martial_arts,QMA02,repeat_short,1,1.0,4,74.398,46.559,4.0,5.0,582.0
6740a7474c623fa5738fda70,8,martial_arts,QMA03,repeat_short,0,0.5,4,74.398,46.559,4.0,5.0,582.0
6740a7474c623fa5738fda70,8,martial_arts,QMA04,repeat_short,1,1.0,4,74.398,46.559,4.0,5.0,582.0
6740a7474c623fa5738fda70,8,martial_arts,QMA05,repeat_short,1,1.0,4,74.398,46.559,4.0,5.0,582.0
6740a7474c623fa5738fda70,8,fruits_v2,QF_V2_01,control,0,0.0,3,55.217,53.291,6.0,7.0,582.0
6740a7474c623fa5738fda70,8,fruits_v2,QF_V2_02,control,0,0.5,3,55.217,53.291,6.0,7.0,582.0
6740a7474c623fa5738fda70,8,fruits_v2,QF_V2_03,control,1,1.0,3,55.217,53.291,6.0,7.0,582.0
6740a7474c623fa5738fda70,8,fruits_v2,QF_V2_04,control,1,1.0,3,55.217,53.291,6.0,7.0,582.0
6740a7474c623fa5738fda70,8,fruits_v2,QF_V2_05,control,1,1.0,3,55.217,53.291,6.0,7.0,582.0
6740a7474c623fa5738fda70,8,astronomy,QA01,distractor,0,0.6666666666666666,1,94.519,43.212,4.0,8.0,582.0
6740a7474c623fa5738fda70,8,astronomy,QA02,distractor,1,1.0,1,94.519,43.212,4.0,8.0,582.0
6740a7474c623fa5738fda70,8,astronomy,QA03,distractor,1,1.0,1,94.519,43.212,4.0,8.0,582.0
6740a7474c623fa5738fda70,8,astronomy,QA04,distractor,0,0.0,1,94.519,43.212,4.0,8.0,582.0
6740a7474c623fa5738fda70,8,astronomy,QA05,distractor,0,0.0,1,94.519,43.212,4.0,8.0,582.0
6740a7474c623fa5738fda70,8,fabrics,QFB01,repeat_long,1,1.0,2,73.653,43.532,4.0,4.0,582.0
6740a7474c623fa5738fda70,8,fabrics,QFB02,repeat_long,1,1.0,2,73.653,43.532,4.0,4.0,582.0
6740a7474c623fa5738fda70,8,fabrics,QFB03,repeat_long,1,1.0,2,73.653,43.532,4.0,4.0,582.0
6740a7474c623fa5738fda70,8,fabrics,QFB04,repeat_long,1,1.0,2,73.653,43.532,4.0,4.0,582.0
6740a7474c623fa5738fda70,8,fabrics,QFB05,repeat_long,1,1.0,2,73.653,43.532,4.0,4.0,582.0
55acf681fdf99b3d5b2ab68c,4,martial_arts,QMA01,control,0,0.0,3,58.463,59.132,10.0,10.0,603.0
55acf681fdf99b3d5b2ab68c,4,martial_arts,QMA02,control,1,1.0,3,58.463,59.132,10.0,10.0,603.0
55acf681fdf99b3d5b2ab68c,4,martial_arts,QMA03,control,0,0.0,3,58.463,59.132,10.0,10.0,603.0
55acf681fdf99b3d5b2ab68c,4,martial_arts,QMA04,control,1,1.0,3,58.463,59.132,10.0,10.0,603.0
55acf681fdf99b3d5b2ab68c,4,martial_arts,QMA05,control,0,0.5,3,58.463,59.132,10.0,10.0,603.0
55acf681fdf99b3d5b2ab68c,4,fruits_v2,QF_V2_01,repeat_long,0,0.0,1,90.672,66.26,6.0,9.0,603.0
55acf681fdf99b3d5b2ab68c,4,fruits_v2,QF_V2_02,repeat_long,0,0.5,1,90.672,66.26,6.0,9.0,603.0
55acf681fdf99b3d5b2ab68c,4,fruits_v2,QF_V2_03,repeat_long,1,1.0,1,90.672,66.26,6.0,9.0,603.0
55acf681fdf99b3d5b2ab68c,4,fruits_v2,QF_V2_04,repeat_long,1,1.0,1,90.672,66.26,6.0,9.0,603.0
55acf681fdf99b3d5b2ab68c,4,fruits_v2,QF_V2_05,repeat_long,0,0.0,1,90.672,66.26,6.0,9.0,603.0
55acf681fdf99b3d5b2ab68c,4,astronomy,QA01,distractor,0,0.6666666666666666,2,92.312,47.051,9.0,10.0,603.0
55acf681fdf99b3d5b2ab68c,4,astronomy,QA02,distractor,1,1.0,2,92.312,47.051,9.0,10.0,603.0
55acf681fdf99b3d5b2ab68c,4,astronomy,QA03,distractor,0,0.0,2,92.312,47.051,9.0,10.0,603.0
55acf681fdf99b3d5b2ab68c,4,astronomy,QA04,distractor,0,0.0,2,92.312,47.051,9.0,10.0,603.0
55acf681fdf99b3d5b2ab68c,4,astronomy,QA05,distractor,0,0.0,2,92.312,47.051,9.0,10.0,603.0
55acf681fdf99b3d5b2ab68c,4,fabrics,QFB01,repeat_short,0,0.5,4,54.912,49.879,8.0,9.0,603.0
55acf681fdf99b3d5b2ab68c,4,fabrics,QFB02,repeat_short,0,0.0,4,54.912,49.879,8.0,9.0,603.0
55acf681fdf99b3d5b2ab68c,4,fabrics,QFB03,repeat_short,1,1.0,4,54.912,49.879,8.0,9.0,603.0
55acf681fdf99b3d5b2ab68c,4,fabrics,QFB04,repeat_short,0,0.0,4,54.912,49.879,8.0,9.0,603.0
55acf681fdf99b3d5b2ab68c,4,fabrics,QFB05,repeat_short,1,1.0,4,54.912,49.879,8.0,9.0,603.0
69db2dd233fad5ba2d7f7239,19,martial_arts,QMA01,distractor,1,1.0,4,80.383,77.709,1.0,1.0,647.0
69db2dd233fad5ba2d7f7239,19,martial_arts,QMA02,distractor,1,1.0,4,80.383,77.709,1.0,1.0,647.0
69db2dd233fad5ba2d7f7239,19,martial_arts,QMA03,distractor,1,1.0,4,80.383,77.709,1.0,1.0,647.0
69db2dd233fad5ba2d7f7239,19,martial_arts,QMA04,distractor,0,0.0,4,80.383,77.709,1.0,1.0,647.0
69db2dd233fad5ba2d7f7239,19,martial_arts,QMA05,distractor,1,1.0,4,80.383,77.709,1.0,1.0,647.0
69db2dd233fad5ba2d7f7239,19,fruits_v2,QF_V2_01,control,1,1.0,1,55.239,91.675,2.0,4.0,647.0
69db2dd233fad5ba2d7f7239,19,fruits_v2,QF_V2_02,control,0,0.5,1,55.239,91.675,2.0,4.0,647.0
69db2dd233fad5ba2d7f7239,19,fruits_v2,QF_V2_03,control,1,1.0,1,55.239,91.675,2.0,4.0,647.0
69db2dd233fad5ba2d7f7239,19,fruits_v2,QF_V2_04,control,0,0.0,1,55.239,91.675,2.0,4.0,647.0
69db2dd233fad5ba2d7f7239,19,fruits_v2,QF_V2_05,control,0,0.0,1,55.239,91.675,2.0,4.0,647.0
69db2dd233fad5ba2d7f7239,19,astronomy,QA01,repeat_short,1,1.0,3,58.537,54.913,3.0,3.0,647.0
69db2dd233fad5ba2d7f7239,19,astronomy,QA02,repeat_short,1,1.0,3,58.537,54.913,3.0,3.0,647.0
69db2dd233fad5ba2d7f7239,19,astronomy,QA03,repeat_short,1,1.0,3,58.537,54.913,3.0,3.0,647.0
69db2dd233fad5ba2d7f7239,19,astronomy,QA04,repeat_short,0,0.0,3,58.537,54.913,3.0,3.0,647.0
69db2dd233fad5ba2d7f7239,19,astronomy,QA05,repeat_short,0,0.0,3,58.537,54.913,3.0,3.0,647.0
69db2dd233fad5ba2d7f7239,19,fabrics,QFB01,repeat_long,0,0.5,2,73.502,50.545,3.0,3.0,647.0
69db2dd233fad5ba2d7f7239,19,fabrics,QFB02,repeat_long,1,1.0,2,73.502,50.545,3.0,3.0,647.0
69db2dd233fad5ba2d7f7239,19,fabrics,QFB03,repeat_long,1,1.0,2,73.502,50.545,3.0,3.0,647.0
69db2dd233fad5ba2d7f7239,19,fabrics,QFB04,repeat_long,0,0.0,2,73.502,50.545,3.0,3.0,647.0
69db2dd233fad5ba2d7f7239,19,fabrics,QFB05,repeat_long,0,0.5,2,73.502,50.545,3.0,3.0,647.0
69eaa08ad70ec4f59e9c1c7c,17,martial_arts,QMA01,repeat_long,1,1.0,1,91.554,40.374,2.0,4.0,565.0
69eaa08ad70ec4f59e9c1c7c,17,martial_arts,QMA02,repeat_long,1,1.0,1,91.554,40.374,2.0,4.0,565.0
69eaa08ad70ec4f59e9c1c7c,17,martial_arts,QMA03,repeat_long,0,0.0,1,91.554,40.374,2.0,4.0,565.0
69eaa08ad70ec4f59e9c1c7c,17,martial_arts,QMA04,repeat_long,1,1.0,1,91.554,40.374,2.0,4.0,565.0
69eaa08ad70ec4f59e9c1c7c,17,martial_arts,QMA05,repeat_long,1,1.0,1,91.554,40.374,2.0,4.0,565.0
69eaa08ad70ec4f59e9c1c7c,17,fruits_v2,QF_V2_01,distractor,0,0.0,2,83.777,53.702,5.0,7.0,565.0
69eaa08ad70ec4f59e9c1c7c,17,fruits_v2,QF_V2_02,distractor,0,0.5,2,83.777,53.702,5.0,7.0,565.0
69eaa08ad70ec4f59e9c1c7c,17,fruits_v2,QF_V2_03,distractor,0,0.0,2,83.777,53.702,5.0,7.0,565.0
69eaa08ad70ec4f59e9c1c7c,17,fruits_v2,QF_V2_04,distractor,1,1.0,2,83.777,53.702,5.0,7.0,565.0
69eaa08ad70ec4f59e9c1c7c,17,fruits_v2,QF_V2_05,distractor,0,0.0,2,83.777,53.702,5.0,7.0,565.0
69eaa08ad70ec4f59e9c1c7c,17,astronomy,QA01,control,1,1.0,3,51.052,44.909,3.0,5.0,565.0
69eaa08ad70ec4f59e9c1c7c,17,astronomy,QA02,control,0,0.5,3,51.052,44.909,3.0,5.0,565.0
69eaa08ad70ec4f59e9c1c7c,17,astronomy,QA03,control,0,0.5,3,51.052,44.909,3.0,5.0,565.0
69eaa08ad70ec4f59e9c1c7c,17,astronomy,QA04,control,0,0.0,3,51.052,44.909,3.0,5.0,565.0
69eaa08ad70ec4f59e9c1c7c,17,astronomy,QA05,control,0,0.0,3,51.052,44.909,3.0,5.0,565.0
69eaa08ad70ec4f59e9c1c7c,17,fabrics,QFB01,repeat_short,0,0.5,4,53.261,47.172,2.0,2.0,565.0
69eaa08ad70ec4f59e9c1c7c,17,fabrics,QFB02,repeat_short,0,0.5,4,53.261,47.172,2.0,2.0,565.0
69eaa08ad70ec4f59e9c1c7c,17,fabrics,QFB03,repeat_short,1,1.0,4,53.261,47.172,2.0,2.0,565.0
69eaa08ad70ec4f59e9c1c7c,17,fabrics,QFB04,repeat_short,1,1.0,4,53.261,47.172,2.0,2.0,565.0
69eaa08ad70ec4f59e9c1c7c,17,fabrics,QFB05,repeat_short,0,0.5,4,53.261,47.172,2.0,2.0,565.0
69c8a4940b7fc0060465a69e,15,martial_arts,QMA01,repeat_long,1,1.0,1,91.838,61.196,5.0,4.0,706.0
69c8a4940b7fc0060465a69e,15,martial_arts,QMA02,repeat_long,1,1.0,1,91.838,61.196,5.0,4.0,706.0
69c8a4940b7fc0060465a69e,15,martial_arts,QMA03,repeat_long,0,0.0,1,91.838,61.196,5.0,4.0,706.0
69c8a4940b7fc0060465a69e,15,martial_arts,QMA04,repeat_long,1,1.0,1,91.838,61.196,5.0,4.0,706.0
69c8a4940b7fc0060465a69e,15,martial_arts,QMA05,repeat_long,1,1.0,1,91.838,61.196,5.0,4.0,706.0
69c8a4940b7fc0060465a69e,15,fruits_v2,QF_V2_01,repeat_short,0,0.5,2,60.608,62.073,4.0,5.0,706.0
69c8a4940b7fc0060465a69e,15,fruits_v2,QF_V2_02,repeat_short,1,1.0,2,60.608,62.073,4.0,5.0,706.0
69c8a4940b7fc0060465a69e,15,fruits_v2,QF_V2_03,repeat_short,0,0.0,2,60.608,62.073,4.0,5.0,706.0
69c8a4940b7fc0060465a69e,15,fruits_v2,QF_V2_04,repeat_short,1,1.0,2,60.608,62.073,4.0,5.0,706.0
69c8a4940b7fc0060465a69e,15,fruits_v2,QF_V2_05,repeat_short,1,1.0,2,60.608,62.073,4.0,5.0,706.0
69c8a4940b7fc0060465a69e,15,astronomy,QA01,control,0,0.3333333333333333,4,52.55,94.091,8.0,7.0,706.0
69c8a4940b7fc0060465a69e,15,astronomy,QA02,control,0,0.5,4,52.55,94.091,8.0,7.0,706.0
69c8a4940b7fc0060465a69e,15,astronomy,QA03,control,0,0.5,4,52.55,94.091,8.0,7.0,706.0
69c8a4940b7fc0060465a69e,15,astronomy,QA04,control,1,1.0,4,52.55,94.091,8.0,7.0,706.0
69c8a4940b7fc0060465a69e,15,astronomy,QA05,control,0,0.0,4,52.55,94.091,8.0,7.0,706.0
69c8a4940b7fc0060465a69e,15,fabrics,QFB01,distractor,1,1.0,3,72.364,66.449,7.0,6.0,706.0
69c8a4940b7fc0060465a69e,15,fabrics,QFB02,distractor,1,1.0,3,72.364,66.449,7.0,6.0,706.0
69c8a4940b7fc0060465a69e,15,fabrics,QFB03,distractor,1,1.0,3,72.364,66.449,7.0,6.0,706.0
69c8a4940b7fc0060465a69e,15,fabrics,QFB04,distractor,0,0.0,3,72.364,66.449,7.0,6.0,706.0
69c8a4940b7fc0060465a69e,15,fabrics,QFB05,distractor,1,1.0,3,72.364,66.449,7.0,6.0,706.0
678408b0ce4bc7f5bd48469d,5,martial_arts,QMA01,control,1,1.0,4,75.252,51.95,7.0,8.0,694.0
678408b0ce4bc7f5bd48469d,5,martial_arts,QMA02,control,0,0.5,4,75.252,51.95,7.0,8.0,694.0
678408b0ce4bc7f5bd48469d,5,martial_arts,QMA03,control,0,0.0,4,75.252,51.95,7.0,8.0,694.0
678408b0ce4bc7f5bd48469d,5,martial_arts,QMA04,control,0,0.0,4,75.252,51.95,7.0,8.0,694.0
678408b0ce4bc7f5bd48469d,5,martial_arts,QMA05,control,1,1.0,4,75.252,51.95,7.0,8.0,694.0
678408b0ce4bc7f5bd48469d,5,fruits_v2,QF_V2_01,distractor,0,0.5,3,86.836,66.773,8.0,8.0,694.0
678408b0ce4bc7f5bd48469d,5,fruits_v2,QF_V2_02,distractor,0,0.0,3,86.836,66.773,8.0,8.0,694.0
678408b0ce4bc7f5bd48469d,5,fruits_v2,QF_V2_03,distractor,0,0.0,3,86.836,66.773,8.0,8.0,694.0
678408b0ce4bc7f5bd48469d,5,fruits_v2,QF_V2_04,distractor,1,1.0,3,86.836,66.773,8.0,8.0,694.0
678408b0ce4bc7f5bd48469d,5,fruits_v2,QF_V2_05,distractor,0,0.0,3,86.836,66.773,8.0,8.0,694.0
678408b0ce4bc7f5bd48469d,5,astronomy,QA01,repeat_short,0,0.3333333333333333,1,69.891,48.562,4.0,8.0,694.0
678408b0ce4bc7f5bd48469d,5,astronomy,QA02,repeat_short,1,1.0,1,69.891,48.562,4.0,8.0,694.0
678408b0ce4bc7f5bd48469d,5,astronomy,QA03,repeat_short,0,0.0,1,69.891,48.562,4.0,8.0,694.0
678408b0ce4bc7f5bd48469d,5,astronomy,QA04,repeat_short,1,1.0,1,69.891,48.562,4.0,8.0,694.0
678408b0ce4bc7f5bd48469d,5,astronomy,QA05,repeat_short,0,0.0,1,69.891,48.562,4.0,8.0,694.0
678408b0ce4bc7f5bd48469d,5,fabrics,QFB01,repeat_long,0,0.5,2,71.083,52.425,9.0,7.0,694.0
678408b0ce4bc7f5bd48469d,5,fabrics,QFB02,repeat_long,1,1.0,2,71.083,52.425,9.0,7.0,694.0
678408b0ce4bc7f5bd48469d,5,fabrics,QFB03,repeat_long,1,1.0,2,71.083,52.425,9.0,7.0,694.0
678408b0ce4bc7f5bd48469d,5,fabrics,QFB04,repeat_long,0,0.0,2,71.083,52.425,9.0,7.0,694.0
678408b0ce4bc7f5bd48469d,5,fabrics,QFB05,repeat_long,1,1.0,2,71.083,52.425,9.0,7.0,694.0
5d803d51aa53f30015ce5b77,11,martial_arts,QMA01,repeat_short,1,1.0,4,61.837,59.571,4.0,4.0,610.0
5d803d51aa53f30015ce5b77,11,martial_arts,QMA02,repeat_short,1,1.0,4,61.837,59.571,4.0,4.0,610.0
5d803d51aa53f30015ce5b77,11,martial_arts,QMA03,repeat_short,0,0.5,4,61.837,59.571,4.0,4.0,610.0
5d803d51aa53f30015ce5b77,11,martial_arts,QMA04,repeat_short,1,1.0,4,61.837,59.571,4.0,4.0,610.0
5d803d51aa53f30015ce5b77,11,martial_arts,QMA05,repeat_short,1,1.0,4,61.837,59.571,4.0,4.0,610.0
5d803d51aa53f30015ce5b77,11,fruits_v2,QF_V2_01,distractor,1,1.0,3,82.69,55.731,9.0,9.0,610.0
5d803d51aa53f30015ce5b77,11,fruits_v2,QF_V2_02,distractor,1,1.0,3,82.69,55.731,9.0,9.0,610.0
5d803d51aa53f30015ce5b77,11,fruits_v2,QF_V2_03,distractor,1,1.0,3,82.69,55.731,9.0,9.0,610.0
5d803d51aa53f30015ce5b77,11,fruits_v2,QF_V2_04,distractor,1,1.0,3,82.69,55.731,9.0,9.0,610.0
5d803d51aa53f30015ce5b77,11,fruits_v2,QF_V2_05,distractor,0,0.0,3,82.69,55.731,9.0,9.0,610.0
5d803d51aa53f30015ce5b77,11,astronomy,QA01,control,1,1.0,2,51.928,65.422,3.0,3.0,610.0
5d803d51aa53f30015ce5b77,11,astronomy,QA02,control,1,1.0,2,51.928,65.422,3.0,3.0,610.0
5d803d51aa53f30015ce5b77,11,astronomy,QA03,control,1,1.0,2,51.928,65.422,3.0,3.0,610.0
5d803d51aa53f30015ce5b77,11,astronomy,QA04,control,0,0.0,2,51.928,65.422,3.0,3.0,610.0
5d803d51aa53f30015ce5b77,11,astronomy,QA05,control,0,0.0,2,51.928,65.422,3.0,3.0,610.0
5d803d51aa53f30015ce5b77,11,fabrics,QFB01,repeat_long,0,0.5,1,71.354,58.969,0.0,0.0,610.0
5d803d51aa53f30015ce5b77,11,fabrics,QFB02,repeat_long,0,0.5,1,71.354,58.969,0.0,0.0,610.0
5d803d51aa53f30015ce5b77,11,fabrics,QFB03,repeat_long,1,1.0,1,71.354,58.969,0.0,0.0,610.0
5d803d51aa53f30015ce5b77,11,fabrics,QFB04,repeat_long,1,1.0,1,71.354,58.969,0.0,0.0,610.0
5d803d51aa53f30015ce5b77,11,fabrics,QFB05,repeat_long,1,1.0,1,71.354,58.969,0.0,0.0,610.0
6a1d9916a504ae570ef6efc6,7,martial_arts,QMA01,repeat_short,1,1.0,2,63.14,53.859,8.0,7.0,652.0
6a1d9916a504ae570ef6efc6,7,martial_arts,QMA02,repeat_short,1,1.0,2,63.14,53.859,8.0,7.0,652.0
6a1d9916a504ae570ef6efc6,7,martial_arts,QMA03,repeat_short,0,0.5,2,63.14,53.859,8.0,7.0,652.0
6a1d9916a504ae570ef6efc6,7,martial_arts,QMA04,repeat_short,1,1.0,2,63.14,53.859,8.0,7.0,652.0
6a1d9916a504ae570ef6efc6,7,martial_arts,QMA05,repeat_short,1,1.0,2,63.14,53.859,8.0,7.0,652.0
6a1d9916a504ae570ef6efc6,7,fruits_v2,QF_V2_01,control,1,1.0,4,51.647,80.79,5.0,3.0,652.0
6a1d9916a504ae570ef6efc6,7,fruits_v2,QF_V2_02,control,0,0.5,4,51.647,80.79,5.0,3.0,652.0
6a1d9916a504ae570ef6efc6,7,fruits_v2,QF_V2_03,control,0,0.0,4,51.647,80.79,5.0,3.0,652.0
6a1d9916a504ae570ef6efc6,7,fruits_v2,QF_V2_04,control,1,1.0,4,51.647,80.79,5.0,3.0,652.0
6a1d9916a504ae570ef6efc6,7,fruits_v2,QF_V2_05,control,1,1.0,4,51.647,80.79,5.0,3.0,652.0
6a1d9916a504ae570ef6efc6,7,astronomy,QA01,repeat_long,0,0.6666666666666666,1,82.561,51.858,7.0,5.0,652.0
6a1d9916a504ae570ef6efc6,7,astronomy,QA02,repeat_long,1,1.0,1,82.561,51.858,7.0,5.0,652.0
6a1d9916a504ae570ef6efc6,7,astronomy,QA03,repeat_long,0,0.5,1,82.561,51.858,7.0,5.0,652.0
6a1d9916a504ae570ef6efc6,7,astronomy,QA04,repeat_long,1,1.0,1,82.561,51.858,7.0,5.0,652.0
6a1d9916a504ae570ef6efc6,7,astronomy,QA05,repeat_long,1,1.0,1,82.561,51.858,7.0,5.0,652.0
6a1d9916a504ae570ef6efc6,7,fabrics,QFB01,distractor,0,0.5,3,74.431,67.475,6.0,5.0,652.0
6a1d9916a504ae570ef6efc6,7,fabrics,QFB02,distractor,0,0.5,3,74.431,67.475,6.0,5.0,652.0
6a1d9916a504ae570ef6efc6,7,fabrics,QFB03,distractor,1,1.0,3,74.431,67.475,6.0,5.0,652.0
6a1d9916a504ae570ef6efc6,7,fabrics,QFB04,distractor,1,1.0,3,74.431,67.475,6.0,5.0,652.0
6a1d9916a504ae570ef6efc6,7,fabrics,QFB05,distractor,1,1.0,3,74.431,67.475,6.0,5.0,652.0
63bd9ac0dc52225142c5b1d4,7,martial_arts,QMA01,repeat_short,1,1.0,3,61.04,72.53,0.0,9.0,728.0
63bd9ac0dc52225142c5b1d4,7,martial_arts,QMA02,repeat_short,1,1.0,3,61.04,72.53,0.0,9.0,728.0
63bd9ac0dc52225142c5b1d4,7,martial_arts,QMA03,repeat_short,0,0.0,3,61.04,72.53,0.0,9.0,728.0
63bd9ac0dc52225142c5b1d4,7,martial_arts,QMA04,repeat_short,1,1.0,3,61.04,72.53,0.0,9.0,728.0
63bd9ac0dc52225142c5b1d4,7,martial_arts,QMA05,repeat_short,1,1.0,3,61.04,72.53,0.0,9.0,728.0
63bd9ac0dc52225142c5b1d4,7,fruits_v2,QF_V2_01,control,0,0.5,1,52.721,64.232,0.0,10.0,728.0
63bd9ac0dc52225142c5b1d4,7,fruits_v2,QF_V2_02,control,0,0.5,1,52.721,64.232,0.0,10.0,728.0
63bd9ac0dc52225142c5b1d4,7,fruits_v2,QF_V2_03,control,1,1.0,1,52.721,64.232,0.0,10.0,728.0
63bd9ac0dc52225142c5b1d4,7,fruits_v2,QF_V2_04,control,1,1.0,1,52.721,64.232,0.0,10.0,728.0
63bd9ac0dc52225142c5b1d4,7,fruits_v2,QF_V2_05,control,0,0.0,1,52.721,64.232,0.0,10.0,728.0
63bd9ac0dc52225142c5b1d4,7,astronomy,QA01,repeat_long,0,0.3333333333333333,4,79.992,52.032,0.0,10.0,728.0
63bd9ac0dc52225142c5b1d4,7,astronomy,QA02,repeat_long,0,0.5,4,79.992,52.032,0.0,10.0,728.0
63bd9ac0dc52225142c5b1d4,7,astronomy,QA03,repeat_long,0,0.5,4,79.992,52.032,0.0,10.0,728.0
63bd9ac0dc52225142c5b1d4,7,astronomy,QA04,repeat_long,1,1.0,4,79.992,52.032,0.0,10.0,728.0
63bd9ac0dc52225142c5b1d4,7,astronomy,QA05,repeat_long,0,0.0,4,79.992,52.032,0.0,10.0,728.0
63bd9ac0dc52225142c5b1d4,7,fabrics,QFB01,distractor,0,0.5,2,72.673,71.256,0.0,10.0,728.0
63bd9ac0dc52225142c5b1d4,7,fabrics,QFB02,distractor,0,0.5,2,72.673,71.256,0.0,10.0,728.0
63bd9ac0dc52225142c5b1d4,7,fabrics,QFB03,distractor,1,1.0,2,72.673,71.256,0.0,10.0,728.0
63bd9ac0dc52225142c5b1d4,7,fabrics,QFB04,distractor,0,0.0,2,72.673,71.256,0.0,10.0,728.0
63bd9ac0dc52225142c5b1d4,7,fabrics,QFB05,distractor,1,1.0,2,72.673,71.256,0.0,10.0,728.0
69e7ee6637e005bae61a12b2,5,martial_arts,QMA01,control,1,1.0,3,60.029,58.413,7.0,7.0,660.0
69e7ee6637e005bae61a12b2,5,martial_arts,QMA02,control,0,0.5,3,60.029,58.413,7.0,7.0,660.0
69e7ee6637e005bae61a12b2,5,martial_arts,QMA03,control,0,0.5,3,60.029,58.413,7.0,7.0,660.0
69e7ee6637e005bae61a12b2,5,martial_arts,QMA04,control,1,1.0,3,60.029,58.413,7.0,7.0,660.0
69e7ee6637e005bae61a12b2,5,martial_arts,QMA05,control,1,1.0,3,60.029,58.413,7.0,7.0,660.0
69e7ee6637e005bae61a12b2,5,fruits_v2,QF_V2_01,distractor,0,0.5,4,82.886,64.325,7.0,7.0,660.0
69e7ee6637e005bae61a12b2,5,fruits_v2,QF_V2_02,distractor,0,0.5,4,82.886,64.325,7.0,7.0,660.0
69e7ee6637e005bae61a12b2,5,fruits_v2,QF_V2_03,distractor,0,0.0,4,82.886,64.325,7.0,7.0,660.0
69e7ee6637e005bae61a12b2,5,fruits_v2,QF_V2_04,distractor,1,1.0,4,82.886,64.325,7.0,7.0,660.0
69e7ee6637e005bae61a12b2,5,fruits_v2,QF_V2_05,distractor,1,1.0,4,82.886,64.325,7.0,7.0,660.0
69e7ee6637e005bae61a12b2,5,astronomy,QA01,repeat_short,0,0.6666666666666666,2,55.928,52.67,9.0,9.0,660.0
69e7ee6637e005bae61a12b2,5,astronomy,QA02,repeat_short,0,0.5,2,55.928,52.67,9.0,9.0,660.0
69e7ee6637e005bae61a12b2,5,astronomy,QA03,repeat_short,0,0.5,2,55.928,52.67,9.0,9.0,660.0
69e7ee6637e005bae61a12b2,5,astronomy,QA04,repeat_short,0,0.0,2,55.928,52.67,9.0,9.0,660.0
69e7ee6637e005bae61a12b2,5,astronomy,QA05,repeat_short,0,0.0,2,55.928,52.67,9.0,9.0,660.0
69e7ee6637e005bae61a12b2,5,fabrics,QFB01,repeat_long,1,1.0,1,72.045,63.484,7.0,7.0,660.0
69e7ee6637e005bae61a12b2,5,fabrics,QFB02,repeat_long,1,1.0,1,72.045,63.484,7.0,7.0,660.0
69e7ee6637e005bae61a12b2,5,fabrics,QFB03,repeat_long,1,1.0,1,72.045,63.484,7.0,7.0,660.0
69e7ee6637e005bae61a12b2,5,fabrics,QFB04,repeat_long,0,0.0,1,72.045,63.484,7.0,7.0,660.0
69e7ee6637e005bae61a12b2,5,fabrics,QFB05,repeat_long,1,1.0,1,72.045,63.484,7.0,7.0,660.0
6640be7edc706d4622dbab1c,10,martial_arts,QMA01,repeat_short,1,1.0,4,62.453,79.314,7.0,6.0,753.0
6640be7edc706d4622dbab1c,10,martial_arts,QMA02,repeat_short,1,1.0,4,62.453,79.314,7.0,6.0,753.0
6640be7edc706d4622dbab1c,10,martial_arts,QMA03,repeat_short,0,0.0,4,62.453,79.314,7.0,6.0,753.0
6640be7edc706d4622dbab1c,10,martial_arts,QMA04,repeat_short,0,0.0,4,62.453,79.314,7.0,6.0,753.0
6640be7edc706d4622dbab1c,10,martial_arts,QMA05,repeat_short,0,0.5,4,62.453,79.314,7.0,6.0,753.0
6640be7edc706d4622dbab1c,10,fruits_v2,QF_V2_01,repeat_long,1,1.0,3,84.421,95.161,7.0,7.0,753.0
6640be7edc706d4622dbab1c,10,fruits_v2,QF_V2_02,repeat_long,0,0.0,3,84.421,95.161,7.0,7.0,753.0
6640be7edc706d4622dbab1c,10,fruits_v2,QF_V2_03,repeat_long,0,0.0,3,84.421,95.161,7.0,7.0,753.0
6640be7edc706d4622dbab1c,10,fruits_v2,QF_V2_04,repeat_long,0,0.0,3,84.421,95.161,7.0,7.0,753.0
6640be7edc706d4622dbab1c,10,fruits_v2,QF_V2_05,repeat_long,1,1.0,3,84.421,95.161,7.0,7.0,753.0
6640be7edc706d4622dbab1c,10,astronomy,QA01,distractor,1,1.0,1,94.216,85.796,10.0,9.0,753.0
6640be7edc706d4622dbab1c,10,astronomy,QA02,distractor,0,0.5,1,94.216,85.796,10.0,9.0,753.0
6640be7edc706d4622dbab1c,10,astronomy,QA03,distractor,0,0.5,1,94.216,85.796,10.0,9.0,753.0
6640be7edc706d4622dbab1c,10,astronomy,QA04,distractor,1,1.0,1,94.216,85.796,10.0,9.0,753.0
6640be7edc706d4622dbab1c,10,astronomy,QA05,distractor,0,0.0,1,94.216,85.796,10.0,9.0,753.0
6640be7edc706d4622dbab1c,10,fabrics,QFB01,control,1,1.0,2,49.027,74.518,4.0,7.0,753.0
6640be7edc706d4622dbab1c,10,fabrics,QFB02,control,1,1.0,2,49.027,74.518,4.0,7.0,753.0
6640be7edc706d4622dbab1c,10,fabrics,QFB03,control,1,1.0,2,49.027,74.518,4.0,7.0,753.0
6640be7edc706d4622dbab1c,10,fabrics,QFB04,control,0,0.0,2,49.027,74.518,4.0,7.0,753.0
6640be7edc706d4622dbab1c,10,fabrics,QFB05,control,1,1.0,2,49.027,74.518,4.0,7.0,753.0
60c119b30aa5205b493541b6,15,martial_arts,QMA01,repeat_long,1,1.0,3,90.711,78.02,8.0,9.0,719.0
60c119b30aa5205b493541b6,15,martial_arts,QMA02,repeat_long,1,1.0,3,90.711,78.02,8.0,9.0,719.0
60c119b30aa5205b493541b6,15,martial_arts,QMA03,repeat_long,0,0.0,3,90.711,78.02,8.0,9.0,719.0
60c119b30aa5205b493541b6,15,martial_arts,QMA04,repeat_long,1,1.0,3,90.711,78.02,8.0,9.0,719.0
60c119b30aa5205b493541b6,15,martial_arts,QMA05,repeat_long,1,1.0,3,90.711,78.02,8.0,9.0,719.0
60c119b30aa5205b493541b6,15,fruits_v2,QF_V2_01,repeat_short,0,0.5,2,62.692,66.733,7.0,7.0,719.0
60c119b30aa5205b493541b6,15,fruits_v2,QF_V2_02,repeat_short,1,1.0,2,62.692,66.733,7.0,7.0,719.0
60c119b30aa5205b493541b6,15,fruits_v2,QF_V2_03,repeat_short,1,1.0,2,62.692,66.733,7.0,7.0,719.0
60c119b30aa5205b493541b6,15,fruits_v2,QF_V2_04,repeat_short,1,1.0,2,62.692,66.733,7.0,7.0,719.0
60c119b30aa5205b493541b6,15,fruits_v2,QF_V2_05,repeat_short,0,0.0,2,62.692,66.733,7.0,7.0,719.0
60c119b30aa5205b493541b6,15,astronomy,QA01,control,0,0.3333333333333333,4,52.255,61.712,7.0,9.0,719.0
60c119b30aa5205b493541b6,15,astronomy,QA02,control,0,0.5,4,52.255,61.712,7.0,9.0,719.0
60c119b30aa5205b493541b6,15,astronomy,QA03,control,0,0.5,4,52.255,61.712,7.0,9.0,719.0
60c119b30aa5205b493541b6,15,astronomy,QA04,control,0,0.0,4,52.255,61.712,7.0,9.0,719.0
60c119b30aa5205b493541b6,15,astronomy,QA05,control,0,0.0,4,52.255,61.712,7.0,9.0,719.0
6727af89081bd9f0e0d0973d,16,martial_arts,QMA01,repeat_long,1,1.0,1,93.0,58.205,4.0,7.0,756.0
6727af89081bd9f0e0d0973d,16,martial_arts,QMA02,repeat_long,1,1.0,1,93.0,58.205,4.0,7.0,756.0
6727af89081bd9f0e0d0973d,16,martial_arts,QMA03,repeat_long,1,1.0,1,93.0,58.205,4.0,7.0,756.0
6727af89081bd9f0e0d0973d,16,martial_arts,QMA04,repeat_long,1,1.0,1,93.0,58.205,4.0,7.0,756.0
6727af89081bd9f0e0d0973d,16,martial_arts,QMA05,repeat_long,1,1.0,1,93.0,58.205,4.0,7.0,756.0
6727af89081bd9f0e0d0973d,16,fruits_v2,QF_V2_01,repeat_short,0,0.0,2,59.03,87.279,8.0,8.0,756.0
6727af89081bd9f0e0d0973d,16,fruits_v2,QF_V2_02,repeat_short,1,1.0,2,59.03,87.279,8.0,8.0,756.0
6727af89081bd9f0e0d0973d,16,fruits_v2,QF_V2_03,repeat_short,1,1.0,2,59.03,87.279,8.0,8.0,756.0
6727af89081bd9f0e0d0973d,16,fruits_v2,QF_V2_04,repeat_short,1,1.0,2,59.03,87.279,8.0,8.0,756.0
6727af89081bd9f0e0d0973d,16,fruits_v2,QF_V2_05,repeat_short,1,1.0,2,59.03,87.279,8.0,8.0,756.0
6727af89081bd9f0e0d0973d,16,astronomy,QA01,distractor,0,0.6666666666666666,3,94.243,79.881,5.0,7.0,756.0
6727af89081bd9f0e0d0973d,16,astronomy,QA02,distractor,0,0.5,3,94.243,79.881,5.0,7.0,756.0
6727af89081bd9f0e0d0973d,16,astronomy,QA03,distractor,1,1.0,3,94.243,79.881,5.0,7.0,756.0
6727af89081bd9f0e0d0973d,16,astronomy,QA04,distractor,1,1.0,3,94.243,79.881,5.0,7.0,756.0
6727af89081bd9f0e0d0973d,16,astronomy,QA05,distractor,0,0.0,3,94.243,79.881,5.0,7.0,756.0
6727af89081bd9f0e0d0973d,16,fabrics,QFB01,control,0,0.5,4,47.602,60.307,4.0,5.0,756.0
6727af89081bd9f0e0d0973d,16,fabrics,QFB02,control,1,1.0,4,47.602,60.307,4.0,5.0,756.0
6727af89081bd9f0e0d0973d,16,fabrics,QFB03,control,1,1.0,4,47.602,60.307,4.0,5.0,756.0
6727af89081bd9f0e0d0973d,16,fabrics,QFB04,control,1,1.0,4,47.602,60.307,4.0,5.0,756.0
6727af89081bd9f0e0d0973d,16,fabrics,QFB05,control,1,1.0,4,47.602,60.307,4.0,5.0,756.0
58ac91c38bf22a00015b91b3,2,martial_arts,QMA01,control,1,1.0,1,62.825,72.432,7.0,6.0,702.0
58ac91c38bf22a00015b91b3,2,martial_arts,QMA02,control,0,0.5,1,62.825,72.432,7.0,6.0,702.0
58ac91c38bf22a00015b91b3,2,martial_arts,QMA03,control,0,0.5,1,62.825,72.432,7.0,6.0,702.0
58ac91c38bf22a00015b91b3,2,martial_arts,QMA04,control,1,1.0,1,62.825,72.432,7.0,6.0,702.0
58ac91c38bf22a00015b91b3,2,martial_arts,QMA05,control,0,0.5,1,62.825,72.432,7.0,6.0,702.0
58ac91c38bf22a00015b91b3,2,fruits_v2,QF_V2_01,repeat_short,0,0.5,4,61.35,107.019,7.0,7.0,702.0
58ac91c38bf22a00015b91b3,2,fruits_v2,QF_V2_02,repeat_short,0,0.5,4,61.35,107.019,7.0,7.0,702.0
58ac91c38bf22a00015b91b3,2,fruits_v2,QF_V2_03,repeat_short,0,0.0,4,61.35,107.019,7.0,7.0,702.0
58ac91c38bf22a00015b91b3,2,fruits_v2,QF_V2_04,repeat_short,1,1.0,4,61.35,107.019,7.0,7.0,702.0
58ac91c38bf22a00015b91b3,2,fruits_v2,QF_V2_05,repeat_short,1,1.0,4,61.35,107.019,7.0,7.0,702.0
58ac91c38bf22a00015b91b3,2,astronomy,QA01,distractor,0,0.6666666666666666,2,96.028,83.789,5.0,6.0,702.0
58ac91c38bf22a00015b91b3,2,astronomy,QA02,distractor,0,0.5,2,96.028,83.789,5.0,6.0,702.0
58ac91c38bf22a00015b91b3,2,astronomy,QA03,distractor,0,0.5,2,96.028,83.789,5.0,6.0,702.0
58ac91c38bf22a00015b91b3,2,astronomy,QA04,distractor,1,1.0,2,96.028,83.789,5.0,6.0,702.0
58ac91c38bf22a00015b91b3,2,astronomy,QA05,distractor,1,1.0,2,96.028,83.789,5.0,6.0,702.0
58ac91c38bf22a00015b91b3,2,fabrics,QFB01,repeat_long,0,0.5,3,69.88,61.098,4.0,5.0,702.0
58ac91c38bf22a00015b91b3,2,fabrics,QFB02,repeat_long,0,0.5,3,69.88,61.098,4.0,5.0,702.0
58ac91c38bf22a00015b91b3,2,fabrics,QFB03,repeat_long,1,1.0,3,69.88,61.098,4.0,5.0,702.0
58ac91c38bf22a00015b91b3,2,fabrics,QFB04,repeat_long,1,1.0,3,69.88,61.098,4.0,5.0,702.0
58ac91c38bf22a00015b91b3,2,fabrics,QFB05,repeat_long,1,1.0,3,69.88,61.098,4.0,5.0,702.0
56a7b5eac89737000b225d0e,19,martial_arts,QMA01,distractor,1,1.0,2,75.756,40.374,2.0,2.0,732.0
56a7b5eac89737000b225d0e,19,martial_arts,QMA02,distractor,1,1.0,2,75.756,40.374,2.0,2.0,732.0
56a7b5eac89737000b225d0e,19,martial_arts,QMA03,distractor,0,0.5,2,75.756,40.374,2.0,2.0,732.0
56a7b5eac89737000b225d0e,19,martial_arts,QMA04,distractor,1,1.0,2,75.756,40.374,2.0,2.0,732.0
56a7b5eac89737000b225d0e,19,martial_arts,QMA05,distractor,0,0.0,2,75.756,40.374,2.0,2.0,732.0
56a7b5eac89737000b225d0e,19,astronomy,QA01,repeat_short,0,0.3333333333333333,3,62.822,28.171,0.0,0.0,732.0
56a7b5eac89737000b225d0e,19,astronomy,QA02,repeat_short,0,0.5,3,62.822,28.171,0.0,0.0,732.0
56a7b5eac89737000b225d0e,19,astronomy,QA03,repeat_short,0,0.0,3,62.822,28.171,0.0,0.0,732.0
56a7b5eac89737000b225d0e,19,astronomy,QA04,repeat_short,0,0.0,3,62.822,28.171,0.0,0.0,732.0
56a7b5eac89737000b225d0e,19,astronomy,QA05,repeat_short,1,1.0,3,62.822,28.171,0.0,0.0,732.0
56a7b5eac89737000b225d0e,19,fabrics,QFB01,repeat_long,0,0.5,4,77.042,23.09,3.0,4.0,732.0
56a7b5eac89737000b225d0e,19,fabrics,QFB02,repeat_long,0,0.0,4,77.042,23.09,3.0,4.0,732.0
56a7b5eac89737000b225d0e,19,fabrics,QFB03,repeat_long,0,0.0,4,77.042,23.09,3.0,4.0,732.0
56a7b5eac89737000b225d0e,19,fabrics,QFB04,repeat_long,0,0.0,4,77.042,23.09,3.0,4.0,732.0
56a7b5eac89737000b225d0e,19,fabrics,QFB05,repeat_long,0,0.5,4,77.042,23.09,3.0,4.0,732.0
695c8ba574771ee1382bed66,20,martial_arts,QMA01,distractor,1,1.0,3,77.849,77.762,4.0,6.0,719.0
695c8ba574771ee1382bed66,20,martial_arts,QMA02,distractor,1,1.0,3,77.849,77.762,4.0,6.0,719.0
695c8ba574771ee1382bed66,20,martial_arts,QMA03,distractor,0,0.5,3,77.849,77.762,4.0,6.0,719.0
695c8ba574771ee1382bed66,20,martial_arts,QMA04,distractor,1,1.0,3,77.849,77.762,4.0,6.0,719.0
695c8ba574771ee1382bed66,20,martial_arts,QMA05,distractor,0,0.5,3,77.849,77.762,4.0,6.0,719.0
695c8ba574771ee1382bed66,20,fruits_v2,QF_V2_01,control,0,0.0,1,52.635,91.928,2.0,8.0,719.0
695c8ba574771ee1382bed66,20,fruits_v2,QF_V2_02,control,0,0.5,1,52.635,91.928,2.0,8.0,719.0
695c8ba574771ee1382bed66,20,fruits_v2,QF_V2_03,control,0,0.0,1,52.635,91.928,2.0,8.0,719.0
695c8ba574771ee1382bed66,20,fruits_v2,QF_V2_04,control,1,1.0,1,52.635,91.928,2.0,8.0,719.0
695c8ba574771ee1382bed66,20,fruits_v2,QF_V2_05,control,1,1.0,1,52.635,91.928,2.0,8.0,719.0
695c8ba574771ee1382bed66,20,astronomy,QA01,repeat_long,1,1.0,4,81.551,77.626,1.0,3.0,719.0
695c8ba574771ee1382bed66,20,astronomy,QA02,repeat_long,1,1.0,4,81.551,77.626,1.0,3.0,719.0
695c8ba574771ee1382bed66,20,astronomy,QA03,repeat_long,1,1.0,4,81.551,77.626,1.0,3.0,719.0
695c8ba574771ee1382bed66,20,astronomy,QA04,repeat_long,0,0.0,4,81.551,77.626,1.0,3.0,719.0
695c8ba574771ee1382bed66,20,astronomy,QA05,repeat_long,1,1.0,4,81.551,77.626,1.0,3.0,719.0
695c8ba574771ee1382bed66,20,fabrics,QFB01,repeat_short,0,0.5,2,56.048,63.137,1.0,3.0,719.0
695c8ba574771ee1382bed66,20,fabrics,QFB02,repeat_short,0,0.5,2,56.048,63.137,1.0,3.0,719.0
695c8ba574771ee1382bed66,20,fabrics,QFB03,repeat_short,1,1.0,2,56.048,63.137,1.0,3.0,719.0
695c8ba574771ee1382bed66,20,fabrics,QFB04,repeat_short,1,1.0,2,56.048,63.137,1.0,3.0,719.0
695c8ba574771ee1382bed66,20,fabrics,QFB05,repeat_short,1,1.0,2,56.048,63.137,1.0,3.0,719.0
65ad6297656f207f663725af,2,martial_arts,QMA01,control,0,0.5,1,62.335,77.507,6.0,5.0,768.0
65ad6297656f207f663725af,2,martial_arts,QMA02,control,1,1.0,1,62.335,77.507,6.0,5.0,768.0
65ad6297656f207f663725af,2,martial_arts,QMA03,control,0,0.0,1,62.335,77.507,6.0,5.0,768.0
65ad6297656f207f663725af,2,martial_arts,QMA04,control,0,0.0,1,62.335,77.507,6.0,5.0,768.0
65ad6297656f207f663725af,2,martial_arts,QMA05,control,0,0.5,1,62.335,77.507,6.0,5.0,768.0
65ad6297656f207f663725af,2,fruits_v2,QF_V2_01,repeat_short,0,0.5,4,102.917,72.625,8.0,8.0,768.0
65ad6297656f207f663725af,2,fruits_v2,QF_V2_02,repeat_short,0,0.5,4,102.917,72.625,8.0,8.0,768.0
65ad6297656f207f663725af,2,fruits_v2,QF_V2_03,repeat_short,1,1.0,4,102.917,72.625,8.0,8.0,768.0
65ad6297656f207f663725af,2,fruits_v2,QF_V2_04,repeat_short,1,1.0,4,102.917,72.625,8.0,8.0,768.0
65ad6297656f207f663725af,2,fruits_v2,QF_V2_05,repeat_short,0,0.0,4,102.917,72.625,8.0,8.0,768.0
65ad6297656f207f663725af,2,astronomy,QA01,distractor,0,0.0,3,101.258,87.943,7.0,6.0,768.0
65ad6297656f207f663725af,2,astronomy,QA02,distractor,1,1.0,3,101.258,87.943,7.0,6.0,768.0
65ad6297656f207f663725af,2,astronomy,QA03,distractor,0,0.0,3,101.258,87.943,7.0,6.0,768.0
65ad6297656f207f663725af,2,astronomy,QA04,distractor,0,0.0,3,101.258,87.943,7.0,6.0,768.0
65ad6297656f207f663725af,2,astronomy,QA05,distractor,0,0.0,3,101.258,87.943,7.0,6.0,768.0
65ad6297656f207f663725af,2,fabrics,QFB01,repeat_long,0,0.5,2,72.512,91.669,5.0,4.0,768.0
65ad6297656f207f663725af,2,fabrics,QFB02,repeat_long,1,1.0,2,72.512,91.669,5.0,4.0,768.0
65ad6297656f207f663725af,2,fabrics,QFB03,repeat_long,1,1.0,2,72.512,91.669,5.0,4.0,768.0
65ad6297656f207f663725af,2,fabrics,QFB04,repeat_long,1,1.0,2,72.512,91.669,5.0,4.0,768.0
65ad6297656f207f663725af,2,fabrics,QFB05,repeat_long,1,1.0,2,72.512,91.669,5.0,4.0,768.0
62878aaca0be0ca1e7a3e553,1,martial_arts,QMA01,control,1,1.0,2,58.963,70.426,6.0,6.0,640.0
62878aaca0be0ca1e7a3e553,1,martial_arts,QMA02,control,0,0.5,2,58.963,70.426,6.0,6.0,640.0
62878aaca0be0ca1e7a3e553,1,martial_arts,QMA03,control,0,0.0,2,58.963,70.426,6.0,6.0,640.0
62878aaca0be0ca1e7a3e553,1,martial_arts,QMA04,control,0,0.0,2,58.963,70.426,6.0,6.0,640.0
62878aaca0be0ca1e7a3e553,1,martial_arts,QMA05,control,0,0.5,2,58.963,70.426,6.0,6.0,640.0
62878aaca0be0ca1e7a3e553,1,fruits_v2,QF_V2_01,repeat_short,0,0.0,3,58.12,94.991,5.0,5.0,640.0
62878aaca0be0ca1e7a3e553,1,fruits_v2,QF_V2_02,repeat_short,0,0.5,3,58.12,94.991,5.0,5.0,640.0
62878aaca0be0ca1e7a3e553,1,fruits_v2,QF_V2_03,repeat_short,0,0.0,3,58.12,94.991,5.0,5.0,640.0
62878aaca0be0ca1e7a3e553,1,fruits_v2,QF_V2_04,repeat_short,0,0.0,3,58.12,94.991,5.0,5.0,640.0
62878aaca0be0ca1e7a3e553,1,fruits_v2,QF_V2_05,repeat_short,0,0.0,3,58.12,94.991,5.0,5.0,640.0
62878aaca0be0ca1e7a3e553,1,astronomy,QA01,repeat_long,0,0.6666666666666666,1,86.871,64.473,6.0,6.0,640.0
62878aaca0be0ca1e7a3e553,1,astronomy,QA02,repeat_long,1,1.0,1,86.871,64.473,6.0,6.0,640.0
62878aaca0be0ca1e7a3e553,1,astronomy,QA03,repeat_long,1,1.0,1,86.871,64.473,6.0,6.0,640.0
62878aaca0be0ca1e7a3e553,1,astronomy,QA04,repeat_long,0,0.0,1,86.871,64.473,6.0,6.0,640.0
62878aaca0be0ca1e7a3e553,1,astronomy,QA05,repeat_long,0,0.0,1,86.871,64.473,6.0,6.0,640.0
631b32b0796f2941b55e7d58,12,martial_arts,QMA01,repeat_short,0,0.5,2,61.722,68.669,5.0,4.0,660.0
631b32b0796f2941b55e7d58,12,martial_arts,QMA02,repeat_short,0,0.5,2,61.722,68.669,5.0,4.0,660.0
631b32b0796f2941b55e7d58,12,martial_arts,QMA03,repeat_short,0,0.0,2,61.722,68.669,5.0,4.0,660.0
631b32b0796f2941b55e7d58,12,martial_arts,QMA04,repeat_short,1,1.0,2,61.722,68.669,5.0,4.0,660.0
631b32b0796f2941b55e7d58,12,martial_arts,QMA05,repeat_short,1,1.0,2,61.722,68.669,5.0,4.0,660.0
631b32b0796f2941b55e7d58,12,fruits_v2,QF_V2_01,distractor,0,0.0,3,83.297,66.399,9.0,10.0,660.0
631b32b0796f2941b55e7d58,12,fruits_v2,QF_V2_02,distractor,1,1.0,3,83.297,66.399,9.0,10.0,660.0
631b32b0796f2941b55e7d58,12,fruits_v2,QF_V2_03,distractor,1,1.0,3,83.297,66.399,9.0,10.0,660.0
631b32b0796f2941b55e7d58,12,fruits_v2,QF_V2_04,distractor,1,1.0,3,83.297,66.399,9.0,10.0,660.0
631b32b0796f2941b55e7d58,12,fruits_v2,QF_V2_05,distractor,0,0.0,3,83.297,66.399,9.0,10.0,660.0
631b32b0796f2941b55e7d58,12,astronomy,QA01,repeat_long,1,1.0,1,78.849,81.645,3.0,6.0,660.0
631b32b0796f2941b55e7d58,12,astronomy,QA02,repeat_long,0,0.5,1,78.849,81.645,3.0,6.0,660.0
631b32b0796f2941b55e7d58,12,astronomy,QA03,repeat_long,0,0.5,1,78.849,81.645,3.0,6.0,660.0
631b32b0796f2941b55e7d58,12,astronomy,QA04,repeat_long,0,0.0,1,78.849,81.645,3.0,6.0,660.0
631b32b0796f2941b55e7d58,12,astronomy,QA05,repeat_long,1,1.0,1,78.849,81.645,3.0,6.0,660.0
631b32b0796f2941b55e7d58,12,fabrics,QFB01,control,0,0.0,4,46.409,53.356,10.0,10.0,660.0
631b32b0796f2941b55e7d58,12,fabrics,QFB02,control,0,0.5,4,46.409,53.356,10.0,10.0,660.0
631b32b0796f2941b55e7d58,12,fabrics,QFB03,control,1,1.0,4,46.409,53.356,10.0,10.0,660.0
631b32b0796f2941b55e7d58,12,fabrics,QFB04,control,1,1.0,4,46.409,53.356,10.0,10.0,660.0
631b32b0796f2941b55e7d58,12,fabrics,QFB05,control,0,0.0,4,46.409,53.356,10.0,10.0,660.0
56b4b565b2de2a000d3316ba,19,martial_arts,QMA01,distractor,1,1.0,3,76.229,60.111,4.0,6.0,664.0
56b4b565b2de2a000d3316ba,19,martial_arts,QMA02,distractor,0,0.5,3,76.229,60.111,4.0,6.0,664.0
56b4b565b2de2a000d3316ba,19,martial_arts,QMA03,distractor,0,0.5,3,76.229,60.111,4.0,6.0,664.0
56b4b565b2de2a000d3316ba,19,martial_arts,QMA04,distractor,1,1.0,3,76.229,60.111,4.0,6.0,664.0
56b4b565b2de2a000d3316ba,19,martial_arts,QMA05,distractor,0,0.0,3,76.229,60.111,4.0,6.0,664.0
56b4b565b2de2a000d3316ba,19,fruits_v2,QF_V2_01,control,0,0.5,4,50.666,66.907,6.0,6.0,664.0
56b4b565b2de2a000d3316ba,19,fruits_v2,QF_V2_02,control,0,0.0,4,50.666,66.907,6.0,6.0,664.0
56b4b565b2de2a000d3316ba,19,fruits_v2,QF_V2_03,control,0,0.0,4,50.666,66.907,6.0,6.0,664.0
56b4b565b2de2a000d3316ba,19,fruits_v2,QF_V2_04,control,1,1.0,4,50.666,66.907,6.0,6.0,664.0
56b4b565b2de2a000d3316ba,19,fruits_v2,QF_V2_05,control,0,0.0,4,50.666,66.907,6.0,6.0,664.0
56b4b565b2de2a000d3316ba,19,astronomy,QA01,repeat_short,0,0.6666666666666666,1,57.775,75.504,6.0,7.0,664.0
56b4b565b2de2a000d3316ba,19,astronomy,QA02,repeat_short,0,0.5,1,57.775,75.504,6.0,7.0,664.0
56b4b565b2de2a000d3316ba,19,astronomy,QA03,repeat_short,1,1.0,1,57.775,75.504,6.0,7.0,664.0
56b4b565b2de2a000d3316ba,19,astronomy,QA04,repeat_short,1,1.0,1,57.775,75.504,6.0,7.0,664.0
56b4b565b2de2a000d3316ba,19,astronomy,QA05,repeat_short,0,0.0,1,57.775,75.504,6.0,7.0,664.0
56b4b565b2de2a000d3316ba,19,fabrics,QFB01,repeat_long,0,0.5,2,69.166,45.111,3.0,3.0,664.0
56b4b565b2de2a000d3316ba,19,fabrics,QFB02,repeat_long,1,1.0,2,69.166,45.111,3.0,3.0,664.0
56b4b565b2de2a000d3316ba,19,fabrics,QFB03,repeat_long,1,1.0,2,69.166,45.111,3.0,3.0,664.0
56b4b565b2de2a000d3316ba,19,fabrics,QFB04,repeat_long,1,1.0,2,69.166,45.111,3.0,3.0,664.0
56b4b565b2de2a000d3316ba,19,fabrics,QFB05,repeat_long,1,1.0,2,69.166,45.111,3.0,3.0,664.0
6a109e172a55e8bf10e92f52,20,martial_arts,QMA01,distractor,0,0.0,1,80.603,179.052,10.0,10.0,810.0
6a109e172a55e8bf10e92f52,20,martial_arts,QMA02,distractor,0,0.0,1,80.603,179.052,10.0,10.0,810.0
6a109e172a55e8bf10e92f52,20,martial_arts,QMA03,distractor,0,0.5,1,80.603,179.052,10.0,10.0,810.0
6a109e172a55e8bf10e92f52,20,martial_arts,QMA04,distractor,1,1.0,1,80.603,179.052,10.0,10.0,810.0
6a109e172a55e8bf10e92f52,20,martial_arts,QMA05,distractor,0,0.5,1,80.603,179.052,10.0,10.0,810.0
6a109e172a55e8bf10e92f52,20,fruits_v2,QF_V2_01,control,0,0.0,4,48.263,53.679,10.0,10.0,810.0
6a109e172a55e8bf10e92f52,20,fruits_v2,QF_V2_02,control,0,0.5,4,48.263,53.679,10.0,10.0,810.0
6a109e172a55e8bf10e92f52,20,fruits_v2,QF_V2_03,control,0,0.0,4,48.263,53.679,10.0,10.0,810.0
6a109e172a55e8bf10e92f52,20,fruits_v2,QF_V2_04,control,0,0.0,4,48.263,53.679,10.0,10.0,810.0
6a109e172a55e8bf10e92f52,20,fruits_v2,QF_V2_05,control,0,0.0,4,48.263,53.679,10.0,10.0,810.0
6a109e172a55e8bf10e92f52,20,astronomy,QA01,repeat_long,0,0.3333333333333333,2,86.852,72.349,10.0,10.0,810.0
6a109e172a55e8bf10e92f52,20,astronomy,QA02,repeat_long,0,0.5,2,86.852,72.349,10.0,10.0,810.0
6a109e172a55e8bf10e92f52,20,astronomy,QA03,repeat_long,1,1.0,2,86.852,72.349,10.0,10.0,810.0
6a109e172a55e8bf10e92f52,20,astronomy,QA04,repeat_long,0,0.0,2,86.852,72.349,10.0,10.0,810.0
6a109e172a55e8bf10e92f52,20,astronomy,QA05,repeat_long,0,0.0,2,86.852,72.349,10.0,10.0,810.0
6a109e172a55e8bf10e92f52,20,fabrics,QFB01,repeat_short,1,1.0,3,57.186,49.495,7.0,10.0,810.0
6a109e172a55e8bf10e92f52,20,fabrics,QFB02,repeat_short,0,0.0,3,57.186,49.495,7.0,10.0,810.0
6a109e172a55e8bf10e92f52,20,fabrics,QFB03,repeat_short,1,1.0,3,57.186,49.495,7.0,10.0,810.0
6a109e172a55e8bf10e92f52,20,fabrics,QFB04,repeat_short,0,0.0,3,57.186,49.495,7.0,10.0,810.0
6a109e172a55e8bf10e92f52,20,fabrics,QFB05,repeat_short,0,0.5,3,57.186,49.495,7.0,10.0,810.0
614227ca2722b36a2e6a593b,5,martial_arts,QMA01,control,0,0.5,2,61.618,115.076,9.0,9.0,826.0
614227ca2722b36a2e6a593b,5,martial_arts,QMA02,control,0,0.5,2,61.618,115.076,9.0,9.0,826.0
614227ca2722b36a2e6a593b,5,martial_arts,QMA03,control,0,0.0,2,61.618,115.076,9.0,9.0,826.0
614227ca2722b36a2e6a593b,5,martial_arts,QMA04,control,0,0.0,2,61.618,115.076,9.0,9.0,826.0
614227ca2722b36a2e6a593b,5,martial_arts,QMA05,control,0,0.0,2,61.618,115.076,9.0,9.0,826.0
614227ca2722b36a2e6a593b,5,fruits_v2,QF_V2_01,distractor,0,0.5,4,85.515,77.684,7.0,7.0,826.0
614227ca2722b36a2e6a593b,5,fruits_v2,QF_V2_02,distractor,0,0.5,4,85.515,77.684,7.0,7.0,826.0
614227ca2722b36a2e6a593b,5,fruits_v2,QF_V2_03,distractor,1,1.0,4,85.515,77.684,7.0,7.0,826.0
614227ca2722b36a2e6a593b,5,fruits_v2,QF_V2_04,distractor,1,1.0,4,85.515,77.684,7.0,7.0,826.0
614227ca2722b36a2e6a593b,5,fruits_v2,QF_V2_05,distractor,0,0.0,4,85.515,77.684,7.0,7.0,826.0
614227ca2722b36a2e6a593b,5,astronomy,QA01,repeat_short,1,1.0,1,60.363,134.097,6.0,6.0,826.0
614227ca2722b36a2e6a593b,5,astronomy,QA02,repeat_short,1,1.0,1,60.363,134.097,6.0,6.0,826.0
614227ca2722b36a2e6a593b,5,astronomy,QA03,repeat_short,0,0.5,1,60.363,134.097,6.0,6.0,826.0
614227ca2722b36a2e6a593b,5,astronomy,QA04,repeat_short,0,0.0,1,60.363,134.097,6.0,6.0,826.0
614227ca2722b36a2e6a593b,5,astronomy,QA05,repeat_short,0,0.0,1,60.363,134.097,6.0,6.0,826.0
614227ca2722b36a2e6a593b,5,fabrics,QFB01,repeat_long,1,1.0,3,70.731,82.101,5.0,5.0,826.0
614227ca2722b36a2e6a593b,5,fabrics,QFB02,repeat_long,0,0.5,3,70.731,82.101,5.0,5.0,826.0
614227ca2722b36a2e6a593b,5,fabrics,QFB03,repeat_long,1,1.0,3,70.731,82.101,5.0,5.0,826.0
614227ca2722b36a2e6a593b,5,fabrics,QFB04,repeat_long,1,1.0,3,70.731,82.101,5.0,5.0,826.0
614227ca2722b36a2e6a593b,5,fabrics,QFB05,repeat_long,1,1.0,3,70.731,82.101,5.0,5.0,826.0
6a00c8d6d758a648e073d8e7,3,martial_arts,QMA01,control,1,1.0,4,59.858,67.171,6.0,5.0,787.0
6a00c8d6d758a648e073d8e7,3,martial_arts,QMA02,control,1,1.0,4,59.858,67.171,6.0,5.0,787.0
6a00c8d6d758a648e073d8e7,3,martial_arts,QMA03,control,1,1.0,4,59.858,67.171,6.0,5.0,787.0
6a00c8d6d758a648e073d8e7,3,martial_arts,QMA04,control,1,1.0,4,59.858,67.171,6.0,5.0,787.0
6a00c8d6d758a648e073d8e7,3,martial_arts,QMA05,control,1,1.0,4,59.858,67.171,6.0,5.0,787.0
6a00c8d6d758a648e073d8e7,3,fruits_v2,QF_V2_01,repeat_long,1,1.0,3,85.54,78.059,7.0,6.0,787.0
6a00c8d6d758a648e073d8e7,3,fruits_v2,QF_V2_02,repeat_long,1,1.0,3,85.54,78.059,7.0,6.0,787.0
6a00c8d6d758a648e073d8e7,3,fruits_v2,QF_V2_03,repeat_long,1,1.0,3,85.54,78.059,7.0,6.0,787.0
6a00c8d6d758a648e073d8e7,3,fruits_v2,QF_V2_04,repeat_long,1,1.0,3,85.54,78.059,7.0,6.0,787.0
6a00c8d6d758a648e073d8e7,3,fruits_v2,QF_V2_05,repeat_long,1,1.0,3,85.54,78.059,7.0,6.0,787.0
6a00c8d6d758a648e073d8e7,3,astronomy,QA01,repeat_short,1,1.0,2,56.959,85.738,3.0,6.0,787.0
6a00c8d6d758a648e073d8e7,3,astronomy,QA02,repeat_short,1,1.0,2,56.959,85.738,3.0,6.0,787.0
6a00c8d6d758a648e073d8e7,3,astronomy,QA03,repeat_short,1,1.0,2,56.959,85.738,3.0,6.0,787.0
6a00c8d6d758a648e073d8e7,3,astronomy,QA04,repeat_short,1,1.0,2,56.959,85.738,3.0,6.0,787.0
6a00c8d6d758a648e073d8e7,3,astronomy,QA05,repeat_short,0,0.0,2,56.959,85.738,3.0,6.0,787.0
6a00c8d6d758a648e073d8e7,3,fabrics,QFB01,distractor,1,1.0,1,80.081,90.655,6.0,5.0,787.0
6a00c8d6d758a648e073d8e7,3,fabrics,QFB02,distractor,1,1.0,1,80.081,90.655,6.0,5.0,787.0
6a00c8d6d758a648e073d8e7,3,fabrics,QFB03,distractor,1,1.0,1,80.081,90.655,6.0,5.0,787.0
6a00c8d6d758a648e073d8e7,3,fabrics,QFB04,distractor,0,0.0,1,80.081,90.655,6.0,5.0,787.0
6a00c8d6d758a648e073d8e7,3,fabrics,QFB05,distractor,1,1.0,1,80.081,90.655,6.0,5.0,787.0
5eea9a9ea8d6d71ba912a73e,10,martial_arts,QMA01,repeat_short,1,1.0,1,61.282,76.44,9.0,9.0,795.0
5eea9a9ea8d6d71ba912a73e,10,martial_arts,QMA02,repeat_short,1,1.0,1,61.282,76.44,9.0,9.0,795.0
5eea9a9ea8d6d71ba912a73e,10,martial_arts,QMA03,repeat_short,0,0.0,1,61.282,76.44,9.0,9.0,795.0
5eea9a9ea8d6d71ba912a73e,10,martial_arts,QMA04,repeat_short,1,1.0,1,61.282,76.44,9.0,9.0,795.0
5eea9a9ea8d6d71ba912a73e,10,martial_arts,QMA05,repeat_short,0,0.5,1,61.282,76.44,9.0,9.0,795.0
5eea9a9ea8d6d71ba912a73e,10,fruits_v2,QF_V2_01,repeat_long,0,0.0,2,84.812,81.956,9.0,9.0,795.0
5eea9a9ea8d6d71ba912a73e,10,fruits_v2,QF_V2_02,repeat_long,0,0.5,2,84.812,81.956,9.0,9.0,795.0
5eea9a9ea8d6d71ba912a73e,10,fruits_v2,QF_V2_03,repeat_long,0,0.0,2,84.812,81.956,9.0,9.0,795.0
5eea9a9ea8d6d71ba912a73e,10,fruits_v2,QF_V2_04,repeat_long,1,1.0,2,84.812,81.956,9.0,9.0,795.0
5eea9a9ea8d6d71ba912a73e,10,fruits_v2,QF_V2_05,repeat_long,0,0.0,2,84.812,81.956,9.0,9.0,795.0
5eea9a9ea8d6d71ba912a73e,10,astronomy,QA01,distractor,0,0.3333333333333333,3,97.479,106.14,10.0,10.0,795.0
5eea9a9ea8d6d71ba912a73e,10,astronomy,QA02,distractor,0,0.5,3,97.479,106.14,10.0,10.0,795.0
5eea9a9ea8d6d71ba912a73e,10,astronomy,QA03,distractor,0,0.0,3,97.479,106.14,10.0,10.0,795.0
5eea9a9ea8d6d71ba912a73e,10,astronomy,QA04,distractor,0,0.0,3,97.479,106.14,10.0,10.0,795.0
5eea9a9ea8d6d71ba912a73e,10,astronomy,QA05,distractor,0,0.0,3,97.479,106.14,10.0,10.0,795.0
5eea9a9ea8d6d71ba912a73e,10,fabrics,QFB01,control,1,1.0,4,52.124,121.906,9.0,9.0,795.0
5eea9a9ea8d6d71ba912a73e,10,fabrics,QFB02,control,1,1.0,4,52.124,121.906,9.0,9.0,795.0
5eea9a9ea8d6d71ba912a73e,10,fabrics,QFB03,control,1,1.0,4,52.124,121.906,9.0,9.0,795.0
5eea9a9ea8d6d71ba912a73e,10,fabrics,QFB04,control,0,0.0,4,52.124,121.906,9.0,9.0,795.0
5eea9a9ea8d6d71ba912a73e,10,fabrics,QFB05,control,1,1.0,4,52.124,121.906,9.0,9.0,795.0
647a01eb74eeacc3fb89b87c,1,martial_arts,QMA01,control,0,0.5,4,59.983,64.362,1.0,7.0,743.0
647a01eb74eeacc3fb89b87c,1,martial_arts,QMA02,control,0,0.5,4,59.983,64.362,1.0,7.0,743.0
647a01eb74eeacc3fb89b87c,1,martial_arts,QMA03,control,0,0.0,4,59.983,64.362,1.0,7.0,743.0
647a01eb74eeacc3fb89b87c,1,martial_arts,QMA04,control,0,0.0,4,59.983,64.362,1.0,7.0,743.0
647a01eb74eeacc3fb89b87c,1,martial_arts,QMA05,control,0,0.5,4,59.983,64.362,1.0,7.0,743.0
647a01eb74eeacc3fb89b87c,1,fruits_v2,QF_V2_01,repeat_short,0,0.5,1,62.553,70.365,1.0,8.0,743.0
647a01eb74eeacc3fb89b87c,1,fruits_v2,QF_V2_02,repeat_short,0,0.5,1,62.553,70.365,1.0,8.0,743.0
647a01eb74eeacc3fb89b87c,1,fruits_v2,QF_V2_03,repeat_short,0,0.0,1,62.553,70.365,1.0,8.0,743.0
647a01eb74eeacc3fb89b87c,1,fruits_v2,QF_V2_04,repeat_short,1,1.0,1,62.553,70.365,1.0,8.0,743.0
647a01eb74eeacc3fb89b87c,1,fruits_v2,QF_V2_05,repeat_short,0,0.0,1,62.553,70.365,1.0,8.0,743.0
647a01eb74eeacc3fb89b87c,1,astronomy,QA01,repeat_long,0,0.6666666666666666,2,82.156,80.875,1.0,7.0,743.0
647a01eb74eeacc3fb89b87c,1,astronomy,QA02,repeat_long,1,1.0,2,82.156,80.875,1.0,7.0,743.0
647a01eb74eeacc3fb89b87c,1,astronomy,QA03,repeat_long,0,0.5,2,82.156,80.875,1.0,7.0,743.0
647a01eb74eeacc3fb89b87c,1,astronomy,QA04,repeat_long,0,0.0,2,82.156,80.875,1.0,7.0,743.0
647a01eb74eeacc3fb89b87c,1,astronomy,QA05,repeat_long,0,0.0,2,82.156,80.875,1.0,7.0,743.0
647a01eb74eeacc3fb89b87c,1,fabrics,QFB01,distractor,0,0.0,3,72.289,74.553,8.0,7.0,743.0
647a01eb74eeacc3fb89b87c,1,fabrics,QFB02,distractor,0,0.0,3,72.289,74.553,8.0,7.0,743.0
647a01eb74eeacc3fb89b87c,1,fabrics,QFB03,distractor,1,1.0,3,72.289,74.553,8.0,7.0,743.0
647a01eb74eeacc3fb89b87c,1,fabrics,QFB04,distractor,0,0.0,3,72.289,74.553,8.0,7.0,743.0
647a01eb74eeacc3fb89b87c,1,fabrics,QFB05,distractor,0,0.0,3,72.289,74.553,8.0,7.0,743.0
67aa52dcb66d138fca70a211,16,martial_arts,QMA01,repeat_long,0,0.5,2,91.978,56.901,0.0,5.0,565.0
67aa52dcb66d138fca70a211,16,martial_arts,QMA02,repeat_long,0,0.5,2,91.978,56.901,0.0,5.0,565.0
67aa52dcb66d138fca70a211,16,martial_arts,QMA03,repeat_long,0,0.0,2,91.978,56.901,0.0,5.0,565.0
67aa52dcb66d138fca70a211,16,martial_arts,QMA04,repeat_long,1,1.0,2,91.978,56.901,0.0,5.0,565.0
67aa52dcb66d138fca70a211,16,martial_arts,QMA05,repeat_long,1,1.0,2,91.978,56.901,0.0,5.0,565.0
67aa52dcb66d138fca70a211,16,fruits_v2,QF_V2_01,repeat_short,1,1.0,3,64.232,34.167,1.0,5.0,565.0
67aa52dcb66d138fca70a211,16,fruits_v2,QF_V2_02,repeat_short,0,0.5,3,64.232,34.167,1.0,5.0,565.0
67aa52dcb66d138fca70a211,16,fruits_v2,QF_V2_03,repeat_short,0,0.0,3,64.232,34.167,1.0,5.0,565.0
67aa52dcb66d138fca70a211,16,fruits_v2,QF_V2_04,repeat_short,1,1.0,3,64.232,34.167,1.0,5.0,565.0
67aa52dcb66d138fca70a211,16,fruits_v2,QF_V2_05,repeat_short,1,1.0,3,64.232,34.167,1.0,5.0,565.0
67aa52dcb66d138fca70a211,16,astronomy,QA01,distractor,0,0.3333333333333333,1,95.805,34.908,1.0,5.0,565.0
67aa52dcb66d138fca70a211,16,astronomy,QA02,distractor,0,0.5,1,95.805,34.908,1.0,5.0,565.0
67aa52dcb66d138fca70a211,16,astronomy,QA03,distractor,0,0.5,1,95.805,34.908,1.0,5.0,565.0
67aa52dcb66d138fca70a211,16,astronomy,QA04,distractor,1,1.0,1,95.805,34.908,1.0,5.0,565.0
67aa52dcb66d138fca70a211,16,astronomy,QA05,distractor,0,0.0,1,95.805,34.908,1.0,5.0,565.0
67aa52dcb66d138fca70a211,16,fabrics,QFB01,control,0,0.5,4,52.259,44.793,1.0,5.0,565.0
67aa52dcb66d138fca70a211,16,fabrics,QFB02,control,0,0.5,4,52.259,44.793,1.0,5.0,565.0
67aa52dcb66d138fca70a211,16,fabrics,QFB03,control,1,1.0,4,52.259,44.793,1.0,5.0,565.0
67aa52dcb66d138fca70a211,16,fabrics,QFB04,control,1,1.0,4,52.259,44.793,1.0,5.0,565.0
67aa52dcb66d138fca70a211,16,fabrics,QFB05,control,1,1.0,4,52.259,44.793,1.0,5.0,565.0
662b89c9eb08d365c04c7cc7,4,martial_arts,QMA01,control,0,0.0,2,61.951,72.981,6.0,8.0,819.0
662b89c9eb08d365c04c7cc7,4,martial_arts,QMA02,control,0,0.5,2,61.951,72.981,6.0,8.0,819.0
662b89c9eb08d365c04c7cc7,4,martial_arts,QMA03,control,0,0.5,2,61.951,72.981,6.0,8.0,819.0
662b89c9eb08d365c04c7cc7,4,martial_arts,QMA04,control,1,1.0,2,61.951,72.981,6.0,8.0,819.0
662b89c9eb08d365c04c7cc7,4,martial_arts,QMA05,control,0,0.5,2,61.951,72.981,6.0,8.0,819.0
662b89c9eb08d365c04c7cc7,4,fruits_v2,QF_V2_01,repeat_long,1,1.0,3,85.145,71.218,8.0,7.0,819.0
662b89c9eb08d365c04c7cc7,4,fruits_v2,QF_V2_02,repeat_long,1,1.0,3,85.145,71.218,8.0,7.0,819.0
662b89c9eb08d365c04c7cc7,4,fruits_v2,QF_V2_03,repeat_long,1,1.0,3,85.145,71.218,8.0,7.0,819.0
662b89c9eb08d365c04c7cc7,4,fruits_v2,QF_V2_04,repeat_long,1,1.0,3,85.145,71.218,8.0,7.0,819.0
662b89c9eb08d365c04c7cc7,4,fruits_v2,QF_V2_05,repeat_long,1,1.0,3,85.145,71.218,8.0,7.0,819.0
662b89c9eb08d365c04c7cc7,4,astronomy,QA01,distractor,1,1.0,1,95.484,136.061,6.0,7.0,819.0
662b89c9eb08d365c04c7cc7,4,astronomy,QA02,distractor,0,0.5,1,95.484,136.061,6.0,7.0,819.0
662b89c9eb08d365c04c7cc7,4,astronomy,QA03,distractor,0,0.5,1,95.484,136.061,6.0,7.0,819.0
662b89c9eb08d365c04c7cc7,4,astronomy,QA04,distractor,1,1.0,1,95.484,136.061,6.0,7.0,819.0
662b89c9eb08d365c04c7cc7,4,astronomy,QA05,distractor,0,0.0,1,95.484,136.061,6.0,7.0,819.0
662b89c9eb08d365c04c7cc7,4,fabrics,QFB01,repeat_short,1,1.0,4,54.683,70.085,6.0,8.0,819.0
662b89c9eb08d365c04c7cc7,4,fabrics,QFB02,repeat_short,1,1.0,4,54.683,70.085,6.0,8.0,819.0
662b89c9eb08d365c04c7cc7,4,fabrics,QFB03,repeat_short,0,0.0,4,54.683,70.085,6.0,8.0,819.0
662b89c9eb08d365c04c7cc7,4,fabrics,QFB04,repeat_short,1,1.0,4,54.683,70.085,6.0,8.0,819.0
662b89c9eb08d365c04c7cc7,4,fabrics,QFB05,repeat_short,1,1.0,4,54.683,70.085,6.0,8.0,819.0
6756552aee105de328a381b2,6,martial_arts,QMA01,control,1,1.0,3,60.776,55.078,9.0,8.0,753.0
6756552aee105de328a381b2,6,martial_arts,QMA02,control,1,1.0,3,60.776,55.078,9.0,8.0,753.0
6756552aee105de328a381b2,6,martial_arts,QMA03,control,1,1.0,3,60.776,55.078,9.0,8.0,753.0
6756552aee105de328a381b2,6,martial_arts,QMA04,control,1,1.0,3,60.776,55.078,9.0,8.0,753.0
6756552aee105de328a381b2,6,martial_arts,QMA05,control,1,1.0,3,60.776,55.078,9.0,8.0,753.0
6756552aee105de328a381b2,6,fruits_v2,QF_V2_01,distractor,1,1.0,4,85.019,56.238,10.0,10.0,753.0
6756552aee105de328a381b2,6,fruits_v2,QF_V2_02,distractor,0,0.5,4,85.019,56.238,10.0,10.0,753.0
6756552aee105de328a381b2,6,fruits_v2,QF_V2_03,distractor,1,1.0,4,85.019,56.238,10.0,10.0,753.0
6756552aee105de328a381b2,6,fruits_v2,QF_V2_04,distractor,0,0.0,4,85.019,56.238,10.0,10.0,753.0
6756552aee105de328a381b2,6,fruits_v2,QF_V2_05,distractor,0,0.0,4,85.019,56.238,10.0,10.0,753.0
6756552aee105de328a381b2,6,astronomy,QA01,repeat_long,1,1.0,2,80.292,50.203,7.0,6.0,753.0
6756552aee105de328a381b2,6,astronomy,QA02,repeat_long,0,0.5,2,80.292,50.203,7.0,6.0,753.0
6756552aee105de328a381b2,6,astronomy,QA03,repeat_long,1,1.0,2,80.292,50.203,7.0,6.0,753.0
6756552aee105de328a381b2,6,astronomy,QA04,repeat_long,1,1.0,2,80.292,50.203,7.0,6.0,753.0
6756552aee105de328a381b2,6,astronomy,QA05,repeat_long,0,0.0,2,80.292,50.203,7.0,6.0,753.0
6756552aee105de328a381b2,6,fabrics,QFB01,repeat_short,1,1.0,1,55.927,54.202,5.0,6.0,753.0
6756552aee105de328a381b2,6,fabrics,QFB02,repeat_short,1,1.0,1,55.927,54.202,5.0,6.0,753.0
6756552aee105de328a381b2,6,fabrics,QFB03,repeat_short,1,1.0,1,55.927,54.202,5.0,6.0,753.0
6756552aee105de328a381b2,6,fabrics,QFB04,repeat_short,1,1.0,1,55.927,54.202,5.0,6.0,753.0
6756552aee105de328a381b2,6,fabrics,QFB05,repeat_short,1,1.0,1,55.927,54.202,5.0,6.0,753.0
6a0dfefeb75ae8ac09c192c6,6,martial_arts,QMA01,control,0,0.0,2,62.046,92.656,9.0,9.0,810.0
6a0dfefeb75ae8ac09c192c6,6,martial_arts,QMA02,control,1,1.0,2,62.046,92.656,9.0,9.0,810.0
6a0dfefeb75ae8ac09c192c6,6,martial_arts,QMA03,control,0,0.0,2,62.046,92.656,9.0,9.0,810.0
6a0dfefeb75ae8ac09c192c6,6,martial_arts,QMA04,control,1,1.0,2,62.046,92.656,9.0,9.0,810.0
6a0dfefeb75ae8ac09c192c6,6,martial_arts,QMA05,control,0,0.5,2,62.046,92.656,9.0,9.0,810.0
6a0dfefeb75ae8ac09c192c6,6,fruits_v2,QF_V2_01,distractor,0,0.5,4,86.309,97.721,10.0,10.0,810.0
6a0dfefeb75ae8ac09c192c6,6,fruits_v2,QF_V2_02,distractor,0,0.0,4,86.309,97.721,10.0,10.0,810.0
6a0dfefeb75ae8ac09c192c6,6,fruits_v2,QF_V2_03,distractor,0,0.0,4,86.309,97.721,10.0,10.0,810.0
6a0dfefeb75ae8ac09c192c6,6,fruits_v2,QF_V2_04,distractor,1,1.0,4,86.309,97.721,10.0,10.0,810.0
6a0dfefeb75ae8ac09c192c6,6,fruits_v2,QF_V2_05,distractor,0,0.0,4,86.309,97.721,10.0,10.0,810.0
6a0dfefeb75ae8ac09c192c6,6,astronomy,QA01,repeat_long,1,1.0,3,83.835,96.394,10.0,10.0,810.0
6a0dfefeb75ae8ac09c192c6,6,astronomy,QA02,repeat_long,1,1.0,3,83.835,96.394,10.0,10.0,810.0
6a0dfefeb75ae8ac09c192c6,6,astronomy,QA03,repeat_long,0,0.5,3,83.835,96.394,10.0,10.0,810.0
6a0dfefeb75ae8ac09c192c6,6,astronomy,QA04,repeat_long,1,1.0,3,83.835,96.394,10.0,10.0,810.0
6a0dfefeb75ae8ac09c192c6,6,astronomy,QA05,repeat_long,0,0.0,3,83.835,96.394,10.0,10.0,810.0
6a0dfefeb75ae8ac09c192c6,6,fabrics,QFB01,repeat_short,1,1.0,1,61.486,83.806,1.0,2.0,810.0
6a0dfefeb75ae8ac09c192c6,6,fabrics,QFB02,repeat_short,1,1.0,1,61.486,83.806,1.0,2.0,810.0
6a0dfefeb75ae8ac09c192c6,6,fabrics,QFB03,repeat_short,1,1.0,1,61.486,83.806,1.0,2.0,810.0
6a0dfefeb75ae8ac09c192c6,6,fabrics,QFB04,repeat_short,0,0.0,1,61.486,83.806,1.0,2.0,810.0
6a0dfefeb75ae8ac09c192c6,6,fabrics,QFB05,repeat_short,1,1.0,1,61.486,83.806,1.0,2.0,810.0
5d8116da12392a00174bcf5d,11,martial_arts,QMA01,repeat_short,1,1.0,3,63.178,52.628,2.0,3.0,650.0
5d8116da12392a00174bcf5d,11,martial_arts,QMA02,repeat_short,1,1.0,3,63.178,52.628,2.0,3.0,650.0
5d8116da12392a00174bcf5d,11,martial_arts,QMA03,repeat_short,1,1.0,3,63.178,52.628,2.0,3.0,650.0
5d8116da12392a00174bcf5d,11,martial_arts,QMA04,repeat_short,1,1.0,3,63.178,52.628,2.0,3.0,650.0
5d8116da12392a00174bcf5d,11,martial_arts,QMA05,repeat_short,1,1.0,3,63.178,52.628,2.0,3.0,650.0
5d8116da12392a00174bcf5d,11,fruits_v2,QF_V2_01,distractor,0,0.0,1,84.444,53.079,4.0,9.0,650.0
5d8116da12392a00174bcf5d,11,fruits_v2,QF_V2_02,distractor,1,1.0,1,84.444,53.079,4.0,9.0,650.0
5d8116da12392a00174bcf5d,11,fruits_v2,QF_V2_03,distractor,1,1.0,1,84.444,53.079,4.0,9.0,650.0
5d8116da12392a00174bcf5d,11,fruits_v2,QF_V2_04,distractor,1,1.0,1,84.444,53.079,4.0,9.0,650.0
5d8116da12392a00174bcf5d,11,fruits_v2,QF_V2_05,distractor,0,0.0,1,84.444,53.079,4.0,9.0,650.0
5d8116da12392a00174bcf5d,11,astronomy,QA01,control,0,0.6666666666666666,2,61.977,48.414,5.0,7.0,650.0
5d8116da12392a00174bcf5d,11,astronomy,QA02,control,1,1.0,2,61.977,48.414,5.0,7.0,650.0
5d8116da12392a00174bcf5d,11,astronomy,QA03,control,0,0.0,2,61.977,48.414,5.0,7.0,650.0
5d8116da12392a00174bcf5d,11,astronomy,QA04,control,0,0.0,2,61.977,48.414,5.0,7.0,650.0
5d8116da12392a00174bcf5d,11,astronomy,QA05,control,1,1.0,2,61.977,48.414,5.0,7.0,650.0
5d8116da12392a00174bcf5d,11,fabrics,QFB01,repeat_long,1,1.0,4,70.292,55.435,4.0,4.0,650.0
5d8116da12392a00174bcf5d,11,fabrics,QFB02,repeat_long,0,0.5,4,70.292,55.435,4.0,4.0,650.0
5d8116da12392a00174bcf5d,11,fabrics,QFB03,repeat_long,1,1.0,4,70.292,55.435,4.0,4.0,650.0
5d8116da12392a00174bcf5d,11,fabrics,QFB04,repeat_long,1,1.0,4,70.292,55.435,4.0,4.0,650.0
5d8116da12392a00174bcf5d,11,fabrics,QFB05,repeat_long,0,0.5,4,70.292,55.435,4.0,4.0,650.0
69f39df5fdef5b2e2a84011b,6,martial_arts,QMA01,control,1,1.0,2,61.119,72.15,7.0,8.0,783.0
69f39df5fdef5b2e2a84011b,6,martial_arts,QMA02,control,1,1.0,2,61.119,72.15,7.0,8.0,783.0
69f39df5fdef5b2e2a84011b,6,martial_arts,QMA03,control,0,0.5,2,61.119,72.15,7.0,8.0,783.0
69f39df5fdef5b2e2a84011b,6,martial_arts,QMA04,control,1,1.0,2,61.119,72.15,7.0,8.0,783.0
69f39df5fdef5b2e2a84011b,6,martial_arts,QMA05,control,0,0.5,2,61.119,72.15,7.0,8.0,783.0
69f39df5fdef5b2e2a84011b,6,fruits_v2,QF_V2_01,distractor,1,1.0,1,90.839,108.648,8.0,10.0,783.0
69f39df5fdef5b2e2a84011b,6,fruits_v2,QF_V2_02,distractor,1,1.0,1,90.839,108.648,8.0,10.0,783.0
69f39df5fdef5b2e2a84011b,6,fruits_v2,QF_V2_03,distractor,0,0.0,1,90.839,108.648,8.0,10.0,783.0
69f39df5fdef5b2e2a84011b,6,fruits_v2,QF_V2_04,distractor,0,0.0,1,90.839,108.648,8.0,10.0,783.0
69f39df5fdef5b2e2a84011b,6,fruits_v2,QF_V2_05,distractor,1,1.0,1,90.839,108.648,8.0,10.0,783.0
69f39df5fdef5b2e2a84011b,6,astronomy,QA01,repeat_long,0,0.6666666666666666,4,80.493,79.556,6.0,6.0,783.0
69f39df5fdef5b2e2a84011b,6,astronomy,QA02,repeat_long,1,1.0,4,80.493,79.556,6.0,6.0,783.0
69f39df5fdef5b2e2a84011b,6,astronomy,QA03,repeat_long,0,0.0,4,80.493,79.556,6.0,6.0,783.0
69f39df5fdef5b2e2a84011b,6,astronomy,QA04,repeat_long,0,0.0,4,80.493,79.556,6.0,6.0,783.0
69f39df5fdef5b2e2a84011b,6,astronomy,QA05,repeat_long,0,0.0,4,80.493,79.556,6.0,6.0,783.0
69f39df5fdef5b2e2a84011b,6,fabrics,QFB01,repeat_short,0,0.5,3,53.735,70.979,7.0,7.0,783.0
69f39df5fdef5b2e2a84011b,6,fabrics,QFB02,repeat_short,1,1.0,3,53.735,70.979,7.0,7.0,783.0
69f39df5fdef5b2e2a84011b,6,fabrics,QFB03,repeat_short,1,1.0,3,53.735,70.979,7.0,7.0,783.0
69f39df5fdef5b2e2a84011b,6,fabrics,QFB04,repeat_short,1,1.0,3,53.735,70.979,7.0,7.0,783.0
69f39df5fdef5b2e2a84011b,6,fabrics,QFB05,repeat_short,1,1.0,3,53.735,70.979,7.0,7.0,783.0
608437f0b139060610c9f0c1,8,martial_arts,QMA01,repeat_short,0,0.5,2,64.815,107.876,7.0,8.0,861.0
608437f0b139060610c9f0c1,8,martial_arts,QMA02,repeat_short,0,0.5,2,64.815,107.876,7.0,8.0,861.0
608437f0b139060610c9f0c1,8,martial_arts,QMA03,repeat_short,0,0.0,2,64.815,107.876,7.0,8.0,861.0
608437f0b139060610c9f0c1,8,martial_arts,QMA04,repeat_short,0,0.0,2,64.815,107.876,7.0,8.0,861.0
608437f0b139060610c9f0c1,8,martial_arts,QMA05,repeat_short,0,0.0,2,64.815,107.876,7.0,8.0,861.0
608437f0b139060610c9f0c1,8,astronomy,QA01,distractor,0,0.6666666666666666,3,97.429,87.121,10.0,9.0,861.0
608437f0b139060610c9f0c1,8,astronomy,QA02,distractor,0,0.5,3,97.429,87.121,10.0,9.0,861.0
608437f0b139060610c9f0c1,8,astronomy,QA03,distractor,0,0.5,3,97.429,87.121,10.0,9.0,861.0
608437f0b139060610c9f0c1,8,astronomy,QA04,distractor,0,0.0,3,97.429,87.121,10.0,9.0,861.0
608437f0b139060610c9f0c1,8,astronomy,QA05,distractor,0,0.0,3,97.429,87.121,10.0,9.0,861.0
69febfa2c199c2d69a44e703,23,martial_arts,QMA01,distractor,0,0.5,3,82.757,75.258,2.0,9.0,729.0
69febfa2c199c2d69a44e703,23,martial_arts,QMA02,distractor,0,0.5,3,82.757,75.258,2.0,9.0,729.0
69febfa2c199c2d69a44e703,23,martial_arts,QMA03,distractor,0,0.0,3,82.757,75.258,2.0,9.0,729.0
69febfa2c199c2d69a44e703,23,martial_arts,QMA04,distractor,1,1.0,3,82.757,75.258,2.0,9.0,729.0
69febfa2c199c2d69a44e703,23,martial_arts,QMA05,distractor,0,0.0,3,82.757,75.258,2.0,9.0,729.0
69febfa2c199c2d69a44e703,23,fruits_v2,QF_V2_01,repeat_long,0,0.5,4,85.401,74.317,2.0,10.0,729.0
69febfa2c199c2d69a44e703,23,fruits_v2,QF_V2_02,repeat_long,0,0.5,4,85.401,74.317,2.0,10.0,729.0
69febfa2c199c2d69a44e703,23,fruits_v2,QF_V2_03,repeat_long,1,1.0,4,85.401,74.317,2.0,10.0,729.0
69febfa2c199c2d69a44e703,23,fruits_v2,QF_V2_04,repeat_long,1,1.0,4,85.401,74.317,2.0,10.0,729.0
69febfa2c199c2d69a44e703,23,fruits_v2,QF_V2_05,repeat_long,1,1.0,4,85.401,74.317,2.0,10.0,729.0
69febfa2c199c2d69a44e703,23,astronomy,QA01,control,0,0.3333333333333333,2,52.651,60.624,0.0,8.0,729.0
69febfa2c199c2d69a44e703,23,astronomy,QA02,control,1,1.0,2,52.651,60.624,0.0,8.0,729.0
69febfa2c199c2d69a44e703,23,astronomy,QA03,control,1,1.0,2,52.651,60.624,0.0,8.0,729.0
69febfa2c199c2d69a44e703,23,astronomy,QA04,control,1,1.0,2,52.651,60.624,0.0,8.0,729.0
69febfa2c199c2d69a44e703,23,astronomy,QA05,control,0,0.0,2,52.651,60.624,0.0,8.0,729.0
69febfa2c199c2d69a44e703,23,fabrics,QFB01,repeat_short,0,0.5,1,58.733,80.628,0.0,7.0,729.0
69febfa2c199c2d69a44e703,23,fabrics,QFB02,repeat_short,0,0.5,1,58.733,80.628,0.0,7.0,729.0
69febfa2c199c2d69a44e703,23,fabrics,QFB03,repeat_short,0,0.0,1,58.733,80.628,0.0,7.0,729.0
69febfa2c199c2d69a44e703,23,fabrics,QFB04,repeat_short,1,1.0,1,58.733,80.628,0.0,7.0,729.0
69febfa2c199c2d69a44e703,23,fabrics,QFB05,repeat_short,1,1.0,1,58.733,80.628,0.0,7.0,729.0
6a191d2e0920e1947486d80f,21,martial_arts,QMA01,distractor,0,0.0,4,110.217,104.884,8.0,8.0,843.0
6a191d2e0920e1947486d80f,21,martial_arts,QMA02,distractor,1,1.0,4,110.217,104.884,8.0,8.0,843.0
6a191d2e0920e1947486d80f,21,martial_arts,QMA03,distractor,0,0.0,4,110.217,104.884,8.0,8.0,843.0
6a191d2e0920e1947486d80f,21,martial_arts,QMA04,distractor,0,0.0,4,110.217,104.884,8.0,8.0,843.0
6a191d2e0920e1947486d80f,21,martial_arts,QMA05,distractor,0,0.5,4,110.217,104.884,8.0,8.0,843.0
6a191d2e0920e1947486d80f,21,fruits_v2,QF_V2_01,repeat_short,0,0.5,2,62.424,106.203,5.0,5.0,843.0
6a191d2e0920e1947486d80f,21,fruits_v2,QF_V2_02,repeat_short,1,1.0,2,62.424,106.203,5.0,5.0,843.0
6a191d2e0920e1947486d80f,21,fruits_v2,QF_V2_03,repeat_short,1,1.0,2,62.424,106.203,5.0,5.0,843.0
6a191d2e0920e1947486d80f,21,fruits_v2,QF_V2_04,repeat_short,1,1.0,2,62.424,106.203,5.0,5.0,843.0
6a191d2e0920e1947486d80f,21,fruits_v2,QF_V2_05,repeat_short,1,1.0,2,62.424,106.203,5.0,5.0,843.0
6a191d2e0920e1947486d80f,21,astronomy,QA01,control,0,0.6666666666666666,3,55.323,94.61,7.0,6.0,843.0
6a191d2e0920e1947486d80f,21,astronomy,QA02,control,1,1.0,3,55.323,94.61,7.0,6.0,843.0
6a191d2e0920e1947486d80f,21,astronomy,QA03,control,0,0.5,3,55.323,94.61,7.0,6.0,843.0
6a191d2e0920e1947486d80f,21,astronomy,QA04,control,1,1.0,3,55.323,94.61,7.0,6.0,843.0
6a191d2e0920e1947486d80f,21,astronomy,QA05,control,0,0.0,3,55.323,94.61,7.0,6.0,843.0
6a191d2e0920e1947486d80f,21,fabrics,QFB01,repeat_long,1,1.0,1,78.867,62.196,3.0,3.0,843.0
6a191d2e0920e1947486d80f,21,fabrics,QFB02,repeat_long,0,0.5,1,78.867,62.196,3.0,3.0,843.0
6a191d2e0920e1947486d80f,21,fabrics,QFB03,repeat_long,1,1.0,1,78.867,62.196,3.0,3.0,843.0
6a191d2e0920e1947486d80f,21,fabrics,QFB04,repeat_long,1,1.0,1,78.867,62.196,3.0,3.0,843.0
6a191d2e0920e1947486d80f,21,fabrics,QFB05,repeat_long,1,1.0,1,78.867,62.196,3.0,3.0,843.0
65e975039c7865e835a2936c,9,martial_arts,QMA01,repeat_short,1,1.0,1,62.036,72.111,4.0,3.0,696.0
65e975039c7865e835a2936c,9,martial_arts,QMA02,repeat_short,1,1.0,1,62.036,72.111,4.0,3.0,696.0
65e975039c7865e835a2936c,9,martial_arts,QMA03,repeat_short,1,1.0,1,62.036,72.111,4.0,3.0,696.0
65e975039c7865e835a2936c,9,martial_arts,QMA04,repeat_short,1,1.0,1,62.036,72.111,4.0,3.0,696.0
65e975039c7865e835a2936c,9,martial_arts,QMA05,repeat_short,1,1.0,1,62.036,72.111,4.0,3.0,696.0
65e975039c7865e835a2936c,9,fruits_v2,QF_V2_01,repeat_long,1,1.0,3,84.949,74.761,4.0,3.0,696.0
65e975039c7865e835a2936c,9,fruits_v2,QF_V2_02,repeat_long,1,1.0,3,84.949,74.761,4.0,3.0,696.0
65e975039c7865e835a2936c,9,fruits_v2,QF_V2_03,repeat_long,0,0.0,3,84.949,74.761,4.0,3.0,696.0
65e975039c7865e835a2936c,9,fruits_v2,QF_V2_04,repeat_long,1,1.0,3,84.949,74.761,4.0,3.0,696.0
65e975039c7865e835a2936c,9,fruits_v2,QF_V2_05,repeat_long,1,1.0,3,84.949,74.761,4.0,3.0,696.0
65e975039c7865e835a2936c,9,astronomy,QA01,control,0,0.6666666666666666,4,51.56,100.51,10.0,6.0,696.0
65e975039c7865e835a2936c,9,astronomy,QA02,control,1,1.0,4,51.56,100.51,10.0,6.0,696.0
65e975039c7865e835a2936c,9,astronomy,QA03,control,0,0.5,4,51.56,100.51,10.0,6.0,696.0
65e975039c7865e835a2936c,9,astronomy,QA04,control,0,0.0,4,51.56,100.51,10.0,6.0,696.0
65e975039c7865e835a2936c,9,astronomy,QA05,control,0,0.0,4,51.56,100.51,10.0,6.0,696.0
65e975039c7865e835a2936c,9,fabrics,QFB01,distractor,0,0.0,2,74.851,48.772,7.0,3.0,696.0
65e975039c7865e835a2936c,9,fabrics,QFB02,distractor,1,1.0,2,74.851,48.772,7.0,3.0,696.0
65e975039c7865e835a2936c,9,fabrics,QFB03,distractor,1,1.0,2,74.851,48.772,7.0,3.0,696.0
65e975039c7865e835a2936c,9,fabrics,QFB04,distractor,0,0.0,2,74.851,48.772,7.0,3.0,696.0
65e975039c7865e835a2936c,9,fabrics,QFB05,distractor,0,0.5,2,74.851,48.772,7.0,3.0,696.0
69cecbf384f6382e38938fd3,16,martial_arts,QMA01,repeat_long,1,1.0,3,91.84,62.339,3.0,5.0,766.0
69cecbf384f6382e38938fd3,16,martial_arts,QMA02,repeat_long,1,1.0,3,91.84,62.339,3.0,5.0,766.0
69cecbf384f6382e38938fd3,16,martial_arts,QMA03,repeat_long,1,1.0,3,91.84,62.339,3.0,5.0,766.0
69cecbf384f6382e38938fd3,16,martial_arts,QMA04,repeat_long,1,1.0,3,91.84,62.339,3.0,5.0,766.0
69cecbf384f6382e38938fd3,16,martial_arts,QMA05,repeat_long,1,1.0,3,91.84,62.339,3.0,5.0,766.0
69cecbf384f6382e38938fd3,16,fruits_v2,QF_V2_01,repeat_short,1,1.0,2,60.186,74.572,2.0,4.0,766.0
69cecbf384f6382e38938fd3,16,fruits_v2,QF_V2_02,repeat_short,1,1.0,2,60.186,74.572,2.0,4.0,766.0
69cecbf384f6382e38938fd3,16,fruits_v2,QF_V2_03,repeat_short,1,1.0,2,60.186,74.572,2.0,4.0,766.0
69cecbf384f6382e38938fd3,16,fruits_v2,QF_V2_04,repeat_short,1,1.0,2,60.186,74.572,2.0,4.0,766.0
69cecbf384f6382e38938fd3,16,fruits_v2,QF_V2_05,repeat_short,1,1.0,2,60.186,74.572,2.0,4.0,766.0
69cecbf384f6382e38938fd3,16,astronomy,QA01,distractor,0,0.3333333333333333,1,95.308,95.641,5.0,6.0,766.0
69cecbf384f6382e38938fd3,16,astronomy,QA02,distractor,1,1.0,1,95.308,95.641,5.0,6.0,766.0
69cecbf384f6382e38938fd3,16,astronomy,QA03,distractor,1,1.0,1,95.308,95.641,5.0,6.0,766.0
69cecbf384f6382e38938fd3,16,astronomy,QA04,distractor,1,1.0,1,95.308,95.641,5.0,6.0,766.0
69cecbf384f6382e38938fd3,16,astronomy,QA05,distractor,0,0.0,1,95.308,95.641,5.0,6.0,766.0
69cecbf384f6382e38938fd3,16,fabrics,QFB01,control,0,0.5,4,47.809,53.249,2.0,3.0,766.0
69cecbf384f6382e38938fd3,16,fabrics,QFB02,control,1,1.0,4,47.809,53.249,2.0,3.0,766.0
69cecbf384f6382e38938fd3,16,fabrics,QFB03,control,1,1.0,4,47.809,53.249,2.0,3.0,766.0
69cecbf384f6382e38938fd3,16,fabrics,QFB04,control,1,1.0,4,47.809,53.249,2.0,3.0,766.0
69cecbf384f6382e38938fd3,16,fabrics,QFB05,control,1,1.0,4,47.809,53.249,2.0,3.0,766.0
691f7251736800a19a923c4d,7,martial_arts,QMA01,repeat_short,1,1.0,4,62.684,67.597,4.0,2.0,749.0
691f7251736800a19a923c4d,7,martial_arts,QMA02,repeat_short,1,1.0,4,62.684,67.597,4.0,2.0,749.0
691f7251736800a19a923c4d,7,martial_arts,QMA03,repeat_short,1,1.0,4,62.684,67.597,4.0,2.0,749.0
691f7251736800a19a923c4d,7,martial_arts,QMA04,repeat_short,1,1.0,4,62.684,67.597,4.0,2.0,749.0
691f7251736800a19a923c4d,7,martial_arts,QMA05,repeat_short,1,1.0,4,62.684,67.597,4.0,2.0,749.0
691f7251736800a19a923c4d,7,fruits_v2,QF_V2_01,control,0,0.5,1,54.14,71.931,5.0,9.0,749.0
691f7251736800a19a923c4d,7,fruits_v2,QF_V2_02,control,0,0.0,1,54.14,71.931,5.0,9.0,749.0
691f7251736800a19a923c4d,7,fruits_v2,QF_V2_03,control,0,0.0,1,54.14,71.931,5.0,9.0,749.0
691f7251736800a19a923c4d,7,fruits_v2,QF_V2_04,control,1,1.0,1,54.14,71.931,5.0,9.0,749.0
691f7251736800a19a923c4d,7,fruits_v2,QF_V2_05,control,1,1.0,1,54.14,71.931,5.0,9.0,749.0
691f7251736800a19a923c4d,7,astronomy,QA01,repeat_long,1,1.0,3,84.076,84.33,2.0,3.0,749.0
691f7251736800a19a923c4d,7,astronomy,QA02,repeat_long,1,1.0,3,84.076,84.33,2.0,3.0,749.0
691f7251736800a19a923c4d,7,astronomy,QA03,repeat_long,1,1.0,3,84.076,84.33,2.0,3.0,749.0
691f7251736800a19a923c4d,7,astronomy,QA04,repeat_long,1,1.0,3,84.076,84.33,2.0,3.0,749.0
691f7251736800a19a923c4d,7,astronomy,QA05,repeat_long,1,1.0,3,84.076,84.33,2.0,3.0,749.0
691f7251736800a19a923c4d,7,fabrics,QFB01,distractor,1,1.0,2,72.401,91.721,5.0,6.0,749.0
691f7251736800a19a923c4d,7,fabrics,QFB02,distractor,1,1.0,2,72.401,91.721,5.0,6.0,749.0
691f7251736800a19a923c4d,7,fabrics,QFB03,distractor,0,0.0,2,72.401,91.721,5.0,6.0,749.0
691f7251736800a19a923c4d,7,fabrics,QFB04,distractor,1,1.0,2,72.401,91.721,5.0,6.0,749.0
691f7251736800a19a923c4d,7,fabrics,QFB05,distractor,1,1.0,2,72.401,91.721,5.0,6.0,749.0
5bef64b373e44f0001092811,13,martial_arts,QMA01,repeat_long,0,0.5,2,176.068,61.753,8.0,5.0,911.0
5bef64b373e44f0001092811,13,martial_arts,QMA02,repeat_long,0,0.5,2,176.068,61.753,8.0,5.0,911.0
5bef64b373e44f0001092811,13,martial_arts,QMA03,repeat_long,1,1.0,2,176.068,61.753,8.0,5.0,911.0
5bef64b373e44f0001092811,13,martial_arts,QMA04,repeat_long,0,0.0,2,176.068,61.753,8.0,5.0,911.0
5bef64b373e44f0001092811,13,martial_arts,QMA05,repeat_long,0,0.0,2,176.068,61.753,8.0,5.0,911.0
5bef64b373e44f0001092811,13,fruits_v2,QF_V2_01,control,0,0.0,1,51.622,71.266,2.0,5.0,911.0
5bef64b373e44f0001092811,13,fruits_v2,QF_V2_02,control,1,1.0,1,51.622,71.266,2.0,5.0,911.0
5bef64b373e44f0001092811,13,fruits_v2,QF_V2_03,control,1,1.0,1,51.622,71.266,2.0,5.0,911.0
5bef64b373e44f0001092811,13,fruits_v2,QF_V2_04,control,0,0.0,1,51.622,71.266,2.0,5.0,911.0
5bef64b373e44f0001092811,13,fruits_v2,QF_V2_05,control,0,0.0,1,51.622,71.266,2.0,5.0,911.0
5bef64b373e44f0001092811,13,astronomy,QA01,repeat_short,0,0.3333333333333333,4,59.525,32.778,7.0,5.0,911.0
5bef64b373e44f0001092811,13,astronomy,QA02,repeat_short,0,0.5,4,59.525,32.778,7.0,5.0,911.0
5bef64b373e44f0001092811,13,astronomy,QA03,repeat_short,1,1.0,4,59.525,32.778,7.0,5.0,911.0
5bef64b373e44f0001092811,13,astronomy,QA04,repeat_short,1,1.0,4,59.525,32.778,7.0,5.0,911.0
5bef64b373e44f0001092811,13,astronomy,QA05,repeat_short,0,0.0,4,59.525,32.778,7.0,5.0,911.0
5bef64b373e44f0001092811,13,fabrics,QFB01,distractor,0,0.5,3,78.096,57.507,8.0,3.0,911.0
5bef64b373e44f0001092811,13,fabrics,QFB02,distractor,0,0.5,3,78.096,57.507,8.0,3.0,911.0
5bef64b373e44f0001092811,13,fabrics,QFB03,distractor,1,1.0,3,78.096,57.507,8.0,3.0,911.0
5bef64b373e44f0001092811,13,fabrics,QFB04,distractor,0,0.0,3,78.096,57.507,8.0,3.0,911.0
5bef64b373e44f0001092811,13,fabrics,QFB05,distractor,0,0.5,3,78.096,57.507,8.0,3.0,911.0
6942e666a1c586377a926f4d,14,martial_arts,QMA01,repeat_long,1,1.0,1,94.171,68.384,8.0,7.0,780.0
6942e666a1c586377a926f4d,14,martial_arts,QMA02,repeat_long,1,1.0,1,94.171,68.384,8.0,7.0,780.0
6942e666a1c586377a926f4d,14,martial_arts,QMA03,repeat_long,0,0.0,1,94.171,68.384,8.0,7.0,780.0
6942e666a1c586377a926f4d,14,martial_arts,QMA04,repeat_long,1,1.0,1,94.171,68.384,8.0,7.0,780.0
6942e666a1c586377a926f4d,14,martial_arts,QMA05,repeat_long,0,0.5,1,94.171,68.384,8.0,7.0,780.0
6942e666a1c586377a926f4d,14,fruits_v2,QF_V2_01,control,1,1.0,2,49.303,68.013,6.0,7.0,780.0
6942e666a1c586377a926f4d,14,fruits_v2,QF_V2_02,control,1,1.0,2,49.303,68.013,6.0,7.0,780.0
6942e666a1c586377a926f4d,14,fruits_v2,QF_V2_03,control,1,1.0,2,49.303,68.013,6.0,7.0,780.0
6942e666a1c586377a926f4d,14,fruits_v2,QF_V2_04,control,1,1.0,2,49.303,68.013,6.0,7.0,780.0
6942e666a1c586377a926f4d,14,fruits_v2,QF_V2_05,control,1,1.0,2,49.303,68.013,6.0,7.0,780.0
6942e666a1c586377a926f4d,14,astronomy,QA01,distractor,0,0.6666666666666666,4,96.223,45.233,10.0,8.0,780.0
6942e666a1c586377a926f4d,14,astronomy,QA02,distractor,1,1.0,4,96.223,45.233,10.0,8.0,780.0
6942e666a1c586377a926f4d,14,astronomy,QA03,distractor,0,0.5,4,96.223,45.233,10.0,8.0,780.0
6942e666a1c586377a926f4d,14,astronomy,QA04,distractor,0,0.0,4,96.223,45.233,10.0,8.0,780.0
6942e666a1c586377a926f4d,14,astronomy,QA05,distractor,0,0.0,4,96.223,45.233,10.0,8.0,780.0
6942e666a1c586377a926f4d,14,fabrics,QFB01,repeat_short,1,1.0,3,57.276,63.503,7.0,7.0,780.0
6942e666a1c586377a926f4d,14,fabrics,QFB02,repeat_short,1,1.0,3,57.276,63.503,7.0,7.0,780.0
6942e666a1c586377a926f4d,14,fabrics,QFB03,repeat_short,1,1.0,3,57.276,63.503,7.0,7.0,780.0
6942e666a1c586377a926f4d,14,fabrics,QFB04,repeat_short,1,1.0,3,57.276,63.503,7.0,7.0,780.0
6942e666a1c586377a926f4d,14,fabrics,QFB05,repeat_short,1,1.0,3,57.276,63.503,7.0,7.0,780.0
662fecef2a008847dc4f0d9b,22,martial_arts,QMA01,distractor,1,1.0,2,78.448,45.397,8.0,7.0,856.0
662fecef2a008847dc4f0d9b,22,martial_arts,QMA02,distractor,0,0.5,2,78.448,45.397,8.0,7.0,856.0
662fecef2a008847dc4f0d9b,22,martial_arts,QMA03,distractor,1,1.0,2,78.448,45.397,8.0,7.0,856.0
662fecef2a008847dc4f0d9b,22,martial_arts,QMA04,distractor,0,0.0,2,78.448,45.397,8.0,7.0,856.0
662fecef2a008847dc4f0d9b,22,martial_arts,QMA05,distractor,0,0.5,2,78.448,45.397,8.0,7.0,856.0
662fecef2a008847dc4f0d9b,22,fruits_v2,QF_V2_01,repeat_short,1,1.0,1,70.863,63.763,7.0,7.0,856.0
662fecef2a008847dc4f0d9b,22,fruits_v2,QF_V2_02,repeat_short,0,0.5,1,70.863,63.763,7.0,7.0,856.0
662fecef2a008847dc4f0d9b,22,fruits_v2,QF_V2_03,repeat_short,1,1.0,1,70.863,63.763,7.0,7.0,856.0
662fecef2a008847dc4f0d9b,22,fruits_v2,QF_V2_04,repeat_short,1,1.0,1,70.863,63.763,7.0,7.0,856.0
662fecef2a008847dc4f0d9b,22,fruits_v2,QF_V2_05,repeat_short,1,1.0,1,70.863,63.763,7.0,7.0,856.0
662fecef2a008847dc4f0d9b,22,astronomy,QA01,repeat_long,0,0.6666666666666666,3,214.898,69.024,8.0,8.0,856.0
662fecef2a008847dc4f0d9b,22,astronomy,QA02,repeat_long,0,0.5,3,214.898,69.024,8.0,8.0,856.0
662fecef2a008847dc4f0d9b,22,astronomy,QA03,repeat_long,0,0.5,3,214.898,69.024,8.0,8.0,856.0
662fecef2a008847dc4f0d9b,22,astronomy,QA04,repeat_long,0,0.0,3,214.898,69.024,8.0,8.0,856.0
662fecef2a008847dc4f0d9b,22,astronomy,QA05,repeat_long,0,0.0,3,214.898,69.024,8.0,8.0,856.0
662fecef2a008847dc4f0d9b,22,fabrics,QFB01,control,0,0.0,4,170.434,55.261,8.0,7.0,856.0
662fecef2a008847dc4f0d9b,22,fabrics,QFB02,control,0,0.5,4,170.434,55.261,8.0,7.0,856.0
662fecef2a008847dc4f0d9b,22,fabrics,QFB03,control,1,1.0,4,170.434,55.261,8.0,7.0,856.0
662fecef2a008847dc4f0d9b,22,fabrics,QFB04,control,1,1.0,4,170.434,55.261,8.0,7.0,856.0
662fecef2a008847dc4f0d9b,22,fabrics,QFB05,control,0,0.5,4,170.434,55.261,8.0,7.0,856.0
5e3adfc595ff562fbdd130fa,22,martial_arts,QMA01,distractor,1,1.0,3,84.703,68.253,7.0,6.0,785.0
5e3adfc595ff562fbdd130fa,22,martial_arts,QMA02,distractor,1,1.0,3,84.703,68.253,7.0,6.0,785.0
5e3adfc595ff562fbdd130fa,22,martial_arts,QMA03,distractor,1,1.0,3,84.703,68.253,7.0,6.0,785.0
5e3adfc595ff562fbdd130fa,22,martial_arts,QMA04,distractor,1,1.0,3,84.703,68.253,7.0,6.0,785.0
5e3adfc595ff562fbdd130fa,22,martial_arts,QMA05,distractor,1,1.0,3,84.703,68.253,7.0,6.0,785.0
5e3adfc595ff562fbdd130fa,22,fruits_v2,QF_V2_01,repeat_short,1,1.0,1,64.334,56.016,3.0,4.0,785.0
5e3adfc595ff562fbdd130fa,22,fruits_v2,QF_V2_02,repeat_short,1,1.0,1,64.334,56.016,3.0,4.0,785.0
5e3adfc595ff562fbdd130fa,22,fruits_v2,QF_V2_03,repeat_short,1,1.0,1,64.334,56.016,3.0,4.0,785.0
5e3adfc595ff562fbdd130fa,22,fruits_v2,QF_V2_04,repeat_short,1,1.0,1,64.334,56.016,3.0,4.0,785.0
5e3adfc595ff562fbdd130fa,22,fruits_v2,QF_V2_05,repeat_short,1,1.0,1,64.334,56.016,3.0,4.0,785.0
5e3adfc595ff562fbdd130fa,22,astronomy,QA01,repeat_long,1,1.0,4,80.438,50.835,5.0,5.0,785.0
5e3adfc595ff562fbdd130fa,22,astronomy,QA02,repeat_long,1,1.0,4,80.438,50.835,5.0,5.0,785.0
5e3adfc595ff562fbdd130fa,22,astronomy,QA03,repeat_long,0,0.5,4,80.438,50.835,5.0,5.0,785.0
5e3adfc595ff562fbdd130fa,22,astronomy,QA04,repeat_long,1,1.0,4,80.438,50.835,5.0,5.0,785.0
5e3adfc595ff562fbdd130fa,22,astronomy,QA05,repeat_long,0,0.0,4,80.438,50.835,5.0,5.0,785.0
5e3adfc595ff562fbdd130fa,22,fabrics,QFB01,control,1,1.0,2,50.281,50.643,3.0,3.0,785.0
5e3adfc595ff562fbdd130fa,22,fabrics,QFB02,control,0,0.5,2,50.281,50.643,3.0,3.0,785.0
5e3adfc595ff562fbdd130fa,22,fabrics,QFB03,control,1,1.0,2,50.281,50.643,3.0,3.0,785.0
5e3adfc595ff562fbdd130fa,22,fabrics,QFB04,control,0,0.0,2,50.281,50.643,3.0,3.0,785.0
5e3adfc595ff562fbdd130fa,22,fabrics,QFB05,control,1,1.0,2,50.281,50.643,3.0,3.0,785.0
6a0e579710108dbe9059ee97,21,martial_arts,QMA01,distractor,0,0.5,3,80.051,75.514,7.0,7.0,794.0
6a0e579710108dbe9059ee97,21,martial_arts,QMA02,distractor,0,0.5,3,80.051,75.514,7.0,7.0,794.0
6a0e579710108dbe9059ee97,21,martial_arts,QMA03,distractor,0,0.0,3,80.051,75.514,7.0,7.0,794.0
6a0e579710108dbe9059ee97,21,martial_arts,QMA04,distractor,0,0.0,3,80.051,75.514,7.0,7.0,794.0
6a0e579710108dbe9059ee97,21,martial_arts,QMA05,distractor,0,0.5,3,80.051,75.514,7.0,7.0,794.0
6a0e579710108dbe9059ee97,21,fruits_v2,QF_V2_01,repeat_short,0,0.5,2,64.232,85.659,3.0,4.0,794.0
6a0e579710108dbe9059ee97,21,fruits_v2,QF_V2_02,repeat_short,1,1.0,2,64.232,85.659,3.0,4.0,794.0
6a0e579710108dbe9059ee97,21,fruits_v2,QF_V2_03,repeat_short,1,1.0,2,64.232,85.659,3.0,4.0,794.0
6a0e579710108dbe9059ee97,21,fruits_v2,QF_V2_04,repeat_short,0,0.0,2,64.232,85.659,3.0,4.0,794.0
6a0e579710108dbe9059ee97,21,fruits_v2,QF_V2_05,repeat_short,0,0.0,2,64.232,85.659,3.0,4.0,794.0
6a0e579710108dbe9059ee97,21,astronomy,QA01,control,0,0.6666666666666666,4,55.724,72.419,3.0,7.0,794.0
6a0e579710108dbe9059ee97,21,astronomy,QA02,control,0,0.5,4,55.724,72.419,3.0,7.0,794.0
6a0e579710108dbe9059ee97,21,astronomy,QA03,control,0,0.5,4,55.724,72.419,3.0,7.0,794.0
6a0e579710108dbe9059ee97,21,astronomy,QA04,control,1,1.0,4,55.724,72.419,3.0,7.0,794.0
6a0e579710108dbe9059ee97,21,astronomy,QA05,control,0,0.0,4,55.724,72.419,3.0,7.0,794.0
6a0e579710108dbe9059ee97,21,fabrics,QFB01,repeat_long,0,0.5,1,73.717,55.835,1.0,2.0,794.0
6a0e579710108dbe9059ee97,21,fabrics,QFB02,repeat_long,1,1.0,1,73.717,55.835,1.0,2.0,794.0
6a0e579710108dbe9059ee97,21,fabrics,QFB03,repeat_long,1,1.0,1,73.717,55.835,1.0,2.0,794.0
6a0e579710108dbe9059ee97,21,fabrics,QFB04,repeat_long,0,0.0,1,73.717,55.835,1.0,2.0,794.0
6a0e579710108dbe9059ee97,21,fabrics,QFB05,repeat_long,0,0.5,1,73.717,55.835,1.0,2.0,794.0
5654171504212700054a12ad,13,martial_arts,QMA01,repeat_long,1,1.0,3,89.371,63.882,6.0,6.0,680.0
5654171504212700054a12ad,13,martial_arts,QMA02,repeat_long,1,1.0,3,89.371,63.882,6.0,6.0,680.0
5654171504212700054a12ad,13,martial_arts,QMA03,repeat_long,0,0.0,3,89.371,63.882,6.0,6.0,680.0
5654171504212700054a12ad,13,martial_arts,QMA04,repeat_long,1,1.0,3,89.371,63.882,6.0,6.0,680.0
5654171504212700054a12ad,13,martial_arts,QMA05,repeat_long,0,0.5,3,89.371,63.882,6.0,6.0,680.0
5654171504212700054a12ad,13,fruits_v2,QF_V2_01,control,0,0.0,4,49.702,63.127,7.0,8.0,680.0
5654171504212700054a12ad,13,fruits_v2,QF_V2_02,control,0,0.5,4,49.702,63.127,7.0,8.0,680.0
5654171504212700054a12ad,13,fruits_v2,QF_V2_03,control,1,1.0,4,49.702,63.127,7.0,8.0,680.0
5654171504212700054a12ad,13,fruits_v2,QF_V2_04,control,0,0.0,4,49.702,63.127,7.0,8.0,680.0
5654171504212700054a12ad,13,fruits_v2,QF_V2_05,control,0,0.0,4,49.702,63.127,7.0,8.0,680.0
5654171504212700054a12ad,13,astronomy,QA01,repeat_short,0,0.6666666666666666,2,59.908,61.793,7.0,7.0,680.0
5654171504212700054a12ad,13,astronomy,QA02,repeat_short,1,1.0,2,59.908,61.793,7.0,7.0,680.0
5654171504212700054a12ad,13,astronomy,QA03,repeat_short,0,0.0,2,59.908,61.793,7.0,7.0,680.0
5654171504212700054a12ad,13,astronomy,QA04,repeat_short,0,0.0,2,59.908,61.793,7.0,7.0,680.0
5654171504212700054a12ad,13,astronomy,QA05,repeat_short,0,0.0,2,59.908,61.793,7.0,7.0,680.0
5654171504212700054a12ad,13,fabrics,QFB01,distractor,0,0.5,1,73.732,84.338,7.0,7.0,680.0
5654171504212700054a12ad,13,fabrics,QFB02,distractor,0,0.5,1,73.732,84.338,7.0,7.0,680.0
5654171504212700054a12ad,13,fabrics,QFB03,distractor,1,1.0,1,73.732,84.338,7.0,7.0,680.0
5654171504212700054a12ad,13,fabrics,QFB04,distractor,0,0.0,1,73.732,84.338,7.0,7.0,680.0
5654171504212700054a12ad,13,fabrics,QFB05,distractor,1,1.0,1,73.732,84.338,7.0,7.0,680.0
603a700c15614a652832402a,10,martial_arts,QMA01,repeat_short,0,0.0,2,61.693,48.764,5.0,5.0,571.0
603a700c15614a652832402a,10,martial_arts,QMA02,repeat_short,1,1.0,2,61.693,48.764,5.0,5.0,571.0
603a700c15614a652832402a,10,martial_arts,QMA03,repeat_short,1,1.0,2,61.693,48.764,5.0,5.0,571.0
603a700c15614a652832402a,10,martial_arts,QMA04,repeat_short,0,0.0,2,61.693,48.764,5.0,5.0,571.0
603a700c15614a652832402a,10,martial_arts,QMA05,repeat_short,0,0.0,2,61.693,48.764,5.0,5.0,571.0
603a700c15614a652832402a,10,fruits_v2,QF_V2_01,repeat_long,1,1.0,4,86.264,55.785,3.0,4.0,571.0
603a700c15614a652832402a,10,fruits_v2,QF_V2_02,repeat_long,1,1.0,4,86.264,55.785,3.0,4.0,571.0
603a700c15614a652832402a,10,fruits_v2,QF_V2_03,repeat_long,1,1.0,4,86.264,55.785,3.0,4.0,571.0
603a700c15614a652832402a,10,fruits_v2,QF_V2_04,repeat_long,1,1.0,4,86.264,55.785,3.0,4.0,571.0
603a700c15614a652832402a,10,fruits_v2,QF_V2_05,repeat_long,1,1.0,4,86.264,55.785,3.0,4.0,571.0
603a700c15614a652832402a,10,astronomy,QA01,distractor,0,0.3333333333333333,1,95.76,46.802,8.0,8.0,571.0
603a700c15614a652832402a,10,astronomy,QA02,distractor,1,1.0,1,95.76,46.802,8.0,8.0,571.0
603a700c15614a652832402a,10,astronomy,QA03,distractor,0,0.0,1,95.76,46.802,8.0,8.0,571.0
603a700c15614a652832402a,10,astronomy,QA04,distractor,0,0.0,1,95.76,46.802,8.0,8.0,571.0
603a700c15614a652832402a,10,astronomy,QA05,distractor,0,0.0,1,95.76,46.802,8.0,8.0,571.0
603a700c15614a652832402a,10,fabrics,QFB01,control,0,0.5,3,49.269,47.756,5.0,5.0,571.0
603a700c15614a652832402a,10,fabrics,QFB02,control,0,0.5,3,49.269,47.756,5.0,5.0,571.0
603a700c15614a652832402a,10,fabrics,QFB03,control,1,1.0,3,49.269,47.756,5.0,5.0,571.0
603a700c15614a652832402a,10,fabrics,QFB04,control,0,0.0,3,49.269,47.756,5.0,5.0,571.0
603a700c15614a652832402a,10,fabrics,QFB05,control,0,0.5,3,49.269,47.756,5.0,5.0,571.0
6631d1c59cc1588986a77fdf,6,martial_arts,QMA01,control,1,1.0,2,61.717,80.064,5.0,5.0,809.0
6631d1c59cc1588986a77fdf,6,martial_arts,QMA02,control,1,1.0,2,61.717,80.064,5.0,5.0,809.0
6631d1c59cc1588986a77fdf,6,martial_arts,QMA03,control,0,0.0,2,61.717,80.064,5.0,5.0,809.0
6631d1c59cc1588986a77fdf,6,martial_arts,QMA04,control,1,1.0,2,61.717,80.064,5.0,5.0,809.0
6631d1c59cc1588986a77fdf,6,martial_arts,QMA05,control,1,1.0,2,61.717,80.064,5.0,5.0,809.0
6631d1c59cc1588986a77fdf,6,fruits_v2,QF_V2_01,distractor,1,1.0,3,84.573,121.682,7.0,9.0,809.0
6631d1c59cc1588986a77fdf,6,fruits_v2,QF_V2_02,distractor,0,0.0,3,84.573,121.682,7.0,9.0,809.0
6631d1c59cc1588986a77fdf,6,fruits_v2,QF_V2_03,distractor,1,1.0,3,84.573,121.682,7.0,9.0,809.0
6631d1c59cc1588986a77fdf,6,fruits_v2,QF_V2_04,distractor,1,1.0,3,84.573,121.682,7.0,9.0,809.0
6631d1c59cc1588986a77fdf,6,fruits_v2,QF_V2_05,distractor,0,0.0,3,84.573,121.682,7.0,9.0,809.0
6631d1c59cc1588986a77fdf,6,astronomy,QA01,repeat_long,0,0.6666666666666666,4,81.133,82.631,8.0,7.0,809.0
6631d1c59cc1588986a77fdf,6,astronomy,QA02,repeat_long,1,1.0,4,81.133,82.631,8.0,7.0,809.0
6631d1c59cc1588986a77fdf,6,astronomy,QA03,repeat_long,0,0.5,4,81.133,82.631,8.0,7.0,809.0
6631d1c59cc1588986a77fdf,6,astronomy,QA04,repeat_long,1,1.0,4,81.133,82.631,8.0,7.0,809.0
6631d1c59cc1588986a77fdf,6,astronomy,QA05,repeat_long,0,0.0,4,81.133,82.631,8.0,7.0,809.0
6631d1c59cc1588986a77fdf,6,fabrics,QFB01,repeat_short,1,1.0,1,60.675,64.382,2.0,2.0,809.0
6631d1c59cc1588986a77fdf,6,fabrics,QFB02,repeat_short,1,1.0,1,60.675,64.382,2.0,2.0,809.0
6631d1c59cc1588986a77fdf,6,fabrics,QFB03,repeat_short,1,1.0,1,60.675,64.382,2.0,2.0,809.0
6631d1c59cc1588986a77fdf,6,fabrics,QFB04,repeat_short,0,0.0,1,60.675,64.382,2.0,2.0,809.0
6631d1c59cc1588986a77fdf,6,fabrics,QFB05,repeat_short,1,1.0,1,60.675,64.382,2.0,2.0,809.0
5ccc60abe787e000167f8143,12,martial_arts,QMA01,repeat_short,0,0.5,1,166.61,67.458,5.0,5.0,964.0
5ccc60abe787e000167f8143,12,martial_arts,QMA02,repeat_short,0,0.5,1,166.61,67.458,5.0,5.0,964.0
5ccc60abe787e000167f8143,12,martial_arts,QMA03,repeat_short,0,0.0,1,166.61,67.458,5.0,5.0,964.0
5ccc60abe787e000167f8143,12,martial_arts,QMA04,repeat_short,1,1.0,1,166.61,67.458,5.0,5.0,964.0
5ccc60abe787e000167f8143,12,martial_arts,QMA05,repeat_short,0,0.0,1,166.61,67.458,5.0,5.0,964.0
5ccc60abe787e000167f8143,12,fruits_v2,QF_V2_01,distractor,0,0.5,4,88.978,77.244,7.0,7.0,964.0
5ccc60abe787e000167f8143,12,fruits_v2,QF_V2_02,distractor,0,0.5,4,88.978,77.244,7.0,7.0,964.0
5ccc60abe787e000167f8143,12,fruits_v2,QF_V2_03,distractor,1,1.0,4,88.978,77.244,7.0,7.0,964.0
5ccc60abe787e000167f8143,12,fruits_v2,QF_V2_04,distractor,1,1.0,4,88.978,77.244,7.0,7.0,964.0
5ccc60abe787e000167f8143,12,fruits_v2,QF_V2_05,distractor,0,0.0,4,88.978,77.244,7.0,7.0,964.0
5ccc60abe787e000167f8143,12,astronomy,QA01,repeat_long,0,0.3333333333333333,3,80.8,42.593,5.0,4.0,964.0
5ccc60abe787e000167f8143,12,astronomy,QA02,repeat_long,1,1.0,3,80.8,42.593,5.0,4.0,964.0
5ccc60abe787e000167f8143,12,astronomy,QA03,repeat_long,0,0.0,3,80.8,42.593,5.0,4.0,964.0
5ccc60abe787e000167f8143,12,astronomy,QA04,repeat_long,0,0.0,3,80.8,42.593,5.0,4.0,964.0
5ccc60abe787e000167f8143,12,astronomy,QA05,repeat_long,0,0.0,3,80.8,42.593,5.0,4.0,964.0
5ccc60abe787e000167f8143,12,fabrics,QFB01,control,0,0.0,2,138.195,55.655,4.0,3.0,964.0
5ccc60abe787e000167f8143,12,fabrics,QFB02,control,0,0.5,2,138.195,55.655,4.0,3.0,964.0
5ccc60abe787e000167f8143,12,fabrics,QFB03,control,0,0.0,2,138.195,55.655,4.0,3.0,964.0
5ccc60abe787e000167f8143,12,fabrics,QFB04,control,0,0.0,2,138.195,55.655,4.0,3.0,964.0
5ccc60abe787e000167f8143,12,fabrics,QFB05,control,0,0.5,2,138.195,55.655,4.0,3.0,964.0
69c98fe325df03e79fbfb934,2,martial_arts,QMA01,control,1,1.0,4,58.374,77.273,7.0,8.0,824.0
69c98fe325df03e79fbfb934,2,martial_arts,QMA02,control,1,1.0,4,58.374,77.273,7.0,8.0,824.0
69c98fe325df03e79fbfb934,2,martial_arts,QMA03,control,0,0.0,4,58.374,77.273,7.0,8.0,824.0
69c98fe325df03e79fbfb934,2,martial_arts,QMA04,control,1,1.0,4,58.374,77.273,7.0,8.0,824.0
69c98fe325df03e79fbfb934,2,martial_arts,QMA05,control,1,1.0,4,58.374,77.273,7.0,8.0,824.0
69c98fe325df03e79fbfb934,2,fruits_v2,QF_V2_01,repeat_short,1,1.0,2,60.761,88.021,2.0,6.0,824.0
69c98fe325df03e79fbfb934,2,fruits_v2,QF_V2_02,repeat_short,0,0.0,2,60.761,88.021,2.0,6.0,824.0
69c98fe325df03e79fbfb934,2,fruits_v2,QF_V2_03,repeat_short,1,1.0,2,60.761,88.021,2.0,6.0,824.0
69c98fe325df03e79fbfb934,2,fruits_v2,QF_V2_04,repeat_short,1,1.0,2,60.761,88.021,2.0,6.0,824.0
69c98fe325df03e79fbfb934,2,fruits_v2,QF_V2_05,repeat_short,1,1.0,2,60.761,88.021,2.0,6.0,824.0
69c98fe325df03e79fbfb934,2,astronomy,QA01,distractor,0,0.3333333333333333,1,96.091,85.808,8.0,5.0,824.0
69c98fe325df03e79fbfb934,2,astronomy,QA02,distractor,1,1.0,1,96.091,85.808,8.0,5.0,824.0
69c98fe325df03e79fbfb934,2,astronomy,QA03,distractor,0,0.5,1,96.091,85.808,8.0,5.0,824.0
69c98fe325df03e79fbfb934,2,astronomy,QA04,distractor,0,0.0,1,96.091,85.808,8.0,5.0,824.0
69c98fe325df03e79fbfb934,2,astronomy,QA05,distractor,0,0.0,1,96.091,85.808,8.0,5.0,824.0
69c98fe325df03e79fbfb934,2,fabrics,QFB01,repeat_long,1,1.0,3,68.593,66.144,3.0,4.0,824.0
69c98fe325df03e79fbfb934,2,fabrics,QFB02,repeat_long,1,1.0,3,68.593,66.144,3.0,4.0,824.0
69c98fe325df03e79fbfb934,2,fabrics,QFB03,repeat_long,1,1.0,3,68.593,66.144,3.0,4.0,824.0
69c98fe325df03e79fbfb934,2,fabrics,QFB04,repeat_long,1,1.0,3,68.593,66.144,3.0,4.0,824.0
69c98fe325df03e79fbfb934,2,fabrics,QFB05,repeat_long,1,1.0,3,68.593,66.144,3.0,4.0,824.0
63f78071721a6cacdd63d835,2,martial_arts,QMA01,control,0,0.0,1,101.484,124.187,5.0,7.0,996.0
63f78071721a6cacdd63d835,2,martial_arts,QMA02,control,0,0.5,1,101.484,124.187,5.0,7.0,996.0
63f78071721a6cacdd63d835,2,martial_arts,QMA03,control,0,0.5,1,101.484,124.187,5.0,7.0,996.0
63f78071721a6cacdd63d835,2,martial_arts,QMA04,control,1,1.0,1,101.484,124.187,5.0,7.0,996.0
63f78071721a6cacdd63d835,2,martial_arts,QMA05,control,0,0.5,1,101.484,124.187,5.0,7.0,996.0
63f78071721a6cacdd63d835,2,fruits_v2,QF_V2_01,repeat_short,0,0.5,4,71.113,117.782,4.0,5.0,996.0
63f78071721a6cacdd63d835,2,fruits_v2,QF_V2_02,repeat_short,0,0.5,4,71.113,117.782,4.0,5.0,996.0
63f78071721a6cacdd63d835,2,fruits_v2,QF_V2_03,repeat_short,1,1.0,4,71.113,117.782,4.0,5.0,996.0
63f78071721a6cacdd63d835,2,fruits_v2,QF_V2_04,repeat_short,1,1.0,4,71.113,117.782,4.0,5.0,996.0
63f78071721a6cacdd63d835,2,fruits_v2,QF_V2_05,repeat_short,1,1.0,4,71.113,117.782,4.0,5.0,996.0
63f78071721a6cacdd63d835,2,astronomy,QA01,distractor,1,1.0,3,136.508,87.022,3.0,4.0,996.0
63f78071721a6cacdd63d835,2,astronomy,QA02,distractor,0,0.5,3,136.508,87.022,3.0,4.0,996.0
63f78071721a6cacdd63d835,2,astronomy,QA03,distractor,0,0.5,3,136.508,87.022,3.0,4.0,996.0
63f78071721a6cacdd63d835,2,astronomy,QA04,distractor,0,0.0,3,136.508,87.022,3.0,4.0,996.0
63f78071721a6cacdd63d835,2,astronomy,QA05,distractor,0,0.0,3,136.508,87.022,3.0,4.0,996.0
63f78071721a6cacdd63d835,2,fabrics,QFB01,repeat_long,0,0.0,2,81.727,96.897,4.0,4.0,996.0
63f78071721a6cacdd63d835,2,fabrics,QFB02,repeat_long,0,0.5,2,81.727,96.897,4.0,4.0,996.0
63f78071721a6cacdd63d835,2,fabrics,QFB03,repeat_long,1,1.0,2,81.727,96.897,4.0,4.0,996.0
63f78071721a6cacdd63d835,2,fabrics,QFB04,repeat_long,1,1.0,2,81.727,96.897,4.0,4.0,996.0
63f78071721a6cacdd63d835,2,fabrics,QFB05,repeat_long,1,1.0,2,81.727,96.897,4.0,4.0,996.0
664e835c732628231a08fff5,24,martial_arts,QMA01,distractor,0,0.0,3,76.583,182.779,8.0,8.0,956.0
664e835c732628231a08fff5,24,martial_arts,QMA02,distractor,0,0.5,3,76.583,182.779,8.0,8.0,956.0
664e835c732628231a08fff5,24,martial_arts,QMA03,distractor,1,1.0,3,76.583,182.779,8.0,8.0,956.0
664e835c732628231a08fff5,24,martial_arts,QMA04,distractor,1,1.0,3,76.583,182.779,8.0,8.0,956.0
664e835c732628231a08fff5,24,martial_arts,QMA05,distractor,0,0.5,3,76.583,182.779,8.0,8.0,956.0
664e835c732628231a08fff5,24,fruits_v2,QF_V2_01,repeat_long,0,0.5,1,86.606,106.401,3.0,8.0,956.0
664e835c732628231a08fff5,24,fruits_v2,QF_V2_02,repeat_long,0,0.5,1,86.606,106.401,3.0,8.0,956.0
664e835c732628231a08fff5,24,fruits_v2,QF_V2_03,repeat_long,0,0.0,1,86.606,106.401,3.0,8.0,956.0
664e835c732628231a08fff5,24,fruits_v2,QF_V2_04,repeat_long,1,1.0,1,86.606,106.401,3.0,8.0,956.0
664e835c732628231a08fff5,24,fruits_v2,QF_V2_05,repeat_long,1,1.0,1,86.606,106.401,3.0,8.0,956.0
664e835c732628231a08fff5,24,astronomy,QA01,repeat_short,0,0.6666666666666666,2,59.905,89.827,6.0,5.0,956.0
664e835c732628231a08fff5,24,astronomy,QA02,repeat_short,0,0.5,2,59.905,89.827,6.0,5.0,956.0
664e835c732628231a08fff5,24,astronomy,QA03,repeat_short,1,1.0,2,59.905,89.827,6.0,5.0,956.0
664e835c732628231a08fff5,24,astronomy,QA04,repeat_short,0,0.0,2,59.905,89.827,6.0,5.0,956.0
664e835c732628231a08fff5,24,astronomy,QA05,repeat_short,1,1.0,2,59.905,89.827,6.0,5.0,956.0
664e835c732628231a08fff5,24,fabrics,QFB01,control,0,0.5,4,52.391,114.84,5.0,5.0,956.0
664e835c732628231a08fff5,24,fabrics,QFB02,control,0,0.5,4,52.391,114.84,5.0,5.0,956.0
664e835c732628231a08fff5,24,fabrics,QFB03,control,1,1.0,4,52.391,114.84,5.0,5.0,956.0
664e835c732628231a08fff5,24,fabrics,QFB04,control,1,1.0,4,52.391,114.84,5.0,5.0,956.0
664e835c732628231a08fff5,24,fabrics,QFB05,control,1,1.0,4,52.391,114.84,5.0,5.0,956.0
65fcdef120c3e7513256ac68,12,martial_arts,QMA01,repeat_short,0,0.5,2,120.552,94.211,6.0,8.0,947.0
65fcdef120c3e7513256ac68,12,martial_arts,QMA02,repeat_short,0,0.5,2,120.552,94.211,6.0,8.0,947.0
65fcdef120c3e7513256ac68,12,martial_arts,QMA03,repeat_short,0,0.5,2,120.552,94.211,6.0,8.0,947.0
65fcdef120c3e7513256ac68,12,martial_arts,QMA04,repeat_short,0,0.0,2,120.552,94.211,6.0,8.0,947.0
65fcdef120c3e7513256ac68,12,martial_arts,QMA05,repeat_short,0,0.5,2,120.552,94.211,6.0,8.0,947.0
65fcdef120c3e7513256ac68,12,fruits_v2,QF_V2_01,distractor,1,1.0,3,83.255,65.299,9.0,10.0,947.0
65fcdef120c3e7513256ac68,12,fruits_v2,QF_V2_02,distractor,0,0.5,3,83.255,65.299,9.0,10.0,947.0
65fcdef120c3e7513256ac68,12,fruits_v2,QF_V2_03,distractor,1,1.0,3,83.255,65.299,9.0,10.0,947.0
65fcdef120c3e7513256ac68,12,fruits_v2,QF_V2_04,distractor,0,0.0,3,83.255,65.299,9.0,10.0,947.0
65fcdef120c3e7513256ac68,12,fruits_v2,QF_V2_05,distractor,0,0.0,3,83.255,65.299,9.0,10.0,947.0
65fcdef120c3e7513256ac68,12,astronomy,QA01,repeat_long,0,0.6666666666666666,1,82.078,50.081,2.0,6.0,947.0
65fcdef120c3e7513256ac68,12,astronomy,QA02,repeat_long,0,0.5,1,82.078,50.081,2.0,6.0,947.0
65fcdef120c3e7513256ac68,12,astronomy,QA03,repeat_long,1,1.0,1,82.078,50.081,2.0,6.0,947.0
65fcdef120c3e7513256ac68,12,astronomy,QA04,repeat_long,1,1.0,1,82.078,50.081,2.0,6.0,947.0
65fcdef120c3e7513256ac68,12,astronomy,QA05,repeat_long,0,0.0,1,82.078,50.081,2.0,6.0,947.0
65fcdef120c3e7513256ac68,12,fabrics,QFB01,control,1,1.0,4,49.208,77.162,4.0,6.0,947.0
65fcdef120c3e7513256ac68,12,fabrics,QFB02,control,1,1.0,4,49.208,77.162,4.0,6.0,947.0
65fcdef120c3e7513256ac68,12,fabrics,QFB03,control,1,1.0,4,49.208,77.162,4.0,6.0,947.0
65fcdef120c3e7513256ac68,12,fabrics,QFB04,control,1,1.0,4,49.208,77.162,4.0,6.0,947.0
65fcdef120c3e7513256ac68,12,fabrics,QFB05,control,1,1.0,4,49.208,77.162,4.0,6.0,947.0
656a1cf88a3cf09f538c6f25,18,martial_arts,QMA01,repeat_long,1,1.0,1,96.23,88.952,2.0,6.0,973.0
656a1cf88a3cf09f538c6f25,18,martial_arts,QMA02,repeat_long,1,1.0,1,96.23,88.952,2.0,6.0,973.0
656a1cf88a3cf09f538c6f25,18,martial_arts,QMA03,repeat_long,1,1.0,1,96.23,88.952,2.0,6.0,973.0
656a1cf88a3cf09f538c6f25,18,martial_arts,QMA04,repeat_long,1,1.0,1,96.23,88.952,2.0,6.0,973.0
656a1cf88a3cf09f538c6f25,18,martial_arts,QMA05,repeat_long,1,1.0,1,96.23,88.952,2.0,6.0,973.0
656a1cf88a3cf09f538c6f25,18,fruits_v2,QF_V2_01,distractor,0,0.0,2,85.314,155.214,6.0,8.0,973.0
656a1cf88a3cf09f538c6f25,18,fruits_v2,QF_V2_02,distractor,1,1.0,2,85.314,155.214,6.0,8.0,973.0
656a1cf88a3cf09f538c6f25,18,fruits_v2,QF_V2_03,distractor,1,1.0,2,85.314,155.214,6.0,8.0,973.0
656a1cf88a3cf09f538c6f25,18,fruits_v2,QF_V2_04,distractor,1,1.0,2,85.314,155.214,6.0,8.0,973.0
656a1cf88a3cf09f538c6f25,18,fruits_v2,QF_V2_05,distractor,0,0.0,2,85.314,155.214,6.0,8.0,973.0
656a1cf88a3cf09f538c6f25,18,astronomy,QA01,repeat_short,0,0.3333333333333333,4,55.287,143.377,6.0,8.0,973.0
656a1cf88a3cf09f538c6f25,18,astronomy,QA02,repeat_short,1,1.0,4,55.287,143.377,6.0,8.0,973.0
656a1cf88a3cf09f538c6f25,18,astronomy,QA03,repeat_short,0,0.5,4,55.287,143.377,6.0,8.0,973.0
656a1cf88a3cf09f538c6f25,18,astronomy,QA04,repeat_short,1,1.0,4,55.287,143.377,6.0,8.0,973.0
656a1cf88a3cf09f538c6f25,18,astronomy,QA05,repeat_short,0,0.0,4,55.287,143.377,6.0,8.0,973.0
656a1cf88a3cf09f538c6f25,18,fabrics,QFB01,control,0,0.5,3,54.813,113.537,5.0,7.0,973.0
656a1cf88a3cf09f538c6f25,18,fabrics,QFB02,control,0,0.5,3,54.813,113.537,5.0,7.0,973.0
656a1cf88a3cf09f538c6f25,18,fabrics,QFB03,control,1,1.0,3,54.813,113.537,5.0,7.0,973.0
656a1cf88a3cf09f538c6f25,18,fabrics,QFB04,control,1,1.0,3,54.813,113.537,5.0,7.0,973.0
656a1cf88a3cf09f538c6f25,18,fabrics,QFB05,control,0,0.5,3,54.813,113.537,5.0,7.0,973.0
6942cdbe08f75d111bb9713d,9,martial_arts,QMA01,repeat_short,1,1.0,1,62.819,83.699,8.0,8.0,873.0
6942cdbe08f75d111bb9713d,9,martial_arts,QMA02,repeat_short,1,1.0,1,62.819,83.699,8.0,8.0,873.0
6942cdbe08f75d111bb9713d,9,martial_arts,QMA03,repeat_short,0,0.5,1,62.819,83.699,8.0,8.0,873.0
6942cdbe08f75d111bb9713d,9,martial_arts,QMA04,repeat_short,1,1.0,1,62.819,83.699,8.0,8.0,873.0
6942cdbe08f75d111bb9713d,9,martial_arts,QMA05,repeat_short,1,1.0,1,62.819,83.699,8.0,8.0,873.0
6942cdbe08f75d111bb9713d,9,fruits_v2,QF_V2_01,repeat_long,1,1.0,2,85.501,75.292,9.0,9.0,873.0
6942cdbe08f75d111bb9713d,9,fruits_v2,QF_V2_02,repeat_long,1,1.0,2,85.501,75.292,9.0,9.0,873.0
6942cdbe08f75d111bb9713d,9,fruits_v2,QF_V2_03,repeat_long,1,1.0,2,85.501,75.292,9.0,9.0,873.0
6942cdbe08f75d111bb9713d,9,fruits_v2,QF_V2_04,repeat_long,1,1.0,2,85.501,75.292,9.0,9.0,873.0
6942cdbe08f75d111bb9713d,9,fruits_v2,QF_V2_05,repeat_long,1,1.0,2,85.501,75.292,9.0,9.0,873.0
6942cdbe08f75d111bb9713d,9,astronomy,QA01,control,1,1.0,4,52.95,104.107,8.0,8.0,873.0
6942cdbe08f75d111bb9713d,9,astronomy,QA02,control,1,1.0,4,52.95,104.107,8.0,8.0,873.0
6942cdbe08f75d111bb9713d,9,astronomy,QA03,control,1,1.0,4,52.95,104.107,8.0,8.0,873.0
6942cdbe08f75d111bb9713d,9,astronomy,QA04,control,0,0.0,4,52.95,104.107,8.0,8.0,873.0
6942cdbe08f75d111bb9713d,9,astronomy,QA05,control,0,0.0,4,52.95,104.107,8.0,8.0,873.0
6942cdbe08f75d111bb9713d,9,fabrics,QFB01,distractor,0,0.5,3,71.537,76.938,9.0,9.0,873.0
6942cdbe08f75d111bb9713d,9,fabrics,QFB02,distractor,0,0.5,3,71.537,76.938,9.0,9.0,873.0
6942cdbe08f75d111bb9713d,9,fabrics,QFB03,distractor,0,0.0,3,71.537,76.938,9.0,9.0,873.0
6942cdbe08f75d111bb9713d,9,fabrics,QFB04,distractor,0,0.0,3,71.537,76.938,9.0,9.0,873.0
6942cdbe08f75d111bb9713d,9,fabrics,QFB05,distractor,0,0.5,3,71.537,76.938,9.0,9.0,873.0
6951eec04697f5730cc515d5,22,martial_arts,QMA01,distractor,0,0.5,1,90.134,56.857,9.0,9.0,841.0
6951eec04697f5730cc515d5,22,martial_arts,QMA02,distractor,0,0.5,1,90.134,56.857,9.0,9.0,841.0
6951eec04697f5730cc515d5,22,martial_arts,QMA03,distractor,0,0.0,1,90.134,56.857,9.0,9.0,841.0
6951eec04697f5730cc515d5,22,martial_arts,QMA04,distractor,0,0.0,1,90.134,56.857,9.0,9.0,841.0
6951eec04697f5730cc515d5,22,martial_arts,QMA05,distractor,0,0.0,1,90.134,56.857,9.0,9.0,841.0
6951eec04697f5730cc515d5,22,astronomy,QA01,repeat_long,0,0.6666666666666666,4,79.37,92.03,6.0,6.0,841.0
6951eec04697f5730cc515d5,22,astronomy,QA02,repeat_long,1,1.0,4,79.37,92.03,6.0,6.0,841.0
6951eec04697f5730cc515d5,22,astronomy,QA03,repeat_long,1,1.0,4,79.37,92.03,6.0,6.0,841.0
6951eec04697f5730cc515d5,22,astronomy,QA04,repeat_long,1,1.0,4,79.37,92.03,6.0,6.0,841.0
6951eec04697f5730cc515d5,22,astronomy,QA05,repeat_long,0,0.0,4,79.37,92.03,6.0,6.0,841.0
6951eec04697f5730cc515d5,22,fabrics,QFB01,control,0,0.5,2,48.66,107.953,8.0,8.0,841.0
6951eec04697f5730cc515d5,22,fabrics,QFB02,control,0,0.5,2,48.66,107.953,8.0,8.0,841.0
6951eec04697f5730cc515d5,22,fabrics,QFB03,control,1,1.0,2,48.66,107.953,8.0,8.0,841.0
6951eec04697f5730cc515d5,22,fabrics,QFB04,control,0,0.0,2,48.66,107.953,8.0,8.0,841.0
6951eec04697f5730cc515d5,22,fabrics,QFB05,control,1,1.0,2,48.66,107.953,8.0,8.0,841.0
5e836a3c2598d409928dae31,23,martial_arts,QMA01,distractor,1,1.0,1,81.667,106.597,3.0,7.0,966.0
5e836a3c2598d409928dae31,23,martial_arts,QMA02,distractor,1,1.0,1,81.667,106.597,3.0,7.0,966.0
5e836a3c2598d409928dae31,23,martial_arts,QMA03,distractor,1,1.0,1,81.667,106.597,3.0,7.0,966.0
5e836a3c2598d409928dae31,23,martial_arts,QMA04,distractor,1,1.0,1,81.667,106.597,3.0,7.0,966.0
5e836a3c2598d409928dae31,23,martial_arts,QMA05,distractor,1,1.0,1,81.667,106.597,3.0,7.0,966.0
5e836a3c2598d409928dae31,23,fruits_v2,QF_V2_01,repeat_long,1,1.0,2,88.239,120.533,2.0,4.0,966.0
5e836a3c2598d409928dae31,23,fruits_v2,QF_V2_02,repeat_long,1,1.0,2,88.239,120.533,2.0,4.0,966.0
5e836a3c2598d409928dae31,23,fruits_v2,QF_V2_03,repeat_long,1,1.0,2,88.239,120.533,2.0,4.0,966.0
5e836a3c2598d409928dae31,23,fruits_v2,QF_V2_04,repeat_long,1,1.0,2,88.239,120.533,2.0,4.0,966.0
5e836a3c2598d409928dae31,23,fruits_v2,QF_V2_05,repeat_long,1,1.0,2,88.239,120.533,2.0,4.0,966.0
5e836a3c2598d409928dae31,23,astronomy,QA01,control,0,0.6666666666666666,4,57.36,154.342,4.0,8.0,966.0
5e836a3c2598d409928dae31,23,astronomy,QA02,control,1,1.0,4,57.36,154.342,4.0,8.0,966.0
5e836a3c2598d409928dae31,23,astronomy,QA03,control,1,1.0,4,57.36,154.342,4.0,8.0,966.0
5e836a3c2598d409928dae31,23,astronomy,QA04,control,1,1.0,4,57.36,154.342,4.0,8.0,966.0
5e836a3c2598d409928dae31,23,astronomy,QA05,control,0,0.0,4,57.36,154.342,4.0,8.0,966.0
5e836a3c2598d409928dae31,23,fabrics,QFB01,repeat_short,1,1.0,3,56.616,84.431,1.0,1.0,966.0
5e836a3c2598d409928dae31,23,fabrics,QFB02,repeat_short,1,1.0,3,56.616,84.431,1.0,1.0,966.0
5e836a3c2598d409928dae31,23,fabrics,QFB03,repeat_short,1,1.0,3,56.616,84.431,1.0,1.0,966.0
5e836a3c2598d409928dae31,23,fabrics,QFB04,repeat_short,1,1.0,3,56.616,84.431,1.0,1.0,966.0
5e836a3c2598d409928dae31,23,fabrics,QFB05,repeat_short,1,1.0,3,56.616,84.431,1.0,1.0,966.0
67433b6e21271e2da703ee36,19,martial_arts,QMA01,distractor,1,1.0,3,77.18,81.014,8.0,7.0,666.0
67433b6e21271e2da703ee36,19,martial_arts,QMA02,distractor,1,1.0,3,77.18,81.014,8.0,7.0,666.0
67433b6e21271e2da703ee36,19,martial_arts,QMA03,distractor,0,0.5,3,77.18,81.014,8.0,7.0,666.0
67433b6e21271e2da703ee36,19,martial_arts,QMA04,distractor,1,1.0,3,77.18,81.014,8.0,7.0,666.0
67433b6e21271e2da703ee36,19,martial_arts,QMA05,distractor,0,0.5,3,77.18,81.014,8.0,7.0,666.0
67433b6e21271e2da703ee36,19,fruits_v2,QF_V2_01,control,1,1.0,1,51.546,75.163,6.0,7.0,666.0
67433b6e21271e2da703ee36,19,fruits_v2,QF_V2_02,control,0,0.0,1,51.546,75.163,6.0,7.0,666.0
67433b6e21271e2da703ee36,19,fruits_v2,QF_V2_03,control,0,0.0,1,51.546,75.163,6.0,7.0,666.0
67433b6e21271e2da703ee36,19,fruits_v2,QF_V2_04,control,1,1.0,1,51.546,75.163,6.0,7.0,666.0
67433b6e21271e2da703ee36,19,fruits_v2,QF_V2_05,control,1,1.0,1,51.546,75.163,6.0,7.0,666.0
67433b6e21271e2da703ee36,19,astronomy,QA01,repeat_short,1,1.0,4,58.726,52.512,9.0,8.0,666.0
67433b6e21271e2da703ee36,19,astronomy,QA02,repeat_short,1,1.0,4,58.726,52.512,9.0,8.0,666.0
67433b6e21271e2da703ee36,19,astronomy,QA03,repeat_short,0,0.5,4,58.726,52.512,9.0,8.0,666.0
67433b6e21271e2da703ee36,19,astronomy,QA04,repeat_short,1,1.0,4,58.726,52.512,9.0,8.0,666.0
67433b6e21271e2da703ee36,19,astronomy,QA05,repeat_short,0,0.0,4,58.726,52.512,9.0,8.0,666.0
67433b6e21271e2da703ee36,19,fabrics,QFB01,repeat_long,0,0.5,2,73.356,70.483,4.0,7.0,666.0
67433b6e21271e2da703ee36,19,fabrics,QFB02,repeat_long,0,0.5,2,73.356,70.483,4.0,7.0,666.0
67433b6e21271e2da703ee36,19,fabrics,QFB03,repeat_long,1,1.0,2,73.356,70.483,4.0,7.0,666.0
67433b6e21271e2da703ee36,19,fabrics,QFB04,repeat_long,1,1.0,2,73.356,70.483,4.0,7.0,666.0
67433b6e21271e2da703ee36,19,fabrics,QFB05,repeat_long,1,1.0,2,73.356,70.483,4.0,7.0,666.0
5f4738bfa043201203a27b4b,24,martial_arts,QMA01,distractor,0,0.0,1,97.621,54.948,7.0,9.0,872.0
5f4738bfa043201203a27b4b,24,martial_arts,QMA02,distractor,0,0.0,1,97.621,54.948,7.0,9.0,872.0
5f4738bfa043201203a27b4b,24,martial_arts,QMA03,distractor,0,0.5,1,97.621,54.948,7.0,9.0,872.0
5f4738bfa043201203a27b4b,24,martial_arts,QMA04,distractor,1,1.0,1,97.621,54.948,7.0,9.0,872.0
5f4738bfa043201203a27b4b,24,martial_arts,QMA05,distractor,0,0.5,1,97.621,54.948,7.0,9.0,872.0
5f4738bfa043201203a27b4b,24,fruits_v2,QF_V2_01,repeat_long,0,0.0,2,83.582,56.121,7.0,8.0,872.0
5f4738bfa043201203a27b4b,24,fruits_v2,QF_V2_02,repeat_long,1,1.0,2,83.582,56.121,7.0,8.0,872.0
5f4738bfa043201203a27b4b,24,fruits_v2,QF_V2_03,repeat_long,1,1.0,2,83.582,56.121,7.0,8.0,872.0
5f4738bfa043201203a27b4b,24,fruits_v2,QF_V2_04,repeat_long,1,1.0,2,83.582,56.121,7.0,8.0,872.0
5f4738bfa043201203a27b4b,24,fruits_v2,QF_V2_05,repeat_long,1,1.0,2,83.582,56.121,7.0,8.0,872.0
5f4738bfa043201203a27b4b,24,astronomy,QA01,repeat_short,1,1.0,3,77.099,40.051,7.0,8.0,872.0
5f4738bfa043201203a27b4b,24,astronomy,QA02,repeat_short,1,1.0,3,77.099,40.051,7.0,8.0,872.0
5f4738bfa043201203a27b4b,24,astronomy,QA03,repeat_short,0,0.5,3,77.099,40.051,7.0,8.0,872.0
5f4738bfa043201203a27b4b,24,astronomy,QA04,repeat_short,1,1.0,3,77.099,40.051,7.0,8.0,872.0
5f4738bfa043201203a27b4b,24,astronomy,QA05,repeat_short,0,0.0,3,77.099,40.051,7.0,8.0,872.0
5f4738bfa043201203a27b4b,24,fabrics,QFB01,control,0,0.5,4,46.36,60.765,8.0,8.0,872.0
5f4738bfa043201203a27b4b,24,fabrics,QFB02,control,0,0.5,4,46.36,60.765,8.0,8.0,872.0
5f4738bfa043201203a27b4b,24,fabrics,QFB03,control,1,1.0,4,46.36,60.765,8.0,8.0,872.0
5f4738bfa043201203a27b4b,24,fabrics,QFB04,control,0,0.0,4,46.36,60.765,8.0,8.0,872.0
5f4738bfa043201203a27b4b,24,fabrics,QFB05,control,1,1.0,4,46.36,60.765,8.0,8.0,872.0
66a4fd207a0bc13aec028362,10,martial_arts,QMA01,repeat_short,0,0.5,4,67.84,93.051,7.0,7.0,915.0
66a4fd207a0bc13aec028362,10,martial_arts,QMA02,repeat_short,0,0.5,4,67.84,93.051,7.0,7.0,915.0
66a4fd207a0bc13aec028362,10,martial_arts,QMA03,repeat_short,0,0.5,4,67.84,93.051,7.0,7.0,915.0
66a4fd207a0bc13aec028362,10,martial_arts,QMA04,repeat_short,0,0.0,4,67.84,93.051,7.0,7.0,915.0
66a4fd207a0bc13aec028362,10,martial_arts,QMA05,repeat_short,0,0.5,4,67.84,93.051,7.0,7.0,915.0
66a4fd207a0bc13aec028362,10,fruits_v2,QF_V2_01,repeat_long,0,0.5,3,91.221,147.832,4.0,3.0,915.0
66a4fd207a0bc13aec028362,10,fruits_v2,QF_V2_02,repeat_long,0,0.5,3,91.221,147.832,4.0,3.0,915.0
66a4fd207a0bc13aec028362,10,fruits_v2,QF_V2_03,repeat_long,1,1.0,3,91.221,147.832,4.0,3.0,915.0
66a4fd207a0bc13aec028362,10,fruits_v2,QF_V2_04,repeat_long,1,1.0,3,91.221,147.832,4.0,3.0,915.0
66a4fd207a0bc13aec028362,10,fruits_v2,QF_V2_05,repeat_long,1,1.0,3,91.221,147.832,4.0,3.0,915.0
66a4fd207a0bc13aec028362,10,astronomy,QA01,distractor,0,0.3333333333333333,1,101.628,92.301,8.0,5.0,915.0
66a4fd207a0bc13aec028362,10,astronomy,QA02,distractor,0,0.5,1,101.628,92.301,8.0,5.0,915.0
66a4fd207a0bc13aec028362,10,astronomy,QA03,distractor,0,0.5,1,101.628,92.301,8.0,5.0,915.0
66a4fd207a0bc13aec028362,10,astronomy,QA04,distractor,0,0.0,1,101.628,92.301,8.0,5.0,915.0
66a4fd207a0bc13aec028362,10,astronomy,QA05,distractor,0,0.0,1,101.628,92.301,8.0,5.0,915.0
66a4fd207a0bc13aec028362,10,fabrics,QFB01,control,0,0.5,2,52.712,73.121,6.0,5.0,915.0
66a4fd207a0bc13aec028362,10,fabrics,QFB02,control,0,0.5,2,52.712,73.121,6.0,5.0,915.0
66a4fd207a0bc13aec028362,10,fabrics,QFB03,control,1,1.0,2,52.712,73.121,6.0,5.0,915.0
66a4fd207a0bc13aec028362,10,fabrics,QFB04,control,0,0.0,2,52.712,73.121,6.0,5.0,915.0
66a4fd207a0bc13aec028362,10,fabrics,QFB05,control,0,0.5,2,52.712,73.121,6.0,5.0,915.0
69dbc5a35ef47c98ef3af53b,12,martial_arts,QMA01,repeat_short,1,1.0,2,64.515,65.344,8.0,7.0,826.0
69dbc5a35ef47c98ef3af53b,12,martial_arts,QMA02,repeat_short,1,1.0,2,64.515,65.344,8.0,7.0,826.0
69dbc5a35ef47c98ef3af53b,12,martial_arts,QMA03,repeat_short,0,0.5,2,64.515,65.344,8.0,7.0,826.0
69dbc5a35ef47c98ef3af53b,12,martial_arts,QMA04,repeat_short,1,1.0,2,64.515,65.344,8.0,7.0,826.0
69dbc5a35ef47c98ef3af53b,12,martial_arts,QMA05,repeat_short,0,0.5,2,64.515,65.344,8.0,7.0,826.0
69dbc5a35ef47c98ef3af53b,12,fruits_v2,QF_V2_01,distractor,0,0.5,1,87.751,113.169,9.0,8.0,826.0
69dbc5a35ef47c98ef3af53b,12,fruits_v2,QF_V2_02,distractor,0,0.5,1,87.751,113.169,9.0,8.0,826.0
69dbc5a35ef47c98ef3af53b,12,fruits_v2,QF_V2_03,distractor,0,0.0,1,87.751,113.169,9.0,8.0,826.0
69dbc5a35ef47c98ef3af53b,12,fruits_v2,QF_V2_04,distractor,0,0.0,1,87.751,113.169,9.0,8.0,826.0
69dbc5a35ef47c98ef3af53b,12,fruits_v2,QF_V2_05,distractor,0,0.0,1,87.751,113.169,9.0,8.0,826.0
69dbc5a35ef47c98ef3af53b,12,astronomy,QA01,repeat_long,0,0.3333333333333333,4,83.125,72.27,9.0,9.0,826.0
69dbc5a35ef47c98ef3af53b,12,astronomy,QA02,repeat_long,0,0.5,4,83.125,72.27,9.0,9.0,826.0
69dbc5a35ef47c98ef3af53b,12,astronomy,QA03,repeat_long,0,0.0,4,83.125,72.27,9.0,9.0,826.0
69dbc5a35ef47c98ef3af53b,12,astronomy,QA04,repeat_long,0,0.0,4,83.125,72.27,9.0,9.0,826.0
69dbc5a35ef47c98ef3af53b,12,astronomy,QA05,repeat_long,0,0.0,4,83.125,72.27,9.0,9.0,826.0
69dbc5a35ef47c98ef3af53b,12,fabrics,QFB01,control,0,0.5,3,49.476,51.534,7.0,7.0,826.0
69dbc5a35ef47c98ef3af53b,12,fabrics,QFB02,control,0,0.5,3,49.476,51.534,7.0,7.0,826.0
69dbc5a35ef47c98ef3af53b,12,fabrics,QFB03,control,1,1.0,3,49.476,51.534,7.0,7.0,826.0
69dbc5a35ef47c98ef3af53b,12,fabrics,QFB04,control,0,0.0,3,49.476,51.534,7.0,7.0,826.0
69dbc5a35ef47c98ef3af53b,12,fabrics,QFB05,control,1,1.0,3,49.476,51.534,7.0,7.0,826.0
652017a42d6c0af7d9d75be4,6,martial_arts,QMA01,control,1,1.0,1,61.88,61.02,4.0,6.0,668.0
652017a42d6c0af7d9d75be4,6,martial_arts,QMA02,control,0,0.5,1,61.88,61.02,4.0,6.0,668.0
652017a42d6c0af7d9d75be4,6,martial_arts,QMA03,control,0,0.0,1,61.88,61.02,4.0,6.0,668.0
652017a42d6c0af7d9d75be4,6,martial_arts,QMA04,control,1,1.0,1,61.88,61.02,4.0,6.0,668.0
652017a42d6c0af7d9d75be4,6,martial_arts,QMA05,control,1,1.0,1,61.88,61.02,4.0,6.0,668.0
652017a42d6c0af7d9d75be4,6,fruits_v2,QF_V2_01,distractor,0,0.0,3,84.288,77.2,9.0,9.0,668.0
652017a42d6c0af7d9d75be4,6,fruits_v2,QF_V2_02,distractor,1,1.0,3,84.288,77.2,9.0,9.0,668.0
652017a42d6c0af7d9d75be4,6,fruits_v2,QF_V2_03,distractor,1,1.0,3,84.288,77.2,9.0,9.0,668.0
652017a42d6c0af7d9d75be4,6,fruits_v2,QF_V2_04,distractor,1,1.0,3,84.288,77.2,9.0,9.0,668.0
652017a42d6c0af7d9d75be4,6,fruits_v2,QF_V2_05,distractor,1,1.0,3,84.288,77.2,9.0,9.0,668.0
652017a42d6c0af7d9d75be4,6,astronomy,QA01,repeat_long,0,0.6666666666666666,4,83.447,100.023,3.0,6.0,668.0
652017a42d6c0af7d9d75be4,6,astronomy,QA02,repeat_long,0,0.5,4,83.447,100.023,3.0,6.0,668.0
652017a42d6c0af7d9d75be4,6,astronomy,QA03,repeat_long,0,0.5,4,83.447,100.023,3.0,6.0,668.0
652017a42d6c0af7d9d75be4,6,astronomy,QA04,repeat_long,1,1.0,4,83.447,100.023,3.0,6.0,668.0
652017a42d6c0af7d9d75be4,6,astronomy,QA05,repeat_long,0,0.0,4,83.447,100.023,3.0,6.0,668.0
652017a42d6c0af7d9d75be4,6,fabrics,QFB01,repeat_short,0,0.5,2,55.367,54.738,3.0,4.0,668.0
652017a42d6c0af7d9d75be4,6,fabrics,QFB02,repeat_short,0,0.5,2,55.367,54.738,3.0,4.0,668.0
652017a42d6c0af7d9d75be4,6,fabrics,QFB03,repeat_short,1,1.0,2,55.367,54.738,3.0,4.0,668.0
652017a42d6c0af7d9d75be4,6,fabrics,QFB04,repeat_short,0,0.0,2,55.367,54.738,3.0,4.0,668.0
652017a42d6c0af7d9d75be4,6,fabrics,QFB05,repeat_short,0,0.5,2,55.367,54.738,3.0,4.0,668.0
66461b42c96ee6c5a414f1a0,18,martial_arts,QMA01,repeat_long,1,1.0,1,112.619,44.606,8.0,7.0,784.0
66461b42c96ee6c5a414f1a0,18,martial_arts,QMA02,repeat_long,1,1.0,1,112.619,44.606,8.0,7.0,784.0
66461b42c96ee6c5a414f1a0,18,martial_arts,QMA03,repeat_long,0,0.5,1,112.619,44.606,8.0,7.0,784.0
66461b42c96ee6c5a414f1a0,18,martial_arts,QMA04,repeat_long,1,1.0,1,112.619,44.606,8.0,7.0,784.0
66461b42c96ee6c5a414f1a0,18,martial_arts,QMA05,repeat_long,0,0.5,1,112.619,44.606,8.0,7.0,784.0
66461b42c96ee6c5a414f1a0,18,fruits_v2,QF_V2_01,distractor,0,0.0,4,116.167,55.531,6.0,4.0,784.0
66461b42c96ee6c5a414f1a0,18,fruits_v2,QF_V2_02,distractor,1,1.0,4,116.167,55.531,6.0,4.0,784.0
66461b42c96ee6c5a414f1a0,18,fruits_v2,QF_V2_03,distractor,1,1.0,4,116.167,55.531,6.0,4.0,784.0
66461b42c96ee6c5a414f1a0,18,fruits_v2,QF_V2_04,distractor,1,1.0,4,116.167,55.531,6.0,4.0,784.0
66461b42c96ee6c5a414f1a0,18,fruits_v2,QF_V2_05,distractor,1,1.0,4,116.167,55.531,6.0,4.0,784.0
66461b42c96ee6c5a414f1a0,18,astronomy,QA01,repeat_short,1,1.0,3,72.048,75.856,7.0,5.0,784.0
66461b42c96ee6c5a414f1a0,18,astronomy,QA02,repeat_short,1,1.0,3,72.048,75.856,7.0,5.0,784.0
66461b42c96ee6c5a414f1a0,18,astronomy,QA03,repeat_short,0,0.5,3,72.048,75.856,7.0,5.0,784.0
66461b42c96ee6c5a414f1a0,18,astronomy,QA04,repeat_short,1,1.0,3,72.048,75.856,7.0,5.0,784.0
66461b42c96ee6c5a414f1a0,18,astronomy,QA05,repeat_short,1,1.0,3,72.048,75.856,7.0,5.0,784.0
66461b42c96ee6c5a414f1a0,18,fabrics,QFB01,control,0,0.5,2,56.138,69.079,8.0,8.0,784.0
66461b42c96ee6c5a414f1a0,18,fabrics,QFB02,control,0,0.5,2,56.138,69.079,8.0,8.0,784.0
66461b42c96ee6c5a414f1a0,18,fabrics,QFB03,control,1,1.0,2,56.138,69.079,8.0,8.0,784.0
66461b42c96ee6c5a414f1a0,18,fabrics,QFB04,control,1,1.0,2,56.138,69.079,8.0,8.0,784.0
66461b42c96ee6c5a414f1a0,18,fabrics,QFB05,control,1,1.0,2,56.138,69.079,8.0,8.0,784.0
6a1f8a04277a48e607635a70,17,fruits_v2,QF_V2_01,distractor,0,0.5,2,85.351,84.553,3.0,4.0,1018.0
6a1f8a04277a48e607635a70,17,fruits_v2,QF_V2_02,distractor,0,0.0,2,85.351,84.553,3.0,4.0,1018.0
6a1f8a04277a48e607635a70,17,fruits_v2,QF_V2_03,distractor,0,0.0,2,85.351,84.553,3.0,4.0,1018.0
6a1f8a04277a48e607635a70,17,fruits_v2,QF_V2_04,distractor,0,0.0,2,85.351,84.553,3.0,4.0,1018.0
6a1f8a04277a48e607635a70,17,fruits_v2,QF_V2_05,distractor,0,0.0,2,85.351,84.553,3.0,4.0,1018.0
6a1f8a04277a48e607635a70,17,astronomy,QA01,control,1,1.0,4,63.077,167.293,2.0,3.0,1018.0
6a1f8a04277a48e607635a70,17,astronomy,QA02,control,0,0.5,4,63.077,167.293,2.0,3.0,1018.0
6a1f8a04277a48e607635a70,17,astronomy,QA03,control,1,1.0,4,63.077,167.293,2.0,3.0,1018.0
6a1f8a04277a48e607635a70,17,astronomy,QA04,control,0,0.0,4,63.077,167.293,2.0,3.0,1018.0
6a1f8a04277a48e607635a70,17,astronomy,QA05,control,0,0.0,4,63.077,167.293,2.0,3.0,1018.0
6a1f8a04277a48e607635a70,17,fabrics,QFB01,repeat_short,0,0.5,1,60.379,61.361,1.0,2.0,1018.0
6a1f8a04277a48e607635a70,17,fabrics,QFB02,repeat_short,0,0.5,1,60.379,61.361,1.0,2.0,1018.0
6a1f8a04277a48e607635a70,17,fabrics,QFB03,repeat_short,0,0.0,1,60.379,61.361,1.0,2.0,1018.0
6a1f8a04277a48e607635a70,17,fabrics,QFB04,repeat_short,1,1.0,1,60.379,61.361,1.0,2.0,1018.0
6a1f8a04277a48e607635a70,17,fabrics,QFB05,repeat_short,0,0.5,1,60.379,61.361,1.0,2.0,1018.0
55b5f6b6fdf99b713277dc94,18,martial_arts,QMA01,repeat_long,1,1.0,1,95.19,118.015,5.0,5.0,1028.0
55b5f6b6fdf99b713277dc94,18,martial_arts,QMA02,repeat_long,1,1.0,1,95.19,118.015,5.0,5.0,1028.0
55b5f6b6fdf99b713277dc94,18,martial_arts,QMA03,repeat_long,0,0.5,1,95.19,118.015,5.0,5.0,1028.0
55b5f6b6fdf99b713277dc94,18,martial_arts,QMA04,repeat_long,1,1.0,1,95.19,118.015,5.0,5.0,1028.0
55b5f6b6fdf99b713277dc94,18,martial_arts,QMA05,repeat_long,1,1.0,1,95.19,118.015,5.0,5.0,1028.0
55b5f6b6fdf99b713277dc94,18,fruits_v2,QF_V2_01,distractor,0,0.5,3,85.316,119.096,7.0,8.0,1028.0
55b5f6b6fdf99b713277dc94,18,fruits_v2,QF_V2_02,distractor,0,0.0,3,85.316,119.096,7.0,8.0,1028.0
55b5f6b6fdf99b713277dc94,18,fruits_v2,QF_V2_03,distractor,0,0.0,3,85.316,119.096,7.0,8.0,1028.0
55b5f6b6fdf99b713277dc94,18,fruits_v2,QF_V2_04,distractor,1,1.0,3,85.316,119.096,7.0,8.0,1028.0
55b5f6b6fdf99b713277dc94,18,fruits_v2,QF_V2_05,distractor,0,0.0,3,85.316,119.096,7.0,8.0,1028.0
55b5f6b6fdf99b713277dc94,18,astronomy,QA01,repeat_short,1,1.0,2,57.472,102.958,7.0,6.0,1028.0
55b5f6b6fdf99b713277dc94,18,astronomy,QA02,repeat_short,1,1.0,2,57.472,102.958,7.0,6.0,1028.0
55b5f6b6fdf99b713277dc94,18,astronomy,QA03,repeat_short,1,1.0,2,57.472,102.958,7.0,6.0,1028.0
55b5f6b6fdf99b713277dc94,18,astronomy,QA04,repeat_short,0,0.0,2,57.472,102.958,7.0,6.0,1028.0
55b5f6b6fdf99b713277dc94,18,astronomy,QA05,repeat_short,0,0.0,2,57.472,102.958,7.0,6.0,1028.0
55b5f6b6fdf99b713277dc94,18,fabrics,QFB01,control,0,0.5,4,48.49,112.832,6.0,6.0,1028.0
55b5f6b6fdf99b713277dc94,18,fabrics,QFB02,control,0,0.5,4,48.49,112.832,6.0,6.0,1028.0
55b5f6b6fdf99b713277dc94,18,fabrics,QFB03,control,1,1.0,4,48.49,112.832,6.0,6.0,1028.0
55b5f6b6fdf99b713277dc94,18,fabrics,QFB04,control,1,1.0,4,48.49,112.832,6.0,6.0,1028.0
55b5f6b6fdf99b713277dc94,18,fabrics,QFB05,control,1,1.0,4,48.49,112.832,6.0,6.0,1028.0
5fefefa4c9707d3516361c9c,16,martial_arts,QMA01,repeat_long,1,1.0,4,100.239,65.008,7.0,7.0,1062.0
5fefefa4c9707d3516361c9c,16,martial_arts,QMA02,repeat_long,1,1.0,4,100.239,65.008,7.0,7.0,1062.0
5fefefa4c9707d3516361c9c,16,martial_arts,QMA03,repeat_long,0,0.0,4,100.239,65.008,7.0,7.0,1062.0
5fefefa4c9707d3516361c9c,16,martial_arts,QMA04,repeat_long,1,1.0,4,100.239,65.008,7.0,7.0,1062.0
5fefefa4c9707d3516361c9c,16,martial_arts,QMA05,repeat_long,0,0.5,4,100.239,65.008,7.0,7.0,1062.0
5fefefa4c9707d3516361c9c,16,fruits_v2,QF_V2_01,repeat_short,0,0.5,2,74.704,173.372,8.0,8.0,1062.0
5fefefa4c9707d3516361c9c,16,fruits_v2,QF_V2_02,repeat_short,0,0.5,2,74.704,173.372,8.0,8.0,1062.0
5fefefa4c9707d3516361c9c,16,fruits_v2,QF_V2_03,repeat_short,0,0.0,2,74.704,173.372,8.0,8.0,1062.0
5fefefa4c9707d3516361c9c,16,fruits_v2,QF_V2_04,repeat_short,1,1.0,2,74.704,173.372,8.0,8.0,1062.0
5fefefa4c9707d3516361c9c,16,fruits_v2,QF_V2_05,repeat_short,1,1.0,2,74.704,173.372,8.0,8.0,1062.0
5fefefa4c9707d3516361c9c,16,astronomy,QA01,distractor,0,0.6666666666666666,1,96.933,67.177,6.0,6.0,1062.0
5fefefa4c9707d3516361c9c,16,astronomy,QA02,distractor,1,1.0,1,96.933,67.177,6.0,6.0,1062.0
5fefefa4c9707d3516361c9c,16,astronomy,QA03,distractor,0,0.5,1,96.933,67.177,6.0,6.0,1062.0
5fefefa4c9707d3516361c9c,16,astronomy,QA04,distractor,1,1.0,1,96.933,67.177,6.0,6.0,1062.0
5fefefa4c9707d3516361c9c,16,astronomy,QA05,distractor,0,0.0,1,96.933,67.177,6.0,6.0,1062.0
5fefefa4c9707d3516361c9c,16,fabrics,QFB01,control,0,0.5,3,51.357,64.486,7.0,7.0,1062.0
5fefefa4c9707d3516361c9c,16,fabrics,QFB02,control,1,1.0,3,51.357,64.486,7.0,7.0,1062.0
5fefefa4c9707d3516361c9c,16,fabrics,QFB03,control,1,1.0,3,51.357,64.486,7.0,7.0,1062.0
5fefefa4c9707d3516361c9c,16,fabrics,QFB04,control,0,0.0,3,51.357,64.486,7.0,7.0,1062.0
5fefefa4c9707d3516361c9c,16,fabrics,QFB05,control,1,1.0,3,51.357,64.486,7.0,7.0,1062.0
5737620867421f000d181393,20,martial_arts,QMA01,distractor,1,1.0,3,76.794,61.236,3.0,3.0,879.0
5737620867421f000d181393,20,martial_arts,QMA02,distractor,1,1.0,3,76.794,61.236,3.0,3.0,879.0
5737620867421f000d181393,20,martial_arts,QMA03,distractor,1,1.0,3,76.794,61.236,3.0,3.0,879.0
5737620867421f000d181393,20,martial_arts,QMA04,distractor,1,1.0,3,76.794,61.236,3.0,3.0,879.0
5737620867421f000d181393,20,martial_arts,QMA05,distractor,1,1.0,3,76.794,61.236,3.0,3.0,879.0
5737620867421f000d181393,20,fruits_v2,QF_V2_01,control,1,1.0,4,52.387,76.841,6.0,6.0,879.0
5737620867421f000d181393,20,fruits_v2,QF_V2_02,control,1,1.0,4,52.387,76.841,6.0,6.0,879.0
5737620867421f000d181393,20,fruits_v2,QF_V2_03,control,1,1.0,4,52.387,76.841,6.0,6.0,879.0
5737620867421f000d181393,20,fruits_v2,QF_V2_04,control,0,0.0,4,52.387,76.841,6.0,6.0,879.0
5737620867421f000d181393,20,fruits_v2,QF_V2_05,control,1,1.0,4,52.387,76.841,6.0,6.0,879.0
5737620867421f000d181393,20,astronomy,QA01,repeat_long,1,1.0,2,95.081,60.302,5.0,7.0,879.0
5737620867421f000d181393,20,astronomy,QA02,repeat_long,1,1.0,2,95.081,60.302,5.0,7.0,879.0
5737620867421f000d181393,20,astronomy,QA03,repeat_long,0,0.5,2,95.081,60.302,5.0,7.0,879.0
5737620867421f000d181393,20,astronomy,QA04,repeat_long,1,1.0,2,95.081,60.302,5.0,7.0,879.0
5737620867421f000d181393,20,astronomy,QA05,repeat_long,0,0.0,2,95.081,60.302,5.0,7.0,879.0
5737620867421f000d181393,20,fabrics,QFB01,repeat_short,1,1.0,1,57.813,53.939,1.0,1.0,879.0
5737620867421f000d181393,20,fabrics,QFB02,repeat_short,1,1.0,1,57.813,53.939,1.0,1.0,879.0
5737620867421f000d181393,20,fabrics,QFB03,repeat_short,1,1.0,1,57.813,53.939,1.0,1.0,879.0
5737620867421f000d181393,20,fabrics,QFB04,repeat_short,1,1.0,1,57.813,53.939,1.0,1.0,879.0
5737620867421f000d181393,20,fabrics,QFB05,repeat_short,1,1.0,1,57.813,53.939,1.0,1.0,879.0
677ef42cdcee10c2f02a1441,7,astronomy,QA01,repeat_long,0,0.0,3,96.953,59.766,7.0,7.0,1120.0
677ef42cdcee10c2f02a1441,7,astronomy,QA02,repeat_long,0,0.0,3,96.953,59.766,7.0,7.0,1120.0
677ef42cdcee10c2f02a1441,7,astronomy,QA03,repeat_long,0,0.0,3,96.953,59.766,7.0,7.0,1120.0
677ef42cdcee10c2f02a1441,7,astronomy,QA04,repeat_long,0,0.0,3,96.953,59.766,7.0,7.0,1120.0
677ef42cdcee10c2f02a1441,7,astronomy,QA05,repeat_long,1,1.0,3,96.953,59.766,7.0,7.0,1120.0
677ef42cdcee10c2f02a1441,7,fabrics,QFB01,distractor,0,0.0,1,84.369,212.117,5.0,8.0,1120.0
677ef42cdcee10c2f02a1441,7,fabrics,QFB02,distractor,0,0.5,1,84.369,212.117,5.0,8.0,1120.0
677ef42cdcee10c2f02a1441,7,fabrics,QFB03,distractor,0,0.0,1,84.369,212.117,5.0,8.0,1120.0
677ef42cdcee10c2f02a1441,7,fabrics,QFB04,distractor,1,1.0,1,84.369,212.117,5.0,8.0,1120.0
677ef42cdcee10c2f02a1441,7,fabrics,QFB05,distractor,0,0.5,1,84.369,212.117,5.0,8.0,1120.0
69f747485db13ef9381bb3fc,15,martial_arts,QMA01,repeat_long,1,1.0,3,102.98,147.906,6.0,8.0,930.0
69f747485db13ef9381bb3fc,15,martial_arts,QMA02,repeat_long,1,1.0,3,102.98,147.906,6.0,8.0,930.0
69f747485db13ef9381bb3fc,15,martial_arts,QMA03,repeat_long,1,1.0,3,102.98,147.906,6.0,8.0,930.0
69f747485db13ef9381bb3fc,15,martial_arts,QMA04,repeat_long,1,1.0,3,102.98,147.906,6.0,8.0,930.0
69f747485db13ef9381bb3fc,15,martial_arts,QMA05,repeat_long,0,0.0,3,102.98,147.906,6.0,8.0,930.0
69f747485db13ef9381bb3fc,15,fruits_v2,QF_V2_01,repeat_short,0,0.0,1,65.249,60.13,8.0,8.0,930.0
69f747485db13ef9381bb3fc,15,fruits_v2,QF_V2_02,repeat_short,0,0.5,1,65.249,60.13,8.0,8.0,930.0
69f747485db13ef9381bb3fc,15,fruits_v2,QF_V2_03,repeat_short,1,1.0,1,65.249,60.13,8.0,8.0,930.0
69f747485db13ef9381bb3fc,15,fruits_v2,QF_V2_04,repeat_short,1,1.0,1,65.249,60.13,8.0,8.0,930.0
69f747485db13ef9381bb3fc,15,fruits_v2,QF_V2_05,repeat_short,0,0.0,1,65.249,60.13,8.0,8.0,930.0
69f747485db13ef9381bb3fc,15,astronomy,QA01,control,1,1.0,2,83.495,117.086,2.0,7.0,930.0
69f747485db13ef9381bb3fc,15,astronomy,QA02,control,1,1.0,2,83.495,117.086,2.0,7.0,930.0
69f747485db13ef9381bb3fc,15,astronomy,QA03,control,1,1.0,2,83.495,117.086,2.0,7.0,930.0
69f747485db13ef9381bb3fc,15,astronomy,QA04,control,0,0.0,2,83.495,117.086,2.0,7.0,930.0
69f747485db13ef9381bb3fc,15,astronomy,QA05,control,0,0.0,2,83.495,117.086,2.0,7.0,930.0
69f747485db13ef9381bb3fc,15,fabrics,QFB01,distractor,0,0.5,4,78.464,132.984,3.0,5.0,930.0
69f747485db13ef9381bb3fc,15,fabrics,QFB02,distractor,1,1.0,4,78.464,132.984,3.0,5.0,930.0
69f747485db13ef9381bb3fc,15,fabrics,QFB03,distractor,1,1.0,4,78.464,132.984,3.0,5.0,930.0
69f747485db13ef9381bb3fc,15,fabrics,QFB04,distractor,0,0.0,4,78.464,132.984,3.0,5.0,930.0
69f747485db13ef9381bb3fc,15,fabrics,QFB05,distractor,1,1.0,4,78.464,132.984,3.0,5.0,930.0
5f0499756b5d4972f0da9c78,16,martial_arts,QMA01,repeat_long,1,1.0,3,90.273,45.438,4.0,4.0,610.0
5f0499756b5d4972f0da9c78,16,martial_arts,QMA02,repeat_long,0,0.5,3,90.273,45.438,4.0,4.0,610.0
5f0499756b5d4972f0da9c78,16,martial_arts,QMA03,repeat_long,1,1.0,3,90.273,45.438,4.0,4.0,610.0
5f0499756b5d4972f0da9c78,16,martial_arts,QMA04,repeat_long,1,1.0,3,90.273,45.438,4.0,4.0,610.0
5f0499756b5d4972f0da9c78,16,martial_arts,QMA05,repeat_long,0,0.5,3,90.273,45.438,4.0,4.0,610.0
5f0499756b5d4972f0da9c78,16,fruits_v2,QF_V2_01,repeat_short,1,1.0,1,59.499,60.648,3.0,7.0,610.0
5f0499756b5d4972f0da9c78,16,fruits_v2,QF_V2_02,repeat_short,1,1.0,1,59.499,60.648,3.0,7.0,610.0
5f0499756b5d4972f0da9c78,16,fruits_v2,QF_V2_03,repeat_short,1,1.0,1,59.499,60.648,3.0,7.0,610.0
5f0499756b5d4972f0da9c78,16,fruits_v2,QF_V2_04,repeat_short,1,1.0,1,59.499,60.648,3.0,7.0,610.0
5f0499756b5d4972f0da9c78,16,fruits_v2,QF_V2_05,repeat_short,1,1.0,1,59.499,60.648,3.0,7.0,610.0
5f0499756b5d4972f0da9c78,16,astronomy,QA01,distractor,0,0.3333333333333333,4,147.623,50.751,6.0,6.0,610.0
5f0499756b5d4972f0da9c78,16,astronomy,QA02,distractor,0,0.5,4,147.623,50.751,6.0,6.0,610.0
5f0499756b5d4972f0da9c78,16,astronomy,QA03,distractor,0,0.0,4,147.623,50.751,6.0,6.0,610.0
5f0499756b5d4972f0da9c78,16,astronomy,QA04,distractor,0,0.0,4,147.623,50.751,6.0,6.0,610.0
5f0499756b5d4972f0da9c78,16,astronomy,QA05,distractor,0,0.0,4,147.623,50.751,6.0,6.0,610.0
5f0499756b5d4972f0da9c78,16,fabrics,QFB01,control,0,0.5,2,47.971,44.219,4.0,4.0,610.0
5f0499756b5d4972f0da9c78,16,fabrics,QFB02,control,1,1.0,2,47.971,44.219,4.0,4.0,610.0
5f0499756b5d4972f0da9c78,16,fabrics,QFB03,control,1,1.0,2,47.971,44.219,4.0,4.0,610.0
5f0499756b5d4972f0da9c78,16,fabrics,QFB04,control,0,0.0,2,47.971,44.219,4.0,4.0,610.0
5f0499756b5d4972f0da9c78,16,fabrics,QFB05,control,1,1.0,2,47.971,44.219,4.0,4.0,610.0
610820f8cc357db69daa892a,13,martial_arts,QMA01,repeat_long,1,1.0,2,90.944,126.412,3.0,4.0,982.0
610820f8cc357db69daa892a,13,martial_arts,QMA02,repeat_long,1,1.0,2,90.944,126.412,3.0,4.0,982.0
610820f8cc357db69daa892a,13,martial_arts,QMA03,repeat_long,1,1.0,2,90.944,126.412,3.0,4.0,982.0
610820f8cc357db69daa892a,13,martial_arts,QMA04,repeat_long,0,0.0,2,90.944,126.412,3.0,4.0,982.0
610820f8cc357db69daa892a,13,martial_arts,QMA05,repeat_long,1,1.0,2,90.944,126.412,3.0,4.0,982.0
610820f8cc357db69daa892a,13,fruits_v2,QF_V2_01,control,1,1.0,3,66.385,83.403,8.0,9.0,982.0
610820f8cc357db69daa892a,13,fruits_v2,QF_V2_02,control,1,1.0,3,66.385,83.403,8.0,9.0,982.0
610820f8cc357db69daa892a,13,fruits_v2,QF_V2_03,control,1,1.0,3,66.385,83.403,8.0,9.0,982.0
610820f8cc357db69daa892a,13,fruits_v2,QF_V2_04,control,0,0.0,3,66.385,83.403,8.0,9.0,982.0
610820f8cc357db69daa892a,13,fruits_v2,QF_V2_05,control,0,0.0,3,66.385,83.403,8.0,9.0,982.0
610820f8cc357db69daa892a,13,astronomy,QA01,repeat_short,0,0.6666666666666666,4,56.792,72.236,4.0,5.0,982.0
610820f8cc357db69daa892a,13,astronomy,QA02,repeat_short,1,1.0,4,56.792,72.236,4.0,5.0,982.0
610820f8cc357db69daa892a,13,astronomy,QA03,repeat_short,1,1.0,4,56.792,72.236,4.0,5.0,982.0
610820f8cc357db69daa892a,13,astronomy,QA04,repeat_short,0,0.0,4,56.792,72.236,4.0,5.0,982.0
610820f8cc357db69daa892a,13,astronomy,QA05,repeat_short,0,0.0,4,56.792,72.236,4.0,5.0,982.0
6a0e187111ce3e71bd295b5f,2,martial_arts,QMA01,control,1,1.0,2,60.074,85.604,5.0,7.0,770.0
6a0e187111ce3e71bd295b5f,2,martial_arts,QMA02,control,1,1.0,2,60.074,85.604,5.0,7.0,770.0
6a0e187111ce3e71bd295b5f,2,martial_arts,QMA03,control,0,0.5,2,60.074,85.604,5.0,7.0,770.0
6a0e187111ce3e71bd295b5f,2,martial_arts,QMA04,control,1,1.0,2,60.074,85.604,5.0,7.0,770.0
6a0e187111ce3e71bd295b5f,2,martial_arts,QMA05,control,0,0.0,2,60.074,85.604,5.0,7.0,770.0
6a0e187111ce3e71bd295b5f,2,fruits_v2,QF_V2_01,repeat_short,0,0.0,1,67.823,88.991,3.0,5.0,770.0
6a0e187111ce3e71bd295b5f,2,fruits_v2,QF_V2_02,repeat_short,1,1.0,1,67.823,88.991,3.0,5.0,770.0
6a0e187111ce3e71bd295b5f,2,fruits_v2,QF_V2_03,repeat_short,0,0.0,1,67.823,88.991,3.0,5.0,770.0
6a0e187111ce3e71bd295b5f,2,fruits_v2,QF_V2_04,repeat_short,1,1.0,1,67.823,88.991,3.0,5.0,770.0
6a0e187111ce3e71bd295b5f,2,fruits_v2,QF_V2_05,repeat_short,0,0.0,1,67.823,88.991,3.0,5.0,770.0
6a0e187111ce3e71bd295b5f,2,astronomy,QA01,distractor,0,0.6666666666666666,4,94.733,80.717,8.0,10.0,770.0
6a0e187111ce3e71bd295b5f,2,astronomy,QA02,distractor,1,1.0,4,94.733,80.717,8.0,10.0,770.0
6a0e187111ce3e71bd295b5f,2,astronomy,QA03,distractor,1,1.0,4,94.733,80.717,8.0,10.0,770.0
6a0e187111ce3e71bd295b5f,2,astronomy,QA04,distractor,1,1.0,4,94.733,80.717,8.0,10.0,770.0
6a0e187111ce3e71bd295b5f,2,astronomy,QA05,distractor,0,0.0,4,94.733,80.717,8.0,10.0,770.0
6a0e187111ce3e71bd295b5f,2,fabrics,QFB01,repeat_long,1,1.0,3,69.879,68.512,5.0,5.0,770.0
6a0e187111ce3e71bd295b5f,2,fabrics,QFB02,repeat_long,1,1.0,3,69.879,68.512,5.0,5.0,770.0
6a0e187111ce3e71bd295b5f,2,fabrics,QFB03,repeat_long,1,1.0,3,69.879,68.512,5.0,5.0,770.0
6a0e187111ce3e71bd295b5f,2,fabrics,QFB04,repeat_long,1,1.0,3,69.879,68.512,5.0,5.0,770.0
6a0e187111ce3e71bd295b5f,2,fabrics,QFB05,repeat_long,1,1.0,3,69.879,68.512,5.0,5.0,770.0
6272bd000471b3d9ed5d4da5,4,martial_arts,QMA01,control,0,0.0,2,63.427,50.228,8.0,7.0,827.0
6272bd000471b3d9ed5d4da5,4,martial_arts,QMA02,control,0,0.5,2,63.427,50.228,8.0,7.0,827.0
6272bd000471b3d9ed5d4da5,4,martial_arts,QMA03,control,0,0.0,2,63.427,50.228,8.0,7.0,827.0
6272bd000471b3d9ed5d4da5,4,martial_arts,QMA04,control,0,0.0,2,63.427,50.228,8.0,7.0,827.0
6272bd000471b3d9ed5d4da5,4,martial_arts,QMA05,control,0,0.5,2,63.427,50.228,8.0,7.0,827.0
6272bd000471b3d9ed5d4da5,4,fruits_v2,QF_V2_01,repeat_long,0,0.5,4,86.968,100.412,5.0,5.0,827.0
6272bd000471b3d9ed5d4da5,4,fruits_v2,QF_V2_02,repeat_long,0,0.0,4,86.968,100.412,5.0,5.0,827.0
6272bd000471b3d9ed5d4da5,4,fruits_v2,QF_V2_03,repeat_long,0,0.0,4,86.968,100.412,5.0,5.0,827.0
6272bd000471b3d9ed5d4da5,4,fruits_v2,QF_V2_04,repeat_long,1,1.0,4,86.968,100.412,5.0,5.0,827.0
6272bd000471b3d9ed5d4da5,4,fruits_v2,QF_V2_05,repeat_long,0,0.0,4,86.968,100.412,5.0,5.0,827.0
6272bd000471b3d9ed5d4da5,4,astronomy,QA01,distractor,0,0.6666666666666666,3,91.957,65.653,8.0,6.0,827.0
6272bd000471b3d9ed5d4da5,4,astronomy,QA02,distractor,1,1.0,3,91.957,65.653,8.0,6.0,827.0
6272bd000471b3d9ed5d4da5,4,astronomy,QA03,distractor,1,1.0,3,91.957,65.653,8.0,6.0,827.0
6272bd000471b3d9ed5d4da5,4,astronomy,QA04,distractor,0,0.0,3,91.957,65.653,8.0,6.0,827.0
6272bd000471b3d9ed5d4da5,4,astronomy,QA05,distractor,0,0.0,3,91.957,65.653,8.0,6.0,827.0
6272bd000471b3d9ed5d4da5,4,fabrics,QFB01,repeat_short,0,0.5,1,57.366,43.701,6.0,5.0,827.0
6272bd000471b3d9ed5d4da5,4,fabrics,QFB02,repeat_short,0,0.5,1,57.366,43.701,6.0,5.0,827.0
6272bd000471b3d9ed5d4da5,4,fabrics,QFB03,repeat_short,1,1.0,1,57.366,43.701,6.0,5.0,827.0
6272bd000471b3d9ed5d4da5,4,fabrics,QFB04,repeat_short,0,0.0,1,57.366,43.701,6.0,5.0,827.0
6272bd000471b3d9ed5d4da5,4,fabrics,QFB05,repeat_short,0,0.5,1,57.366,43.701,6.0,5.0,827.0
660db7a0e45001b3e976309e,15,martial_arts,QMA01,repeat_long,0,0.5,4,152.684,33.781,8.0,9.0,650.0
660db7a0e45001b3e976309e,15,martial_arts,QMA02,repeat_long,0,0.5,4,152.684,33.781,8.0,9.0,650.0
660db7a0e45001b3e976309e,15,martial_arts,QMA03,repeat_long,0,0.5,4,152.684,33.781,8.0,9.0,650.0
660db7a0e45001b3e976309e,15,martial_arts,QMA04,repeat_long,1,1.0,4,152.684,33.781,8.0,9.0,650.0
660db7a0e45001b3e976309e,15,martial_arts,QMA05,repeat_long,0,0.0,4,152.684,33.781,8.0,9.0,650.0
660db7a0e45001b3e976309e,15,fabrics,QFB01,distractor,0,0.0,2,73.51,51.573,9.0,10.0,650.0
660db7a0e45001b3e976309e,15,fabrics,QFB02,distractor,0,0.5,2,73.51,51.573,9.0,10.0,650.0
660db7a0e45001b3e976309e,15,fabrics,QFB03,distractor,1,1.0,2,73.51,51.573,9.0,10.0,650.0
660db7a0e45001b3e976309e,15,fabrics,QFB04,distractor,0,0.0,2,73.51,51.573,9.0,10.0,650.0
660db7a0e45001b3e976309e,15,fabrics,QFB05,distractor,0,0.0,2,73.51,51.573,9.0,10.0,650.0
67265982eb0c3fc495c6e33a,4,martial_arts,QMA01,control,0,0.5,2,61.901,27.293,9.0,5.0,580.0
67265982eb0c3fc495c6e33a,4,martial_arts,QMA02,control,0,0.5,2,61.901,27.293,9.0,5.0,580.0
67265982eb0c3fc495c6e33a,4,martial_arts,QMA03,control,0,0.5,2,61.901,27.293,9.0,5.0,580.0
67265982eb0c3fc495c6e33a,4,martial_arts,QMA04,control,1,1.0,2,61.901,27.293,9.0,5.0,580.0
67265982eb0c3fc495c6e33a,4,martial_arts,QMA05,control,0,0.0,2,61.901,27.293,9.0,5.0,580.0
67265982eb0c3fc495c6e33a,4,fruits_v2,QF_V2_01,repeat_long,0,0.5,1,85.452,32.982,2.0,9.0,580.0
67265982eb0c3fc495c6e33a,4,fruits_v2,QF_V2_02,repeat_long,1,1.0,1,85.452,32.982,2.0,9.0,580.0
67265982eb0c3fc495c6e33a,4,fruits_v2,QF_V2_03,repeat_long,1,1.0,1,85.452,32.982,2.0,9.0,580.0
67265982eb0c3fc495c6e33a,4,fruits_v2,QF_V2_04,repeat_long,1,1.0,1,85.452,32.982,2.0,9.0,580.0
67265982eb0c3fc495c6e33a,4,fruits_v2,QF_V2_05,repeat_long,0,0.0,1,85.452,32.982,2.0,9.0,580.0
67265982eb0c3fc495c6e33a,4,astronomy,QA01,distractor,0,0.3333333333333333,3,98.713,40.769,8.0,9.0,580.0
67265982eb0c3fc495c6e33a,4,astronomy,QA02,distractor,0,0.5,3,98.713,40.769,8.0,9.0,580.0
67265982eb0c3fc495c6e33a,4,astronomy,QA03,distractor,1,1.0,3,98.713,40.769,8.0,9.0,580.0
67265982eb0c3fc495c6e33a,4,astronomy,QA04,distractor,0,0.0,3,98.713,40.769,8.0,9.0,580.0
67265982eb0c3fc495c6e33a,4,astronomy,QA05,distractor,0,0.0,3,98.713,40.769,8.0,9.0,580.0
67265982eb0c3fc495c6e33a,4,fabrics,QFB01,repeat_short,0,0.5,4,57.144,40.193,3.0,7.0,580.0
67265982eb0c3fc495c6e33a,4,fabrics,QFB02,repeat_short,0,0.0,4,57.144,40.193,3.0,7.0,580.0
67265982eb0c3fc495c6e33a,4,fabrics,QFB03,repeat_short,1,1.0,4,57.144,40.193,3.0,7.0,580.0
67265982eb0c3fc495c6e33a,4,fabrics,QFB04,repeat_short,0,0.0,4,57.144,40.193,3.0,7.0,580.0
67265982eb0c3fc495c6e33a,4,fabrics,QFB05,repeat_short,0,0.5,4,57.144,40.193,3.0,7.0,580.0
5dd663c3cf8e7e5efc123950,20,martial_arts,QMA01,distractor,1,1.0,1,79.284,58.887,7.0,8.0,913.0
5dd663c3cf8e7e5efc123950,20,martial_arts,QMA02,distractor,0,0.5,1,79.284,58.887,7.0,8.0,913.0
5dd663c3cf8e7e5efc123950,20,martial_arts,QMA03,distractor,0,0.5,1,79.284,58.887,7.0,8.0,913.0
5dd663c3cf8e7e5efc123950,20,martial_arts,QMA04,distractor,0,0.0,1,79.284,58.887,7.0,8.0,913.0
5dd663c3cf8e7e5efc123950,20,martial_arts,QMA05,distractor,0,0.5,1,79.284,58.887,7.0,8.0,913.0
5dd663c3cf8e7e5efc123950,20,fruits_v2,QF_V2_01,control,1,1.0,3,50.783,64.439,4.0,4.0,913.0
5dd663c3cf8e7e5efc123950,20,fruits_v2,QF_V2_02,control,0,0.5,3,50.783,64.439,4.0,4.0,913.0
5dd663c3cf8e7e5efc123950,20,fruits_v2,QF_V2_03,control,0,0.0,3,50.783,64.439,4.0,4.0,913.0
5dd663c3cf8e7e5efc123950,20,fruits_v2,QF_V2_04,control,1,1.0,3,50.783,64.439,4.0,4.0,913.0
5dd663c3cf8e7e5efc123950,20,fruits_v2,QF_V2_05,control,1,1.0,3,50.783,64.439,4.0,4.0,913.0
5dd663c3cf8e7e5efc123950,20,astronomy,QA01,repeat_long,0,0.6666666666666666,4,81.34,52.992,6.0,7.0,913.0
5dd663c3cf8e7e5efc123950,20,astronomy,QA02,repeat_long,0,0.5,4,81.34,52.992,6.0,7.0,913.0
5dd663c3cf8e7e5efc123950,20,astronomy,QA03,repeat_long,1,1.0,4,81.34,52.992,6.0,7.0,913.0
5dd663c3cf8e7e5efc123950,20,astronomy,QA04,repeat_long,1,1.0,4,81.34,52.992,6.0,7.0,913.0
5dd663c3cf8e7e5efc123950,20,astronomy,QA05,repeat_long,0,0.0,4,81.34,52.992,6.0,7.0,913.0
5dd663c3cf8e7e5efc123950,20,fabrics,QFB01,repeat_short,1,1.0,2,58.397,73.731,5.0,5.0,913.0
5dd663c3cf8e7e5efc123950,20,fabrics,QFB02,repeat_short,0,0.5,2,58.397,73.731,5.0,5.0,913.0
5dd663c3cf8e7e5efc123950,20,fabrics,QFB03,repeat_short,1,1.0,2,58.397,73.731,5.0,5.0,913.0
5dd663c3cf8e7e5efc123950,20,fabrics,QFB04,repeat_short,1,1.0,2,58.397,73.731,5.0,5.0,913.0
5dd663c3cf8e7e5efc123950,20,fabrics,QFB05,repeat_short,1,1.0,2,58.397,73.731,5.0,5.0,913.0
669b46825041be036247d1a2,23,martial_arts,QMA01,distractor,0,0.0,2,80.946,50.248,7.0,7.0,918.0
669b46825041be036247d1a2,23,martial_arts,QMA02,distractor,0,0.5,2,80.946,50.248,7.0,7.0,918.0
669b46825041be036247d1a2,23,martial_arts,QMA03,distractor,0,0.0,2,80.946,50.248,7.0,7.0,918.0
669b46825041be036247d1a2,23,martial_arts,QMA04,distractor,0,0.0,2,80.946,50.248,7.0,7.0,918.0
669b46825041be036247d1a2,23,martial_arts,QMA05,distractor,0,0.0,2,80.946,50.248,7.0,7.0,918.0
669b46825041be036247d1a2,23,fruits_v2,QF_V2_01,repeat_long,0,0.0,1,105.375,55.169,6.0,7.0,918.0
669b46825041be036247d1a2,23,fruits_v2,QF_V2_02,repeat_long,1,1.0,1,105.375,55.169,6.0,7.0,918.0
669b46825041be036247d1a2,23,fruits_v2,QF_V2_03,repeat_long,1,1.0,1,105.375,55.169,6.0,7.0,918.0
669b46825041be036247d1a2,23,fruits_v2,QF_V2_04,repeat_long,0,0.0,1,105.375,55.169,6.0,7.0,918.0
669b46825041be036247d1a2,23,fruits_v2,QF_V2_05,repeat_long,0,0.0,1,105.375,55.169,6.0,7.0,918.0
669b46825041be036247d1a2,23,astronomy,QA01,control,0,0.6666666666666666,4,58.144,40.551,7.0,7.0,918.0
669b46825041be036247d1a2,23,astronomy,QA02,control,0,0.0,4,58.144,40.551,7.0,7.0,918.0
669b46825041be036247d1a2,23,astronomy,QA03,control,0,0.5,4,58.144,40.551,7.0,7.0,918.0
669b46825041be036247d1a2,23,astronomy,QA04,control,1,1.0,4,58.144,40.551,7.0,7.0,918.0
669b46825041be036247d1a2,23,astronomy,QA05,control,0,0.0,4,58.144,40.551,7.0,7.0,918.0
669b46825041be036247d1a2,23,fabrics,QFB01,repeat_short,0,0.5,3,74.265,52.42,7.0,7.0,918.0
669b46825041be036247d1a2,23,fabrics,QFB02,repeat_short,0,0.5,3,74.265,52.42,7.0,7.0,918.0
669b46825041be036247d1a2,23,fabrics,QFB03,repeat_short,0,0.0,3,74.265,52.42,7.0,7.0,918.0
669b46825041be036247d1a2,23,fabrics,QFB04,repeat_short,0,0.0,3,74.265,52.42,7.0,7.0,918.0
669b46825041be036247d1a2,23,fabrics,QFB05,repeat_short,0,0.0,3,74.265,52.42,7.0,7.0,918.0
69d000db62c6df44beadd5bd,3,martial_arts,QMA01,control,1,1.0,3,60.224,128.298,8.0,8.0,909.0
69d000db62c6df44beadd5bd,3,martial_arts,QMA02,control,0,0.5,3,60.224,128.298,8.0,8.0,909.0
69d000db62c6df44beadd5bd,3,martial_arts,QMA03,control,0,0.0,3,60.224,128.298,8.0,8.0,909.0
69d000db62c6df44beadd5bd,3,martial_arts,QMA04,control,1,1.0,3,60.224,128.298,8.0,8.0,909.0
69d000db62c6df44beadd5bd,3,martial_arts,QMA05,control,0,0.5,3,60.224,128.298,8.0,8.0,909.0
69d000db62c6df44beadd5bd,3,fruits_v2,QF_V2_01,repeat_long,1,1.0,1,87.484,82.754,4.0,4.0,909.0
69d000db62c6df44beadd5bd,3,fruits_v2,QF_V2_02,repeat_long,1,1.0,1,87.484,82.754,4.0,4.0,909.0
69d000db62c6df44beadd5bd,3,fruits_v2,QF_V2_03,repeat_long,1,1.0,1,87.484,82.754,4.0,4.0,909.0
69d000db62c6df44beadd5bd,3,fruits_v2,QF_V2_04,repeat_long,1,1.0,1,87.484,82.754,4.0,4.0,909.0
69d000db62c6df44beadd5bd,3,fruits_v2,QF_V2_05,repeat_long,1,1.0,1,87.484,82.754,4.0,4.0,909.0
69d000db62c6df44beadd5bd,3,astronomy,QA01,repeat_short,0,0.6666666666666666,2,57.957,84.707,6.0,7.0,909.0
69d000db62c6df44beadd5bd,3,astronomy,QA02,repeat_short,0,0.5,2,57.957,84.707,6.0,7.0,909.0
69d000db62c6df44beadd5bd,3,astronomy,QA03,repeat_short,1,1.0,2,57.957,84.707,6.0,7.0,909.0
69d000db62c6df44beadd5bd,3,astronomy,QA04,repeat_short,1,1.0,2,57.957,84.707,6.0,7.0,909.0
69d000db62c6df44beadd5bd,3,astronomy,QA05,repeat_short,1,1.0,2,57.957,84.707,6.0,7.0,909.0
5dd48b3a4b5dd44805f0cd60,11,martial_arts,QMA01,repeat_short,0,0.5,2,65.483,79.274,4.0,4.0,820.0
5dd48b3a4b5dd44805f0cd60,11,martial_arts,QMA02,repeat_short,1,1.0,2,65.483,79.274,4.0,4.0,820.0
5dd48b3a4b5dd44805f0cd60,11,martial_arts,QMA03,repeat_short,0,0.0,2,65.483,79.274,4.0,4.0,820.0
5dd48b3a4b5dd44805f0cd60,11,martial_arts,QMA04,repeat_short,1,1.0,2,65.483,79.274,4.0,4.0,820.0
5dd48b3a4b5dd44805f0cd60,11,martial_arts,QMA05,repeat_short,0,0.5,2,65.483,79.274,4.0,4.0,820.0
5dd48b3a4b5dd44805f0cd60,11,fruits_v2,QF_V2_01,distractor,1,1.0,3,86.162,89.216,8.0,8.0,820.0
5dd48b3a4b5dd44805f0cd60,11,fruits_v2,QF_V2_02,distractor,1,1.0,3,86.162,89.216,8.0,8.0,820.0
5dd48b3a4b5dd44805f0cd60,11,fruits_v2,QF_V2_03,distractor,0,0.0,3,86.162,89.216,8.0,8.0,820.0
5dd48b3a4b5dd44805f0cd60,11,fruits_v2,QF_V2_04,distractor,1,1.0,3,86.162,89.216,8.0,8.0,820.0
5dd48b3a4b5dd44805f0cd60,11,fruits_v2,QF_V2_05,distractor,0,0.0,3,86.162,89.216,8.0,8.0,820.0
5dd48b3a4b5dd44805f0cd60,11,astronomy,QA01,control,0,0.3333333333333333,4,58.427,59.676,10.0,10.0,820.0
5dd48b3a4b5dd44805f0cd60,11,astronomy,QA02,control,0,0.5,4,58.427,59.676,10.0,10.0,820.0
5dd48b3a4b5dd44805f0cd60,11,astronomy,QA03,control,0,0.5,4,58.427,59.676,10.0,10.0,820.0
5dd48b3a4b5dd44805f0cd60,11,astronomy,QA04,control,0,0.0,4,58.427,59.676,10.0,10.0,820.0
5dd48b3a4b5dd44805f0cd60,11,astronomy,QA05,control,0,0.0,4,58.427,59.676,10.0,10.0,820.0
58c38ef58158840001b5c230,18,martial_arts,QMA01,repeat_long,1,1.0,1,90.343,37.824,6.0,7.0,545.0
58c38ef58158840001b5c230,18,martial_arts,QMA02,repeat_long,0,0.5,1,90.343,37.824,6.0,7.0,545.0
58c38ef58158840001b5c230,18,martial_arts,QMA03,repeat_long,0,0.0,1,90.343,37.824,6.0,7.0,545.0
58c38ef58158840001b5c230,18,martial_arts,QMA04,repeat_long,1,1.0,1,90.343,37.824,6.0,7.0,545.0
58c38ef58158840001b5c230,18,martial_arts,QMA05,repeat_long,0,0.0,1,90.343,37.824,6.0,7.0,545.0
58c38ef58158840001b5c230,18,fruits_v2,QF_V2_01,distractor,0,0.0,2,97.587,36.672,8.0,8.0,545.0
58c38ef58158840001b5c230,18,fruits_v2,QF_V2_02,distractor,0,0.0,2,97.587,36.672,8.0,8.0,545.0
58c38ef58158840001b5c230,18,fruits_v2,QF_V2_03,distractor,0,0.0,2,97.587,36.672,8.0,8.0,545.0
58c38ef58158840001b5c230,18,fruits_v2,QF_V2_04,distractor,0,0.0,2,97.587,36.672,8.0,8.0,545.0
58c38ef58158840001b5c230,18,fruits_v2,QF_V2_05,distractor,0,0.0,2,97.587,36.672,8.0,8.0,545.0
58c38ef58158840001b5c230,18,astronomy,QA01,repeat_short,1,1.0,3,56.704,45.493,7.0,7.0,545.0
58c38ef58158840001b5c230,18,astronomy,QA02,repeat_short,1,1.0,3,56.704,45.493,7.0,7.0,545.0
58c38ef58158840001b5c230,18,astronomy,QA03,repeat_short,0,0.0,3,56.704,45.493,7.0,7.0,545.0
58c38ef58158840001b5c230,18,astronomy,QA04,repeat_short,0,0.0,3,56.704,45.493,7.0,7.0,545.0
58c38ef58158840001b5c230,18,astronomy,QA05,repeat_short,0,0.0,3,56.704,45.493,7.0,7.0,545.0
58c38ef58158840001b5c230,18,fabrics,QFB01,control,0,0.0,4,48.761,22.009,6.0,6.0,545.0
58c38ef58158840001b5c230,18,fabrics,QFB02,control,0,0.0,4,48.761,22.009,6.0,6.0,545.0
58c38ef58158840001b5c230,18,fabrics,QFB03,control,0,0.0,4,48.761,22.009,6.0,6.0,545.0
58c38ef58158840001b5c230,18,fabrics,QFB04,control,0,0.0,4,48.761,22.009,6.0,6.0,545.0
58c38ef58158840001b5c230,18,fabrics,QFB05,control,0,0.0,4,48.761,22.009,6.0,6.0,545.0
667dff584b72be8e8cf6b196,9,martial_arts,QMA01,repeat_short,1,1.0,1,65.442,56.354,3.0,2.0,1017.0
667dff584b72be8e8cf6b196,9,martial_arts,QMA02,repeat_short,1,1.0,1,65.442,56.354,3.0,2.0,1017.0
667dff584b72be8e8cf6b196,9,martial_arts,QMA03,repeat_short,1,1.0,1,65.442,56.354,3.0,2.0,1017.0
667dff584b72be8e8cf6b196,9,martial_arts,QMA04,repeat_short,1,1.0,1,65.442,56.354,3.0,2.0,1017.0
667dff584b72be8e8cf6b196,9,martial_arts,QMA05,repeat_short,1,1.0,1,65.442,56.354,3.0,2.0,1017.0
667dff584b72be8e8cf6b196,9,fruits_v2,QF_V2_01,repeat_long,0,0.0,4,86.084,79.256,6.0,5.0,1017.0
667dff584b72be8e8cf6b196,9,fruits_v2,QF_V2_02,repeat_long,0,0.5,4,86.084,79.256,6.0,5.0,1017.0
667dff584b72be8e8cf6b196,9,fruits_v2,QF_V2_03,repeat_long,1,1.0,4,86.084,79.256,6.0,5.0,1017.0
667dff584b72be8e8cf6b196,9,fruits_v2,QF_V2_04,repeat_long,0,0.0,4,86.084,79.256,6.0,5.0,1017.0
667dff584b72be8e8cf6b196,9,fruits_v2,QF_V2_05,repeat_long,1,1.0,4,86.084,79.256,6.0,5.0,1017.0
667dff584b72be8e8cf6b196,9,astronomy,QA01,control,0,0.3333333333333333,3,53.912,44.352,7.0,6.0,1017.0
667dff584b72be8e8cf6b196,9,astronomy,QA02,control,1,1.0,3,53.912,44.352,7.0,6.0,1017.0
667dff584b72be8e8cf6b196,9,astronomy,QA03,control,1,1.0,3,53.912,44.352,7.0,6.0,1017.0
667dff584b72be8e8cf6b196,9,astronomy,QA04,control,1,1.0,3,53.912,44.352,7.0,6.0,1017.0
667dff584b72be8e8cf6b196,9,astronomy,QA05,control,0,0.0,3,53.912,44.352,7.0,6.0,1017.0
5bc731d935b90f0001431bde,5,martial_arts,QMA01,control,0,0.0,4,62.837,99.984,7.0,7.0,1064.0
5bc731d935b90f0001431bde,5,martial_arts,QMA02,control,0,0.5,4,62.837,99.984,7.0,7.0,1064.0
5bc731d935b90f0001431bde,5,martial_arts,QMA03,control,0,0.5,4,62.837,99.984,7.0,7.0,1064.0
5bc731d935b90f0001431bde,5,martial_arts,QMA04,control,1,1.0,4,62.837,99.984,7.0,7.0,1064.0
5bc731d935b90f0001431bde,5,martial_arts,QMA05,control,0,0.5,4,62.837,99.984,7.0,7.0,1064.0
5bc731d935b90f0001431bde,5,fruits_v2,QF_V2_01,distractor,0,0.5,2,86.63,95.023,10.0,10.0,1064.0
5bc731d935b90f0001431bde,5,fruits_v2,QF_V2_02,distractor,0,0.5,2,86.63,95.023,10.0,10.0,1064.0
5bc731d935b90f0001431bde,5,fruits_v2,QF_V2_03,distractor,0,0.0,2,86.63,95.023,10.0,10.0,1064.0
5bc731d935b90f0001431bde,5,fruits_v2,QF_V2_04,distractor,0,0.0,2,86.63,95.023,10.0,10.0,1064.0
5bc731d935b90f0001431bde,5,fruits_v2,QF_V2_05,distractor,0,0.0,2,86.63,95.023,10.0,10.0,1064.0
5bc731d935b90f0001431bde,5,astronomy,QA01,repeat_short,0,0.0,1,60.691,321.664,9.0,9.0,1064.0
5bc731d935b90f0001431bde,5,astronomy,QA02,repeat_short,0,0.5,1,60.691,321.664,9.0,9.0,1064.0
5bc731d935b90f0001431bde,5,astronomy,QA03,repeat_short,0,0.5,1,60.691,321.664,9.0,9.0,1064.0
5bc731d935b90f0001431bde,5,astronomy,QA04,repeat_short,1,1.0,1,60.691,321.664,9.0,9.0,1064.0
5bc731d935b90f0001431bde,5,astronomy,QA05,repeat_short,0,0.0,1,60.691,321.664,9.0,9.0,1064.0
5bc731d935b90f0001431bde,5,fabrics,QFB01,repeat_long,0,0.5,3,72.34,98.001,7.0,7.0,1064.0
5bc731d935b90f0001431bde,5,fabrics,QFB02,repeat_long,1,1.0,3,72.34,98.001,7.0,7.0,1064.0
5bc731d935b90f0001431bde,5,fabrics,QFB03,repeat_long,1,1.0,3,72.34,98.001,7.0,7.0,1064.0
5bc731d935b90f0001431bde,5,fabrics,QFB04,repeat_long,0,0.0,3,72.34,98.001,7.0,7.0,1064.0
5bc731d935b90f0001431bde,5,fabrics,QFB05,repeat_long,1,1.0,3,72.34,98.001,7.0,7.0,1064.0
628f827eeb876ed2617881e7,15,martial_arts,QMA01,repeat_long,0,0.5,3,97.349,120.929,9.0,9.0,1147.0
628f827eeb876ed2617881e7,15,martial_arts,QMA02,repeat_long,1,1.0,3,97.349,120.929,9.0,9.0,1147.0
628f827eeb876ed2617881e7,15,martial_arts,QMA03,repeat_long,1,1.0,3,97.349,120.929,9.0,9.0,1147.0
628f827eeb876ed2617881e7,15,martial_arts,QMA04,repeat_long,0,0.0,3,97.349,120.929,9.0,9.0,1147.0
628f827eeb876ed2617881e7,15,martial_arts,QMA05,repeat_long,1,1.0,3,97.349,120.929,9.0,9.0,1147.0
628f827eeb876ed2617881e7,15,fruits_v2,QF_V2_01,repeat_short,1,1.0,2,85.528,201.185,6.0,7.0,1147.0
628f827eeb876ed2617881e7,15,fruits_v2,QF_V2_02,repeat_short,1,1.0,2,85.528,201.185,6.0,7.0,1147.0
628f827eeb876ed2617881e7,15,fruits_v2,QF_V2_03,repeat_short,1,1.0,2,85.528,201.185,6.0,7.0,1147.0
628f827eeb876ed2617881e7,15,fruits_v2,QF_V2_04,repeat_short,1,1.0,2,85.528,201.185,6.0,7.0,1147.0
628f827eeb876ed2617881e7,15,fruits_v2,QF_V2_05,repeat_short,1,1.0,2,85.528,201.185,6.0,7.0,1147.0
628f827eeb876ed2617881e7,15,astronomy,QA01,control,1,1.0,1,79.098,134.411,3.0,5.0,1147.0
628f827eeb876ed2617881e7,15,astronomy,QA02,control,1,1.0,1,79.098,134.411,3.0,5.0,1147.0
628f827eeb876ed2617881e7,15,astronomy,QA03,control,1,1.0,1,79.098,134.411,3.0,5.0,1147.0
628f827eeb876ed2617881e7,15,astronomy,QA04,control,0,0.0,1,79.098,134.411,3.0,5.0,1147.0
628f827eeb876ed2617881e7,15,astronomy,QA05,control,0,0.0,1,79.098,134.411,3.0,5.0,1147.0
655f8ed110c1375ed1b41d08,13,martial_arts,QMA01,repeat_long,0,0.5,2,92.84,140.655,4.0,5.0,1339.0
655f8ed110c1375ed1b41d08,13,martial_arts,QMA02,repeat_long,1,1.0,2,92.84,140.655,4.0,5.0,1339.0
655f8ed110c1375ed1b41d08,13,martial_arts,QMA03,repeat_long,0,0.5,2,92.84,140.655,4.0,5.0,1339.0
655f8ed110c1375ed1b41d08,13,martial_arts,QMA04,repeat_long,1,1.0,2,92.84,140.655,4.0,5.0,1339.0
655f8ed110c1375ed1b41d08,13,martial_arts,QMA05,repeat_long,0,0.5,2,92.84,140.655,4.0,5.0,1339.0
655f8ed110c1375ed1b41d08,13,fruits_v2,QF_V2_01,control,0,0.5,1,52.513,81.199,8.0,8.0,1339.0
655f8ed110c1375ed1b41d08,13,fruits_v2,QF_V2_02,control,0,0.0,1,52.513,81.199,8.0,8.0,1339.0
655f8ed110c1375ed1b41d08,13,fruits_v2,QF_V2_03,control,0,0.0,1,52.513,81.199,8.0,8.0,1339.0
655f8ed110c1375ed1b41d08,13,fruits_v2,QF_V2_04,control,1,1.0,1,52.513,81.199,8.0,8.0,1339.0
655f8ed110c1375ed1b41d08,13,fruits_v2,QF_V2_05,control,1,1.0,1,52.513,81.199,8.0,8.0,1339.0
655f8ed110c1375ed1b41d08,13,astronomy,QA01,repeat_short,1,1.0,3,59.985,128.511,4.0,4.0,1339.0
655f8ed110c1375ed1b41d08,13,astronomy,QA02,repeat_short,1,1.0,3,59.985,128.511,4.0,4.0,1339.0
655f8ed110c1375ed1b41d08,13,astronomy,QA03,repeat_short,1,1.0,3,59.985,128.511,4.0,4.0,1339.0
655f8ed110c1375ed1b41d08,13,astronomy,QA04,repeat_short,0,0.0,3,59.985,128.511,4.0,4.0,1339.0
655f8ed110c1375ed1b41d08,13,astronomy,QA05,repeat_short,0,0.0,3,59.985,128.511,4.0,4.0,1339.0
655f8ed110c1375ed1b41d08,13,fabrics,QFB01,distractor,0,0.5,4,72.261,69.003,6.0,2.0,1339.0
655f8ed110c1375ed1b41d08,13,fabrics,QFB02,distractor,1,1.0,4,72.261,69.003,6.0,2.0,1339.0
655f8ed110c1375ed1b41d08,13,fabrics,QFB03,distractor,0,0.0,4,72.261,69.003,6.0,2.0,1339.0
655f8ed110c1375ed1b41d08,13,fabrics,QFB04,distractor,1,1.0,4,72.261,69.003,6.0,2.0,1339.0
655f8ed110c1375ed1b41d08,13,fabrics,QFB05,distractor,1,1.0,4,72.261,69.003,6.0,2.0,1339.0
667a1f5e23bc5cee5bdb0a89,24,martial_arts,QMA01,distractor,0,0.0,1,77.883,172.175,8.0,8.0,1132.0
667a1f5e23bc5cee5bdb0a89,24,martial_arts,QMA02,distractor,0,0.5,1,77.883,172.175,8.0,8.0,1132.0
667a1f5e23bc5cee5bdb0a89,24,martial_arts,QMA03,distractor,0,0.0,1,77.883,172.175,8.0,8.0,1132.0
667a1f5e23bc5cee5bdb0a89,24,martial_arts,QMA04,distractor,0,0.0,1,77.883,172.175,8.0,8.0,1132.0
667a1f5e23bc5cee5bdb0a89,24,martial_arts,QMA05,distractor,0,0.0,1,77.883,172.175,8.0,8.0,1132.0
667a1f5e23bc5cee5bdb0a89,24,fruits_v2,QF_V2_01,repeat_long,1,1.0,4,86.348,111.28,6.0,6.0,1132.0
667a1f5e23bc5cee5bdb0a89,24,fruits_v2,QF_V2_02,repeat_long,0,0.5,4,86.348,111.28,6.0,6.0,1132.0
667a1f5e23bc5cee5bdb0a89,24,fruits_v2,QF_V2_03,repeat_long,0,0.0,4,86.348,111.28,6.0,6.0,1132.0
667a1f5e23bc5cee5bdb0a89,24,fruits_v2,QF_V2_04,repeat_long,1,1.0,4,86.348,111.28,6.0,6.0,1132.0
667a1f5e23bc5cee5bdb0a89,24,fruits_v2,QF_V2_05,repeat_long,1,1.0,4,86.348,111.28,6.0,6.0,1132.0
667a1f5e23bc5cee5bdb0a89,24,astronomy,QA01,repeat_short,1,1.0,3,58.295,96.634,2.0,3.0,1132.0
667a1f5e23bc5cee5bdb0a89,24,astronomy,QA02,repeat_short,0,0.5,3,58.295,96.634,2.0,3.0,1132.0
667a1f5e23bc5cee5bdb0a89,24,astronomy,QA03,repeat_short,1,1.0,3,58.295,96.634,2.0,3.0,1132.0
667a1f5e23bc5cee5bdb0a89,24,astronomy,QA04,repeat_short,1,1.0,3,58.295,96.634,2.0,3.0,1132.0
667a1f5e23bc5cee5bdb0a89,24,astronomy,QA05,repeat_short,1,1.0,3,58.295,96.634,2.0,3.0,1132.0
667a1f5e23bc5cee5bdb0a89,24,fabrics,QFB01,control,1,1.0,2,47.789,89.214,4.0,1.0,1132.0
667a1f5e23bc5cee5bdb0a89,24,fabrics,QFB02,control,1,1.0,2,47.789,89.214,4.0,1.0,1132.0
667a1f5e23bc5cee5bdb0a89,24,fabrics,QFB03,control,1,1.0,2,47.789,89.214,4.0,1.0,1132.0
667a1f5e23bc5cee5bdb0a89,24,fabrics,QFB04,control,1,1.0,2,47.789,89.214,4.0,1.0,1132.0
667a1f5e23bc5cee5bdb0a89,24,fabrics,QFB05,control,1,1.0,2,47.789,89.214,4.0,1.0,1132.0
69ebb894f8655d8b98d1b469,8,martial_arts,QMA01,repeat_short,1,1.0,4,68.585,85.713,5.0,6.0,995.0
69ebb894f8655d8b98d1b469,8,martial_arts,QMA02,repeat_short,1,1.0,4,68.585,85.713,5.0,6.0,995.0
69ebb894f8655d8b98d1b469,8,martial_arts,QMA03,repeat_short,1,1.0,4,68.585,85.713,5.0,6.0,995.0
69ebb894f8655d8b98d1b469,8,martial_arts,QMA04,repeat_short,1,1.0,4,68.585,85.713,5.0,6.0,995.0
69ebb894f8655d8b98d1b469,8,martial_arts,QMA05,repeat_short,1,1.0,4,68.585,85.713,5.0,6.0,995.0
69ebb894f8655d8b98d1b469,8,fruits_v2,QF_V2_01,control,0,0.5,3,56.679,132.458,10.0,10.0,995.0
69ebb894f8655d8b98d1b469,8,fruits_v2,QF_V2_02,control,0,0.5,3,56.679,132.458,10.0,10.0,995.0
69ebb894f8655d8b98d1b469,8,fruits_v2,QF_V2_03,control,0,0.0,3,56.679,132.458,10.0,10.0,995.0
69ebb894f8655d8b98d1b469,8,fruits_v2,QF_V2_04,control,0,0.0,3,56.679,132.458,10.0,10.0,995.0
69ebb894f8655d8b98d1b469,8,fruits_v2,QF_V2_05,control,1,1.0,3,56.679,132.458,10.0,10.0,995.0
69ebb894f8655d8b98d1b469,8,astronomy,QA01,distractor,0,0.6666666666666666,2,103.787,196.577,8.0,9.0,995.0
69ebb894f8655d8b98d1b469,8,astronomy,QA02,distractor,0,0.5,2,103.787,196.577,8.0,9.0,995.0
69ebb894f8655d8b98d1b469,8,astronomy,QA03,distractor,1,1.0,2,103.787,196.577,8.0,9.0,995.0
69ebb894f8655d8b98d1b469,8,astronomy,QA04,distractor,1,1.0,2,103.787,196.577,8.0,9.0,995.0
69ebb894f8655d8b98d1b469,8,astronomy,QA05,distractor,1,1.0,2,103.787,196.577,8.0,9.0,995.0
69ebb894f8655d8b98d1b469,8,fabrics,QFB01,repeat_long,1,1.0,1,77.337,86.919,1.0,2.0,995.0
69ebb894f8655d8b98d1b469,8,fabrics,QFB02,repeat_long,0,0.5,1,77.337,86.919,1.0,2.0,995.0
69ebb894f8655d8b98d1b469,8,fabrics,QFB03,repeat_long,1,1.0,1,77.337,86.919,1.0,2.0,995.0
69ebb894f8655d8b98d1b469,8,fabrics,QFB04,repeat_long,1,1.0,1,77.337,86.919,1.0,2.0,995.0
69ebb894f8655d8b98d1b469,8,fabrics,QFB05,repeat_long,1,1.0,1,77.337,86.919,1.0,2.0,995.0
6978f830fc106ce5cef1da5f,21,martial_arts,QMA01,distractor,0,0.5,1,76.175,72.96,7.0,9.0,607.0
6978f830fc106ce5cef1da5f,21,martial_arts,QMA02,distractor,1,1.0,1,76.175,72.96,7.0,9.0,607.0
6978f830fc106ce5cef1da5f,21,martial_arts,QMA03,distractor,0,0.0,1,76.175,72.96,7.0,9.0,607.0
6978f830fc106ce5cef1da5f,21,martial_arts,QMA04,distractor,1,1.0,1,76.175,72.96,7.0,9.0,607.0
6978f830fc106ce5cef1da5f,21,martial_arts,QMA05,distractor,0,0.5,1,76.175,72.96,7.0,9.0,607.0
6978f830fc106ce5cef1da5f,21,fruits_v2,QF_V2_01,repeat_short,1,1.0,3,60.227,69.25,9.0,9.0,607.0
6978f830fc106ce5cef1da5f,21,fruits_v2,QF_V2_02,repeat_short,0,0.5,3,60.227,69.25,9.0,9.0,607.0
6978f830fc106ce5cef1da5f,21,fruits_v2,QF_V2_03,repeat_short,1,1.0,3,60.227,69.25,9.0,9.0,607.0
6978f830fc106ce5cef1da5f,21,fruits_v2,QF_V2_04,repeat_short,0,0.0,3,60.227,69.25,9.0,9.0,607.0
6978f830fc106ce5cef1da5f,21,fruits_v2,QF_V2_05,repeat_short,0,0.0,3,60.227,69.25,9.0,9.0,607.0
6978f830fc106ce5cef1da5f,21,astronomy,QA01,control,0,0.6666666666666666,4,53.199,47.062,10.0,10.0,607.0
6978f830fc106ce5cef1da5f,21,astronomy,QA02,control,0,0.0,4,53.199,47.062,10.0,10.0,607.0
6978f830fc106ce5cef1da5f,21,astronomy,QA03,control,0,0.5,4,53.199,47.062,10.0,10.0,607.0
6978f830fc106ce5cef1da5f,21,astronomy,QA04,control,0,0.0,4,53.199,47.062,10.0,10.0,607.0
6978f830fc106ce5cef1da5f,21,astronomy,QA05,control,0,0.0,4,53.199,47.062,10.0,10.0,607.0
6978f830fc106ce5cef1da5f,21,fabrics,QFB01,repeat_long,0,0.5,2,71.529,36.511,8.0,8.0,607.0
6978f830fc106ce5cef1da5f,21,fabrics,QFB02,repeat_long,0,0.5,2,71.529,36.511,8.0,8.0,607.0
6978f830fc106ce5cef1da5f,21,fabrics,QFB03,repeat_long,0,0.0,2,71.529,36.511,8.0,8.0,607.0
6978f830fc106ce5cef1da5f,21,fabrics,QFB04,repeat_long,1,1.0,2,71.529,36.511,8.0,8.0,607.0
6978f830fc106ce5cef1da5f,21,fabrics,QFB05,repeat_long,1,1.0,2,71.529,36.511,8.0,8.0,607.0
60a6f069396cebb99ad0c6a7,14,fruits_v2,QF_V2_01,control,1,1.0,1,63.25,102.606,8.0,8.0,1024.0
60a6f069396cebb99ad0c6a7,14,fruits_v2,QF_V2_02,control,0,0.5,1,63.25,102.606,8.0,8.0,1024.0
60a6f069396cebb99ad0c6a7,14,fruits_v2,QF_V2_03,control,0,0.0,1,63.25,102.606,8.0,8.0,1024.0
60a6f069396cebb99ad0c6a7,14,fruits_v2,QF_V2_04,control,1,1.0,1,63.25,102.606,8.0,8.0,1024.0
60a6f069396cebb99ad0c6a7,14,fruits_v2,QF_V2_05,control,0,0.0,1,63.25,102.606,8.0,8.0,1024.0
60a6f069396cebb99ad0c6a7,14,astronomy,QA01,distractor,0,0.3333333333333333,4,97.242,111.361,8.0,8.0,1024.0
60a6f069396cebb99ad0c6a7,14,astronomy,QA02,distractor,0,0.5,4,97.242,111.361,8.0,8.0,1024.0
60a6f069396cebb99ad0c6a7,14,astronomy,QA03,distractor,0,0.5,4,97.242,111.361,8.0,8.0,1024.0
60a6f069396cebb99ad0c6a7,14,astronomy,QA04,distractor,0,0.0,4,97.242,111.361,8.0,8.0,1024.0
60a6f069396cebb99ad0c6a7,14,astronomy,QA05,distractor,0,0.0,4,97.242,111.361,8.0,8.0,1024.0
60a6f069396cebb99ad0c6a7,14,fabrics,QFB01,repeat_short,0,0.5,2,57.688,93.15,6.0,5.0,1024.0
60a6f069396cebb99ad0c6a7,14,fabrics,QFB02,repeat_short,0,0.5,2,57.688,93.15,6.0,5.0,1024.0
60a6f069396cebb99ad0c6a7,14,fabrics,QFB03,repeat_short,1,1.0,2,57.688,93.15,6.0,5.0,1024.0
60a6f069396cebb99ad0c6a7,14,fabrics,QFB04,repeat_short,1,1.0,2,57.688,93.15,6.0,5.0,1024.0
60a6f069396cebb99ad0c6a7,14,fabrics,QFB05,repeat_short,1,1.0,2,57.688,93.15,6.0,5.0,1024.0
60dfd857e293a99dd577f4c8,17,martial_arts,QMA01,repeat_long,0,0.5,3,93.489,121.553,4.0,6.0,844.0
60dfd857e293a99dd577f4c8,17,martial_arts,QMA02,repeat_long,0,0.5,3,93.489,121.553,4.0,6.0,844.0
60dfd857e293a99dd577f4c8,17,martial_arts,QMA03,repeat_long,1,1.0,3,93.489,121.553,4.0,6.0,844.0
60dfd857e293a99dd577f4c8,17,martial_arts,QMA04,repeat_long,1,1.0,3,93.489,121.553,4.0,6.0,844.0
60dfd857e293a99dd577f4c8,17,martial_arts,QMA05,repeat_long,0,0.5,3,93.489,121.553,4.0,6.0,844.0
60dfd857e293a99dd577f4c8,17,fruits_v2,QF_V2_01,distractor,0,0.0,4,90.342,121.22,6.0,8.0,844.0
60dfd857e293a99dd577f4c8,17,fruits_v2,QF_V2_02,distractor,0,0.5,4,90.342,121.22,6.0,8.0,844.0
60dfd857e293a99dd577f4c8,17,fruits_v2,QF_V2_03,distractor,1,1.0,4,90.342,121.22,6.0,8.0,844.0
60dfd857e293a99dd577f4c8,17,fruits_v2,QF_V2_04,distractor,1,1.0,4,90.342,121.22,6.0,8.0,844.0
60dfd857e293a99dd577f4c8,17,fruits_v2,QF_V2_05,distractor,0,0.0,4,90.342,121.22,6.0,8.0,844.0
60dfd857e293a99dd577f4c8,17,astronomy,QA01,control,0,0.3333333333333333,1,55.946,84.049,5.0,8.0,844.0
60dfd857e293a99dd577f4c8,17,astronomy,QA02,control,0,0.5,1,55.946,84.049,5.0,8.0,844.0
60dfd857e293a99dd577f4c8,17,astronomy,QA03,control,0,0.5,1,55.946,84.049,5.0,8.0,844.0
60dfd857e293a99dd577f4c8,17,astronomy,QA04,control,0,0.0,1,55.946,84.049,5.0,8.0,844.0
60dfd857e293a99dd577f4c8,17,astronomy,QA05,control,0,0.0,1,55.946,84.049,5.0,8.0,844.0
60dfd857e293a99dd577f4c8,17,fabrics,QFB01,repeat_short,0,0.5,2,56.933,94.647,3.0,4.0,844.0
60dfd857e293a99dd577f4c8,17,fabrics,QFB02,repeat_short,0,0.5,2,56.933,94.647,3.0,4.0,844.0
60dfd857e293a99dd577f4c8,17,fabrics,QFB03,repeat_short,1,1.0,2,56.933,94.647,3.0,4.0,844.0
60dfd857e293a99dd577f4c8,17,fabrics,QFB04,repeat_short,1,1.0,2,56.933,94.647,3.0,4.0,844.0
60dfd857e293a99dd577f4c8,17,fabrics,QFB05,repeat_short,1,1.0,2,56.933,94.647,3.0,4.0,844.0
69d9606c73f62e9716fead0b,8,martial_arts,QMA01,repeat_short,1,1.0,4,165.329,76.049,5.0,5.0,1072.0
69d9606c73f62e9716fead0b,8,martial_arts,QMA02,repeat_short,1,1.0,4,165.329,76.049,5.0,5.0,1072.0
69d9606c73f62e9716fead0b,8,martial_arts,QMA03,repeat_short,0,0.5,4,165.329,76.049,5.0,5.0,1072.0
69d9606c73f62e9716fead0b,8,martial_arts,QMA04,repeat_short,1,1.0,4,165.329,76.049,5.0,5.0,1072.0
69d9606c73f62e9716fead0b,8,martial_arts,QMA05,repeat_short,1,1.0,4,165.329,76.049,5.0,5.0,1072.0
69d9606c73f62e9716fead0b,8,fruits_v2,QF_V2_01,control,0,0.5,3,61.66,80.894,7.0,7.0,1072.0
69d9606c73f62e9716fead0b,8,fruits_v2,QF_V2_02,control,0,0.5,3,61.66,80.894,7.0,7.0,1072.0
69d9606c73f62e9716fead0b,8,fruits_v2,QF_V2_03,control,1,1.0,3,61.66,80.894,7.0,7.0,1072.0
69d9606c73f62e9716fead0b,8,fruits_v2,QF_V2_04,control,1,1.0,3,61.66,80.894,7.0,7.0,1072.0
69d9606c73f62e9716fead0b,8,fruits_v2,QF_V2_05,control,1,1.0,3,61.66,80.894,7.0,7.0,1072.0
69d9606c73f62e9716fead0b,8,astronomy,QA01,distractor,0,0.3333333333333333,1,93.285,113.668,8.0,6.0,1072.0
69d9606c73f62e9716fead0b,8,astronomy,QA02,distractor,1,1.0,1,93.285,113.668,8.0,6.0,1072.0
69d9606c73f62e9716fead0b,8,astronomy,QA03,distractor,0,0.5,1,93.285,113.668,8.0,6.0,1072.0
69d9606c73f62e9716fead0b,8,astronomy,QA04,distractor,1,1.0,1,93.285,113.668,8.0,6.0,1072.0
69d9606c73f62e9716fead0b,8,astronomy,QA05,distractor,0,0.0,1,93.285,113.668,8.0,6.0,1072.0
69d9606c73f62e9716fead0b,8,fabrics,QFB01,repeat_long,0,0.5,2,72.976,140.116,4.0,5.0,1072.0
69d9606c73f62e9716fead0b,8,fabrics,QFB02,repeat_long,1,1.0,2,72.976,140.116,4.0,5.0,1072.0
69d9606c73f62e9716fead0b,8,fabrics,QFB03,repeat_long,1,1.0,2,72.976,140.116,4.0,5.0,1072.0
69d9606c73f62e9716fead0b,8,fabrics,QFB04,repeat_long,1,1.0,2,72.976,140.116,4.0,5.0,1072.0
69d9606c73f62e9716fead0b,8,fabrics,QFB05,repeat_long,1,1.0,2,72.976,140.116,4.0,5.0,1072.0
69c3d81e7e60143d976123a6,12,martial_arts,QMA01,repeat_short,0,0.5,1,65.329,100.366,3.0,1.0,755.0
69c3d81e7e60143d976123a6,12,martial_arts,QMA02,repeat_short,0,0.5,1,65.329,100.366,3.0,1.0,755.0
69c3d81e7e60143d976123a6,12,martial_arts,QMA03,repeat_short,0,0.0,1,65.329,100.366,3.0,1.0,755.0
69c3d81e7e60143d976123a6,12,martial_arts,QMA04,repeat_short,0,0.0,1,65.329,100.366,3.0,1.0,755.0
69c3d81e7e60143d976123a6,12,martial_arts,QMA05,repeat_short,0,0.0,1,65.329,100.366,3.0,1.0,755.0
69c3d81e7e60143d976123a6,12,fruits_v2,QF_V2_01,distractor,0,0.5,2,84.53,71.937,1.0,1.0,755.0
69c3d81e7e60143d976123a6,12,fruits_v2,QF_V2_02,distractor,0,0.5,2,84.53,71.937,1.0,1.0,755.0
69c3d81e7e60143d976123a6,12,fruits_v2,QF_V2_03,distractor,1,1.0,2,84.53,71.937,1.0,1.0,755.0
69c3d81e7e60143d976123a6,12,fruits_v2,QF_V2_04,distractor,0,0.0,2,84.53,71.937,1.0,1.0,755.0
69c3d81e7e60143d976123a6,12,fruits_v2,QF_V2_05,distractor,0,0.0,2,84.53,71.937,1.0,1.0,755.0
69c3d81e7e60143d976123a6,12,astronomy,QA01,repeat_long,0,0.3333333333333333,3,80.898,64.819,7.0,7.0,755.0
69c3d81e7e60143d976123a6,12,astronomy,QA02,repeat_long,0,0.0,3,80.898,64.819,7.0,7.0,755.0
69c3d81e7e60143d976123a6,12,astronomy,QA03,repeat_long,0,0.0,3,80.898,64.819,7.0,7.0,755.0
69c3d81e7e60143d976123a6,12,astronomy,QA04,repeat_long,1,1.0,3,80.898,64.819,7.0,7.0,755.0
69c3d81e7e60143d976123a6,12,astronomy,QA05,repeat_long,1,1.0,3,80.898,64.819,7.0,7.0,755.0
69c3d81e7e60143d976123a6,12,fabrics,QFB01,control,0,0.5,4,48.235,57.444,5.0,4.0,755.0
69c3d81e7e60143d976123a6,12,fabrics,QFB02,control,0,0.5,4,48.235,57.444,5.0,4.0,755.0
69c3d81e7e60143d976123a6,12,fabrics,QFB03,control,0,0.0,4,48.235,57.444,5.0,4.0,755.0
69c3d81e7e60143d976123a6,12,fabrics,QFB04,control,1,1.0,4,48.235,57.444,5.0,4.0,755.0
69c3d81e7e60143d976123a6,12,fabrics,QFB05,control,0,0.5,4,48.235,57.444,5.0,4.0,755.0
63c499bfa61a4ff762d68d3f,3,martial_arts,QMA01,control,0,0.0,2,63.319,147.706,8.0,7.0,1313.0
63c499bfa61a4ff762d68d3f,3,martial_arts,QMA02,control,0,0.0,2,63.319,147.706,8.0,7.0,1313.0
63c499bfa61a4ff762d68d3f,3,martial_arts,QMA03,control,0,0.5,2,63.319,147.706,8.0,7.0,1313.0
63c499bfa61a4ff762d68d3f,3,martial_arts,QMA04,control,0,0.0,2,63.319,147.706,8.0,7.0,1313.0
63c499bfa61a4ff762d68d3f,3,martial_arts,QMA05,control,0,0.5,2,63.319,147.706,8.0,7.0,1313.0
63c499bfa61a4ff762d68d3f,3,fruits_v2,QF_V2_01,repeat_long,0,0.5,1,92.728,226.209,8.0,6.0,1313.0
63c499bfa61a4ff762d68d3f,3,fruits_v2,QF_V2_02,repeat_long,0,0.5,1,92.728,226.209,8.0,6.0,1313.0
63c499bfa61a4ff762d68d3f,3,fruits_v2,QF_V2_03,repeat_long,1,1.0,1,92.728,226.209,8.0,6.0,1313.0
63c499bfa61a4ff762d68d3f,3,fruits_v2,QF_V2_04,repeat_long,0,0.0,1,92.728,226.209,8.0,6.0,1313.0
63c499bfa61a4ff762d68d3f,3,fruits_v2,QF_V2_05,repeat_long,0,0.0,1,92.728,226.209,8.0,6.0,1313.0
63c499bfa61a4ff762d68d3f,3,astronomy,QA01,repeat_short,1,1.0,3,64.926,171.264,8.0,8.0,1313.0
63c499bfa61a4ff762d68d3f,3,astronomy,QA02,repeat_short,1,1.0,3,64.926,171.264,8.0,8.0,1313.0
63c499bfa61a4ff762d68d3f,3,astronomy,QA03,repeat_short,0,0.5,3,64.926,171.264,8.0,8.0,1313.0
63c499bfa61a4ff762d68d3f,3,astronomy,QA04,repeat_short,1,1.0,3,64.926,171.264,8.0,8.0,1313.0
63c499bfa61a4ff762d68d3f,3,astronomy,QA05,repeat_short,0,0.0,3,64.926,171.264,8.0,8.0,1313.0
63c499bfa61a4ff762d68d3f,3,fabrics,QFB01,distractor,0,0.5,4,78.184,170.697,8.0,8.0,1313.0
63c499bfa61a4ff762d68d3f,3,fabrics,QFB02,distractor,1,1.0,4,78.184,170.697,8.0,8.0,1313.0
63c499bfa61a4ff762d68d3f,3,fabrics,QFB03,distractor,1,1.0,4,78.184,170.697,8.0,8.0,1313.0
63c499bfa61a4ff762d68d3f,3,fabrics,QFB04,distractor,0,0.0,4,78.184,170.697,8.0,8.0,1313.0
63c499bfa61a4ff762d68d3f,3,fabrics,QFB05,distractor,1,1.0,4,78.184,170.697,8.0,8.0,1313.0
63d6873b65a6170d64a652f6,11,martial_arts,QMA01,repeat_short,1,1.0,3,60.001,49.145,9.0,10.0,1413.0
63d6873b65a6170d64a652f6,11,martial_arts,QMA02,repeat_short,0,0.0,3,60.001,49.145,9.0,10.0,1413.0
63d6873b65a6170d64a652f6,11,martial_arts,QMA03,repeat_short,1,1.0,3,60.001,49.145,9.0,10.0,1413.0
63d6873b65a6170d64a652f6,11,martial_arts,QMA04,repeat_short,0,0.0,3,60.001,49.145,9.0,10.0,1413.0
63d6873b65a6170d64a652f6,11,martial_arts,QMA05,repeat_short,0,0.0,3,60.001,49.145,9.0,10.0,1413.0
63d6873b65a6170d64a652f6,11,fruits_v2,QF_V2_01,distractor,0,0.0,1,89.089,69.049,9.0,10.0,1413.0
63d6873b65a6170d64a652f6,11,fruits_v2,QF_V2_02,distractor,0,0.0,1,89.089,69.049,9.0,10.0,1413.0
63d6873b65a6170d64a652f6,11,fruits_v2,QF_V2_03,distractor,0,0.0,1,89.089,69.049,9.0,10.0,1413.0
63d6873b65a6170d64a652f6,11,fruits_v2,QF_V2_04,distractor,1,1.0,1,89.089,69.049,9.0,10.0,1413.0
63d6873b65a6170d64a652f6,11,fruits_v2,QF_V2_05,distractor,0,0.0,1,89.089,69.049,9.0,10.0,1413.0
63d6873b65a6170d64a652f6,11,astronomy,QA01,control,0,0.6666666666666666,2,51.321,58.891,8.0,10.0,1413.0
63d6873b65a6170d64a652f6,11,astronomy,QA02,control,0,0.5,2,51.321,58.891,8.0,10.0,1413.0
63d6873b65a6170d64a652f6,11,astronomy,QA03,control,1,1.0,2,51.321,58.891,8.0,10.0,1413.0
63d6873b65a6170d64a652f6,11,astronomy,QA04,control,0,0.0,2,51.321,58.891,8.0,10.0,1413.0
63d6873b65a6170d64a652f6,11,astronomy,QA05,control,0,0.0,2,51.321,58.891,8.0,10.0,1413.0
63d6873b65a6170d64a652f6,11,fabrics,QFB01,repeat_long,0,0.5,4,130.684,44.226,9.0,10.0,1413.0
63d6873b65a6170d64a652f6,11,fabrics,QFB02,repeat_long,0,0.0,4,130.684,44.226,9.0,10.0,1413.0
63d6873b65a6170d64a652f6,11,fabrics,QFB03,repeat_long,0,0.0,4,130.684,44.226,9.0,10.0,1413.0
63d6873b65a6170d64a652f6,11,fabrics,QFB04,repeat_long,0,0.0,4,130.684,44.226,9.0,10.0,1413.0
63d6873b65a6170d64a652f6,11,fabrics,QFB05,repeat_long,0,0.0,4,130.684,44.226,9.0,10.0,1413.0
6045a1851d1ba76f144dd6da,14,martial_arts,QMA01,repeat_long,0,0.5,2,104.881,22.486,6.0,6.0,1008.0
6045a1851d1ba76f144dd6da,14,martial_arts,QMA02,repeat_long,0,0.5,2,104.881,22.486,6.0,6.0,1008.0
6045a1851d1ba76f144dd6da,14,martial_arts,QMA03,repeat_long,0,0.5,2,104.881,22.486,6.0,6.0,1008.0
6045a1851d1ba76f144dd6da,14,martial_arts,QMA04,repeat_long,1,1.0,2,104.881,22.486,6.0,6.0,1008.0
6045a1851d1ba76f144dd6da,14,martial_arts,QMA05,repeat_long,0,0.5,2,104.881,22.486,6.0,6.0,1008.0
6045a1851d1ba76f144dd6da,14,fabrics,QFB01,repeat_short,0,0.5,4,58.538,30.319,7.0,7.0,1008.0
6045a1851d1ba76f144dd6da,14,fabrics,QFB02,repeat_short,0,0.0,4,58.538,30.319,7.0,7.0,1008.0
6045a1851d1ba76f144dd6da,14,fabrics,QFB03,repeat_short,1,1.0,4,58.538,30.319,7.0,7.0,1008.0
6045a1851d1ba76f144dd6da,14,fabrics,QFB04,repeat_short,0,0.0,4,58.538,30.319,7.0,7.0,1008.0
6045a1851d1ba76f144dd6da,14,fabrics,QFB05,repeat_short,0,0.5,4,58.538,30.319,7.0,7.0,1008.0
67dc489d382612526415e4b1,10,martial_arts,QMA01,repeat_short,1,1.0,1,67.914,117.189,1.0,0.0,1300.0
67dc489d382612526415e4b1,10,martial_arts,QMA02,repeat_short,1,1.0,1,67.914,117.189,1.0,0.0,1300.0
67dc489d382612526415e4b1,10,martial_arts,QMA03,repeat_short,1,1.0,1,67.914,117.189,1.0,0.0,1300.0
67dc489d382612526415e4b1,10,martial_arts,QMA04,repeat_short,1,1.0,1,67.914,117.189,1.0,0.0,1300.0
67dc489d382612526415e4b1,10,martial_arts,QMA05,repeat_short,1,1.0,1,67.914,117.189,1.0,0.0,1300.0
67dc489d382612526415e4b1,10,fruits_v2,QF_V2_01,repeat_long,1,1.0,3,87.775,148.094,6.0,3.0,1300.0
67dc489d382612526415e4b1,10,fruits_v2,QF_V2_02,repeat_long,1,1.0,3,87.775,148.094,6.0,3.0,1300.0
67dc489d382612526415e4b1,10,fruits_v2,QF_V2_03,repeat_long,1,1.0,3,87.775,148.094,6.0,3.0,1300.0
67dc489d382612526415e4b1,10,fruits_v2,QF_V2_04,repeat_long,1,1.0,3,87.775,148.094,6.0,3.0,1300.0
67dc489d382612526415e4b1,10,fruits_v2,QF_V2_05,repeat_long,0,0.0,3,87.775,148.094,6.0,3.0,1300.0
67dc489d382612526415e4b1,10,astronomy,QA01,distractor,1,1.0,4,103.887,156.325,6.0,4.0,1300.0
67dc489d382612526415e4b1,10,astronomy,QA02,distractor,0,0.5,4,103.887,156.325,6.0,4.0,1300.0
67dc489d382612526415e4b1,10,astronomy,QA03,distractor,0,0.0,4,103.887,156.325,6.0,4.0,1300.0
67dc489d382612526415e4b1,10,astronomy,QA04,distractor,1,1.0,4,103.887,156.325,6.0,4.0,1300.0
67dc489d382612526415e4b1,10,astronomy,QA05,distractor,1,1.0,4,103.887,156.325,6.0,4.0,1300.0
67dc489d382612526415e4b1,10,fabrics,QFB01,control,0,0.5,2,48.923,151.355,1.0,1.0,1300.0
67dc489d382612526415e4b1,10,fabrics,QFB02,control,1,1.0,2,48.923,151.355,1.0,1.0,1300.0
67dc489d382612526415e4b1,10,fabrics,QFB03,control,1,1.0,2,48.923,151.355,1.0,1.0,1300.0
67dc489d382612526415e4b1,10,fabrics,QFB04,control,1,1.0,2,48.923,151.355,1.0,1.0,1300.0
67dc489d382612526415e4b1,10,fabrics,QFB05,control,1,1.0,2,48.923,151.355,1.0,1.0,1300.0
676f2ff678d74407b518207d,7,martial_arts,QMA01,repeat_short,1,1.0,3,60.698,38.999,5.0,4.0,1204.0
676f2ff678d74407b518207d,7,martial_arts,QMA02,repeat_short,0,0.5,3,60.698,38.999,5.0,4.0,1204.0
676f2ff678d74407b518207d,7,martial_arts,QMA03,repeat_short,0,0.5,3,60.698,38.999,5.0,4.0,1204.0
676f2ff678d74407b518207d,7,martial_arts,QMA04,repeat_short,1,1.0,3,60.698,38.999,5.0,4.0,1204.0
676f2ff678d74407b518207d,7,martial_arts,QMA05,repeat_short,0,0.5,3,60.698,38.999,5.0,4.0,1204.0
676f2ff678d74407b518207d,7,fruits_v2,QF_V2_01,control,0,0.0,4,49.926,38.799,6.0,5.0,1204.0
676f2ff678d74407b518207d,7,fruits_v2,QF_V2_02,control,0,0.5,4,49.926,38.799,6.0,5.0,1204.0
676f2ff678d74407b518207d,7,fruits_v2,QF_V2_03,control,1,1.0,4,49.926,38.799,6.0,5.0,1204.0
676f2ff678d74407b518207d,7,fruits_v2,QF_V2_04,control,0,0.0,4,49.926,38.799,6.0,5.0,1204.0
676f2ff678d74407b518207d,7,fruits_v2,QF_V2_05,control,0,0.0,4,49.926,38.799,6.0,5.0,1204.0
676f2ff678d74407b518207d,7,astronomy,QA01,repeat_long,1,1.0,2,80.194,46.774,7.0,7.0,1204.0
676f2ff678d74407b518207d,7,astronomy,QA02,repeat_long,0,0.5,2,80.194,46.774,7.0,7.0,1204.0
676f2ff678d74407b518207d,7,astronomy,QA03,repeat_long,0,0.5,2,80.194,46.774,7.0,7.0,1204.0
676f2ff678d74407b518207d,7,astronomy,QA04,repeat_long,0,0.0,2,80.194,46.774,7.0,7.0,1204.0
676f2ff678d74407b518207d,7,astronomy,QA05,repeat_long,0,0.0,2,80.194,46.774,7.0,7.0,1204.0
676f2ff678d74407b518207d,7,fabrics,QFB01,distractor,0,0.5,1,75.463,46.586,4.0,6.0,1204.0
676f2ff678d74407b518207d,7,fabrics,QFB02,distractor,0,0.5,1,75.463,46.586,4.0,6.0,1204.0
676f2ff678d74407b518207d,7,fabrics,QFB03,distractor,1,1.0,1,75.463,46.586,4.0,6.0,1204.0
676f2ff678d74407b518207d,7,fabrics,QFB04,distractor,1,1.0,1,75.463,46.586,4.0,6.0,1204.0
676f2ff678d74407b518207d,7,fabrics,QFB05,distractor,1,1.0,1,75.463,46.586,4.0,6.0,1204.0
65c12aec64a50727ccd1ac6e,22,martial_arts,QMA01,distractor,1,1.0,3,77.615,67.164,4.0,4.0,721.0
65c12aec64a50727ccd1ac6e,22,martial_arts,QMA02,distractor,0,0.0,3,77.615,67.164,4.0,4.0,721.0
65c12aec64a50727ccd1ac6e,22,martial_arts,QMA03,distractor,0,0.5,3,77.615,67.164,4.0,4.0,721.0
65c12aec64a50727ccd1ac6e,22,martial_arts,QMA04,distractor,0,0.0,3,77.615,67.164,4.0,4.0,721.0
65c12aec64a50727ccd1ac6e,22,martial_arts,QMA05,distractor,0,0.5,3,77.615,67.164,4.0,4.0,721.0
65c12aec64a50727ccd1ac6e,22,fruits_v2,QF_V2_01,repeat_short,0,0.0,1,62.231,101.959,2.0,3.0,721.0
65c12aec64a50727ccd1ac6e,22,fruits_v2,QF_V2_02,repeat_short,0,0.0,1,62.231,101.959,2.0,3.0,721.0
65c12aec64a50727ccd1ac6e,22,fruits_v2,QF_V2_03,repeat_short,1,1.0,1,62.231,101.959,2.0,3.0,721.0
65c12aec64a50727ccd1ac6e,22,fruits_v2,QF_V2_04,repeat_short,0,0.0,1,62.231,101.959,2.0,3.0,721.0
65c12aec64a50727ccd1ac6e,22,fruits_v2,QF_V2_05,repeat_short,0,0.0,1,62.231,101.959,2.0,3.0,721.0
65c12aec64a50727ccd1ac6e,22,astronomy,QA01,repeat_long,0,0.0,2,93.465,91.901,3.0,4.0,721.0
65c12aec64a50727ccd1ac6e,22,astronomy,QA02,repeat_long,0,0.5,2,93.465,91.901,3.0,4.0,721.0
65c12aec64a50727ccd1ac6e,22,astronomy,QA03,repeat_long,0,0.0,2,93.465,91.901,3.0,4.0,721.0
65c12aec64a50727ccd1ac6e,22,astronomy,QA04,repeat_long,0,0.0,2,93.465,91.901,3.0,4.0,721.0
65c12aec64a50727ccd1ac6e,22,astronomy,QA05,repeat_long,0,0.0,2,93.465,91.901,3.0,4.0,721.0
65c12aec64a50727ccd1ac6e,22,fabrics,QFB01,control,0,0.0,4,50.009,84.398,4.0,4.0,721.0
65c12aec64a50727ccd1ac6e,22,fabrics,QFB02,control,0,0.5,4,50.009,84.398,4.0,4.0,721.0
65c12aec64a50727ccd1ac6e,22,fabrics,QFB03,control,1,1.0,4,50.009,84.398,4.0,4.0,721.0
65c12aec64a50727ccd1ac6e,22,fabrics,QFB04,control,1,1.0,4,50.009,84.398,4.0,4.0,721.0
65c12aec64a50727ccd1ac6e,22,fabrics,QFB05,control,1,1.0,4,50.009,84.398,4.0,4.0,721.0
678da017eecfeb40cd30b706,19,martial_arts,QMA01,distractor,0,0.5,4,89.477,95.088,7.0,9.0,864.0
678da017eecfeb40cd30b706,19,martial_arts,QMA02,distractor,0,0.0,4,89.477,95.088,7.0,9.0,864.0
678da017eecfeb40cd30b706,19,martial_arts,QMA03,distractor,0,0.5,4,89.477,95.088,7.0,9.0,864.0
678da017eecfeb40cd30b706,19,martial_arts,QMA04,distractor,1,1.0,4,89.477,95.088,7.0,9.0,864.0
678da017eecfeb40cd30b706,19,martial_arts,QMA05,distractor,0,0.5,4,89.477,95.088,7.0,9.0,864.0
678da017eecfeb40cd30b706,19,fruits_v2,QF_V2_01,control,1,1.0,2,49.917,119.824,5.0,10.0,864.0
678da017eecfeb40cd30b706,19,fruits_v2,QF_V2_02,control,0,0.5,2,49.917,119.824,5.0,10.0,864.0
678da017eecfeb40cd30b706,19,fruits_v2,QF_V2_03,control,1,1.0,2,49.917,119.824,5.0,10.0,864.0
678da017eecfeb40cd30b706,19,fruits_v2,QF_V2_04,control,1,1.0,2,49.917,119.824,5.0,10.0,864.0
678da017eecfeb40cd30b706,19,fruits_v2,QF_V2_05,control,1,1.0,2,49.917,119.824,5.0,10.0,864.0
678da017eecfeb40cd30b706,19,astronomy,QA01,repeat_short,0,0.6666666666666666,3,61.005,137.173,5.0,7.0,864.0
678da017eecfeb40cd30b706,19,astronomy,QA02,repeat_short,0,0.5,3,61.005,137.173,5.0,7.0,864.0
678da017eecfeb40cd30b706,19,astronomy,QA03,repeat_short,0,0.5,3,61.005,137.173,5.0,7.0,864.0
678da017eecfeb40cd30b706,19,astronomy,QA04,repeat_short,1,1.0,3,61.005,137.173,5.0,7.0,864.0
678da017eecfeb40cd30b706,19,astronomy,QA05,repeat_short,0,0.0,3,61.005,137.173,5.0,7.0,864.0
678da017eecfeb40cd30b706,19,fabrics,QFB01,repeat_long,0,0.5,1,73.132,108.059,6.0,8.0,864.0
678da017eecfeb40cd30b706,19,fabrics,QFB02,repeat_long,0,0.5,1,73.132,108.059,6.0,8.0,864.0
678da017eecfeb40cd30b706,19,fabrics,QFB03,repeat_long,1,1.0,1,73.132,108.059,6.0,8.0,864.0
678da017eecfeb40cd30b706,19,fabrics,QFB04,repeat_long,0,0.0,1,73.132,108.059,6.0,8.0,864.0
678da017eecfeb40cd30b706,19,fabrics,QFB05,repeat_long,1,1.0,1,73.132,108.059,6.0,8.0,864.0
6720c26f12695d0297414d2d,24,martial_arts,QMA01,distractor,0,0.5,3,80.808,94.584,10.0,10.0,959.0
6720c26f12695d0297414d2d,24,martial_arts,QMA02,distractor,0,0.5,3,80.808,94.584,10.0,10.0,959.0
6720c26f12695d0297414d2d,24,martial_arts,QMA03,distractor,0,0.0,3,80.808,94.584,10.0,10.0,959.0
6720c26f12695d0297414d2d,24,martial_arts,QMA04,distractor,0,0.0,3,80.808,94.584,10.0,10.0,959.0
6720c26f12695d0297414d2d,24,martial_arts,QMA05,distractor,0,0.0,3,80.808,94.584,10.0,10.0,959.0
6720c26f12695d0297414d2d,24,fruits_v2,QF_V2_01,repeat_long,0,0.5,2,86.076,63.696,10.0,10.0,959.0
6720c26f12695d0297414d2d,24,fruits_v2,QF_V2_02,repeat_long,0,0.5,2,86.076,63.696,10.0,10.0,959.0
6720c26f12695d0297414d2d,24,fruits_v2,QF_V2_03,repeat_long,1,1.0,2,86.076,63.696,10.0,10.0,959.0
6720c26f12695d0297414d2d,24,fruits_v2,QF_V2_04,repeat_long,0,0.0,2,86.076,63.696,10.0,10.0,959.0
6720c26f12695d0297414d2d,24,fruits_v2,QF_V2_05,repeat_long,0,0.0,2,86.076,63.696,10.0,10.0,959.0
6720c26f12695d0297414d2d,24,astronomy,QA01,repeat_short,0,0.3333333333333333,4,57.159,101.182,8.0,10.0,959.0
6720c26f12695d0297414d2d,24,astronomy,QA02,repeat_short,0,0.5,4,57.159,101.182,8.0,10.0,959.0
6720c26f12695d0297414d2d,24,astronomy,QA03,repeat_short,0,0.5,4,57.159,101.182,8.0,10.0,959.0
6720c26f12695d0297414d2d,24,astronomy,QA04,repeat_short,1,1.0,4,57.159,101.182,8.0,10.0,959.0
6720c26f12695d0297414d2d,24,astronomy,QA05,repeat_short,1,1.0,4,57.159,101.182,8.0,10.0,959.0
6720c26f12695d0297414d2d,24,fabrics,QFB01,control,0,0.0,1,49.041,71.141,10.0,10.0,959.0
6720c26f12695d0297414d2d,24,fabrics,QFB02,control,0,0.5,1,49.041,71.141,10.0,10.0,959.0
6720c26f12695d0297414d2d,24,fabrics,QFB03,control,1,1.0,1,49.041,71.141,10.0,10.0,959.0
6720c26f12695d0297414d2d,24,fabrics,QFB04,control,1,1.0,1,49.041,71.141,10.0,10.0,959.0
6720c26f12695d0297414d2d,24,fabrics,QFB05,control,0,0.0,1,49.041,71.141,10.0,10.0,959.0
6a20a0fcd9dc0e7fc09209fd,3,martial_arts,QMA01,control,1,1.0,2,71.238,287.108,2.0,2.0,1630.0
6a20a0fcd9dc0e7fc09209fd,3,martial_arts,QMA02,control,1,1.0,2,71.238,287.108,2.0,2.0,1630.0
6a20a0fcd9dc0e7fc09209fd,3,martial_arts,QMA03,control,0,0.0,2,71.238,287.108,2.0,2.0,1630.0
6a20a0fcd9dc0e7fc09209fd,3,martial_arts,QMA04,control,1,1.0,2,71.238,287.108,2.0,2.0,1630.0
6a20a0fcd9dc0e7fc09209fd,3,martial_arts,QMA05,control,1,1.0,2,71.238,287.108,2.0,2.0,1630.0
6a20a0fcd9dc0e7fc09209fd,3,fruits_v2,QF_V2_01,repeat_long,1,1.0,4,93.217,217.373,4.0,4.0,1630.0
6a20a0fcd9dc0e7fc09209fd,3,fruits_v2,QF_V2_02,repeat_long,1,1.0,4,93.217,217.373,4.0,4.0,1630.0
6a20a0fcd9dc0e7fc09209fd,3,fruits_v2,QF_V2_03,repeat_long,1,1.0,4,93.217,217.373,4.0,4.0,1630.0
6a20a0fcd9dc0e7fc09209fd,3,fruits_v2,QF_V2_04,repeat_long,1,1.0,4,93.217,217.373,4.0,4.0,1630.0
6a20a0fcd9dc0e7fc09209fd,3,fruits_v2,QF_V2_05,repeat_long,1,1.0,4,93.217,217.373,4.0,4.0,1630.0
6a20a0fcd9dc0e7fc09209fd,3,astronomy,QA01,repeat_short,1,1.0,1,77.865,275.022,6.0,6.0,1630.0
6a20a0fcd9dc0e7fc09209fd,3,astronomy,QA02,repeat_short,0,0.5,1,77.865,275.022,6.0,6.0,1630.0
6a20a0fcd9dc0e7fc09209fd,3,astronomy,QA03,repeat_short,0,0.5,1,77.865,275.022,6.0,6.0,1630.0
6a20a0fcd9dc0e7fc09209fd,3,astronomy,QA04,repeat_short,1,1.0,1,77.865,275.022,6.0,6.0,1630.0
6a20a0fcd9dc0e7fc09209fd,3,astronomy,QA05,repeat_short,0,0.0,1,77.865,275.022,6.0,6.0,1630.0
6a20a0fcd9dc0e7fc09209fd,3,fabrics,QFB01,distractor,1,1.0,3,78.826,251.208,5.0,5.0,1630.0
6a20a0fcd9dc0e7fc09209fd,3,fabrics,QFB02,distractor,1,1.0,3,78.826,251.208,5.0,5.0,1630.0
6a20a0fcd9dc0e7fc09209fd,3,fabrics,QFB03,distractor,1,1.0,3,78.826,251.208,5.0,5.0,1630.0
6a20a0fcd9dc0e7fc09209fd,3,fabrics,QFB04,distractor,1,1.0,3,78.826,251.208,5.0,5.0,1630.0
6a20a0fcd9dc0e7fc09209fd,3,fabrics,QFB05,distractor,0,0.0,3,78.826,251.208,5.0,5.0,1630.0
65978a6c375b6513561ed3fa,17,martial_arts,QMA01,repeat_long,0,0.5,4,101.781,94.253,9.0,9.0,1457.0
65978a6c375b6513561ed3fa,17,martial_arts,QMA02,repeat_long,1,1.0,4,101.781,94.253,9.0,9.0,1457.0
65978a6c375b6513561ed3fa,17,martial_arts,QMA03,repeat_long,0,0.5,4,101.781,94.253,9.0,9.0,1457.0
65978a6c375b6513561ed3fa,17,martial_arts,QMA04,repeat_long,1,1.0,4,101.781,94.253,9.0,9.0,1457.0
65978a6c375b6513561ed3fa,17,martial_arts,QMA05,repeat_long,0,0.5,4,101.781,94.253,9.0,9.0,1457.0
65978a6c375b6513561ed3fa,17,fruits_v2,QF_V2_01,distractor,1,1.0,3,83.516,77.623,8.0,8.0,1457.0
65978a6c375b6513561ed3fa,17,fruits_v2,QF_V2_02,distractor,0,0.5,3,83.516,77.623,8.0,8.0,1457.0
65978a6c375b6513561ed3fa,17,fruits_v2,QF_V2_03,distractor,0,0.0,3,83.516,77.623,8.0,8.0,1457.0
65978a6c375b6513561ed3fa,17,fruits_v2,QF_V2_04,distractor,0,0.0,3,83.516,77.623,8.0,8.0,1457.0
65978a6c375b6513561ed3fa,17,fruits_v2,QF_V2_05,distractor,0,0.0,3,83.516,77.623,8.0,8.0,1457.0
65978a6c375b6513561ed3fa,17,astronomy,QA01,control,0,0.3333333333333333,1,53.077,53.188,9.0,9.0,1457.0
65978a6c375b6513561ed3fa,17,astronomy,QA02,control,0,0.5,1,53.077,53.188,9.0,9.0,1457.0
65978a6c375b6513561ed3fa,17,astronomy,QA03,control,0,0.0,1,53.077,53.188,9.0,9.0,1457.0
65978a6c375b6513561ed3fa,17,astronomy,QA04,control,0,0.0,1,53.077,53.188,9.0,9.0,1457.0
65978a6c375b6513561ed3fa,17,astronomy,QA05,control,0,0.0,1,53.077,53.188,9.0,9.0,1457.0
65978a6c375b6513561ed3fa,17,fabrics,QFB01,repeat_short,0,0.5,2,55.604,44.73,5.0,5.0,1457.0
65978a6c375b6513561ed3fa,17,fabrics,QFB02,repeat_short,0,0.5,2,55.604,44.73,5.0,5.0,1457.0
65978a6c375b6513561ed3fa,17,fabrics,QFB03,repeat_short,1,1.0,2,55.604,44.73,5.0,5.0,1457.0
65978a6c375b6513561ed3fa,17,fabrics,QFB04,repeat_short,0,0.0,2,55.604,44.73,5.0,5.0,1457.0
65978a6c375b6513561ed3fa,17,fabrics,QFB05,repeat_short,1,1.0,2,55.604,44.73,5.0,5.0,1457.0
6a1a7e9418353d1a86131739,4,martial_arts,QMA01,control,0,0.5,2,59.241,71.728,9.0,9.0,722.0
6a1a7e9418353d1a86131739,4,martial_arts,QMA02,control,1,1.0,2,59.241,71.728,9.0,9.0,722.0
6a1a7e9418353d1a86131739,4,martial_arts,QMA03,control,0,0.5,2,59.241,71.728,9.0,9.0,722.0
6a1a7e9418353d1a86131739,4,martial_arts,QMA04,control,0,0.0,2,59.241,71.728,9.0,9.0,722.0
6a1a7e9418353d1a86131739,4,martial_arts,QMA05,control,1,1.0,2,59.241,71.728,9.0,9.0,722.0
6a1a7e9418353d1a86131739,4,fruits_v2,QF_V2_01,repeat_long,0,0.0,1,85.448,72.349,9.0,9.0,722.0
6a1a7e9418353d1a86131739,4,fruits_v2,QF_V2_02,repeat_long,0,0.5,1,85.448,72.349,9.0,9.0,722.0
6a1a7e9418353d1a86131739,4,fruits_v2,QF_V2_03,repeat_long,0,0.0,1,85.448,72.349,9.0,9.0,722.0
6a1a7e9418353d1a86131739,4,fruits_v2,QF_V2_04,repeat_long,1,1.0,1,85.448,72.349,9.0,9.0,722.0
6a1a7e9418353d1a86131739,4,fruits_v2,QF_V2_05,repeat_long,0,0.0,1,85.448,72.349,9.0,9.0,722.0
6a1a7e9418353d1a86131739,4,astronomy,QA01,distractor,1,1.0,4,100.025,74.944,9.0,9.0,722.0
6a1a7e9418353d1a86131739,4,astronomy,QA02,distractor,0,0.5,4,100.025,74.944,9.0,9.0,722.0
6a1a7e9418353d1a86131739,4,astronomy,QA03,distractor,1,1.0,4,100.025,74.944,9.0,9.0,722.0
6a1a7e9418353d1a86131739,4,astronomy,QA04,distractor,0,0.0,4,100.025,74.944,9.0,9.0,722.0
6a1a7e9418353d1a86131739,4,astronomy,QA05,distractor,0,0.0,4,100.025,74.944,9.0,9.0,722.0
6a1a7e9418353d1a86131739,4,fabrics,QFB01,repeat_short,1,1.0,3,53.572,56.526,8.0,8.0,722.0
6a1a7e9418353d1a86131739,4,fabrics,QFB02,repeat_short,1,1.0,3,53.572,56.526,8.0,8.0,722.0
6a1a7e9418353d1a86131739,4,fabrics,QFB03,repeat_short,1,1.0,3,53.572,56.526,8.0,8.0,722.0
6a1a7e9418353d1a86131739,4,fabrics,QFB04,repeat_short,0,0.0,3,53.572,56.526,8.0,8.0,722.0
6a1a7e9418353d1a86131739,4,fabrics,QFB05,repeat_short,1,1.0,3,53.572,56.526,8.0,8.0,722.0
629082739390703f993b12bd,1,martial_arts,QMA01,control,1,1.0,2,60.348,102.052,10.0,10.0,788.0
629082739390703f993b12bd,1,martial_arts,QMA02,control,1,1.0,2,60.348,102.052,10.0,10.0,788.0
629082739390703f993b12bd,1,martial_arts,QMA03,control,0,0.0,2,60.348,102.052,10.0,10.0,788.0
629082739390703f993b12bd,1,martial_arts,QMA04,control,1,1.0,2,60.348,102.052,10.0,10.0,788.0
629082739390703f993b12bd,1,martial_arts,QMA05,control,1,1.0,2,60.348,102.052,10.0,10.0,788.0
629082739390703f993b12bd,1,fruits_v2,QF_V2_01,repeat_short,0,0.5,4,58.771,103.87,10.0,10.0,788.0
629082739390703f993b12bd,1,fruits_v2,QF_V2_02,repeat_short,0,0.5,4,58.771,103.87,10.0,10.0,788.0
629082739390703f993b12bd,1,fruits_v2,QF_V2_03,repeat_short,1,1.0,4,58.771,103.87,10.0,10.0,788.0
629082739390703f993b12bd,1,fruits_v2,QF_V2_04,repeat_short,0,0.0,4,58.771,103.87,10.0,10.0,788.0
629082739390703f993b12bd,1,fruits_v2,QF_V2_05,repeat_short,0,0.0,4,58.771,103.87,10.0,10.0,788.0
629082739390703f993b12bd,1,astronomy,QA01,repeat_long,0,0.6666666666666666,1,80.886,115.234,10.0,10.0,788.0
629082739390703f993b12bd,1,astronomy,QA02,repeat_long,0,0.5,1,80.886,115.234,10.0,10.0,788.0
629082739390703f993b12bd,1,astronomy,QA03,repeat_long,0,0.0,1,80.886,115.234,10.0,10.0,788.0
629082739390703f993b12bd,1,astronomy,QA04,repeat_long,0,0.0,1,80.886,115.234,10.0,10.0,788.0
629082739390703f993b12bd,1,astronomy,QA05,repeat_long,0,0.0,1,80.886,115.234,10.0,10.0,788.0
629082739390703f993b12bd,1,fabrics,QFB01,distractor,1,1.0,3,73.807,96.24,10.0,10.0,788.0
629082739390703f993b12bd,1,fabrics,QFB02,distractor,1,1.0,3,73.807,96.24,10.0,10.0,788.0
629082739390703f993b12bd,1,fabrics,QFB03,distractor,0,0.0,3,73.807,96.24,10.0,10.0,788.0
629082739390703f993b12bd,1,fabrics,QFB04,distractor,0,0.0,3,73.807,96.24,10.0,10.0,788.0
629082739390703f993b12bd,1,fabrics,QFB05,distractor,1,1.0,3,73.807,96.24,10.0,10.0,788.0
69a26ab5e07833c5819a3d09,20,martial_arts,QMA01,distractor,0,0.5,4,79.246,119.437,5.0,5.0,1035.0
69a26ab5e07833c5819a3d09,20,martial_arts,QMA02,distractor,0,0.5,4,79.246,119.437,5.0,5.0,1035.0
69a26ab5e07833c5819a3d09,20,martial_arts,QMA03,distractor,1,1.0,4,79.246,119.437,5.0,5.0,1035.0
69a26ab5e07833c5819a3d09,20,martial_arts,QMA04,distractor,1,1.0,4,79.246,119.437,5.0,5.0,1035.0
69a26ab5e07833c5819a3d09,20,martial_arts,QMA05,distractor,0,0.5,4,79.246,119.437,5.0,5.0,1035.0
69a26ab5e07833c5819a3d09,20,fruits_v2,QF_V2_01,control,1,1.0,2,67.796,134.009,4.0,4.0,1035.0
69a26ab5e07833c5819a3d09,20,fruits_v2,QF_V2_02,control,0,0.5,2,67.796,134.009,4.0,4.0,1035.0
69a26ab5e07833c5819a3d09,20,fruits_v2,QF_V2_03,control,1,1.0,2,67.796,134.009,4.0,4.0,1035.0
69a26ab5e07833c5819a3d09,20,fruits_v2,QF_V2_04,control,1,1.0,2,67.796,134.009,4.0,4.0,1035.0
69a26ab5e07833c5819a3d09,20,fruits_v2,QF_V2_05,control,1,1.0,2,67.796,134.009,4.0,4.0,1035.0
69a26ab5e07833c5819a3d09,20,astronomy,QA01,repeat_long,0,0.6666666666666666,1,87.326,152.991,6.0,6.0,1035.0
69a26ab5e07833c5819a3d09,20,astronomy,QA02,repeat_long,1,1.0,1,87.326,152.991,6.0,6.0,1035.0
69a26ab5e07833c5819a3d09,20,astronomy,QA03,repeat_long,1,1.0,1,87.326,152.991,6.0,6.0,1035.0
69a26ab5e07833c5819a3d09,20,astronomy,QA04,repeat_long,0,0.0,1,87.326,152.991,6.0,6.0,1035.0
69a26ab5e07833c5819a3d09,20,astronomy,QA05,repeat_long,0,0.0,1,87.326,152.991,6.0,6.0,1035.0
69a26ab5e07833c5819a3d09,20,fabrics,QFB01,repeat_short,0,0.5,3,56.161,114.114,3.0,3.0,1035.0
69a26ab5e07833c5819a3d09,20,fabrics,QFB02,repeat_short,0,0.5,3,56.161,114.114,3.0,3.0,1035.0
69a26ab5e07833c5819a3d09,20,fabrics,QFB03,repeat_short,1,1.0,3,56.161,114.114,3.0,3.0,1035.0
69a26ab5e07833c5819a3d09,20,fabrics,QFB04,repeat_short,1,1.0,3,56.161,114.114,3.0,3.0,1035.0
69a26ab5e07833c5819a3d09,20,fabrics,QFB05,repeat_short,0,0.5,3,56.161,114.114,3.0,3.0,1035.0
61fa904ed42cb19beec490d9,23,martial_arts,QMA01,distractor,0,0.5,2,75.053,116.935,3.0,3.0,857.0
61fa904ed42cb19beec490d9,23,martial_arts,QMA02,distractor,0,0.5,2,75.053,116.935,3.0,3.0,857.0
61fa904ed42cb19beec490d9,23,martial_arts,QMA03,distractor,1,1.0,2,75.053,116.935,3.0,3.0,857.0
61fa904ed42cb19beec490d9,23,martial_arts,QMA04,distractor,1,1.0,2,75.053,116.935,3.0,3.0,857.0
61fa904ed42cb19beec490d9,23,martial_arts,QMA05,distractor,0,0.5,2,75.053,116.935,3.0,3.0,857.0
61fa904ed42cb19beec490d9,23,fruits_v2,QF_V2_01,repeat_long,0,0.5,3,83.538,93.205,2.0,2.0,857.0
61fa904ed42cb19beec490d9,23,fruits_v2,QF_V2_02,repeat_long,1,1.0,3,83.538,93.205,2.0,2.0,857.0
61fa904ed42cb19beec490d9,23,fruits_v2,QF_V2_03,repeat_long,1,1.0,3,83.538,93.205,2.0,2.0,857.0
61fa904ed42cb19beec490d9,23,fruits_v2,QF_V2_04,repeat_long,1,1.0,3,83.538,93.205,2.0,2.0,857.0
61fa904ed42cb19beec490d9,23,fruits_v2,QF_V2_05,repeat_long,0,0.0,3,83.538,93.205,2.0,2.0,857.0
61fa904ed42cb19beec490d9,23,astronomy,QA01,control,0,0.6666666666666666,4,50.557,66.084,2.0,2.0,857.0
61fa904ed42cb19beec490d9,23,astronomy,QA02,control,1,1.0,4,50.557,66.084,2.0,2.0,857.0
61fa904ed42cb19beec490d9,23,astronomy,QA03,control,1,1.0,4,50.557,66.084,2.0,2.0,857.0
61fa904ed42cb19beec490d9,23,astronomy,QA04,control,0,0.0,4,50.557,66.084,2.0,2.0,857.0
61fa904ed42cb19beec490d9,23,astronomy,QA05,control,1,1.0,4,50.557,66.084,2.0,2.0,857.0
61fa904ed42cb19beec490d9,23,fabrics,QFB01,repeat_short,1,1.0,1,55.735,98.441,3.0,3.0,857.0
61fa904ed42cb19beec490d9,23,fabrics,QFB02,repeat_short,0,0.5,1,55.735,98.441,3.0,3.0,857.0
61fa904ed42cb19beec490d9,23,fabrics,QFB03,repeat_short,1,1.0,1,55.735,98.441,3.0,3.0,857.0
61fa904ed42cb19beec490d9,23,fabrics,QFB04,repeat_short,1,1.0,1,55.735,98.441,3.0,3.0,857.0
61fa904ed42cb19beec490d9,23,fabrics,QFB05,repeat_short,1,1.0,1,55.735,98.441,3.0,3.0,857.0
66b11a3cc1a119c8a39d562c,9,martial_arts,QMA01,repeat_short,1,1.0,2,60.687,61.71,1.0,5.0,865.0
66b11a3cc1a119c8a39d562c,9,martial_arts,QMA02,repeat_short,0,0.5,2,60.687,61.71,1.0,5.0,865.0
66b11a3cc1a119c8a39d562c,9,martial_arts,QMA03,repeat_short,0,0.5,2,60.687,61.71,1.0,5.0,865.0
66b11a3cc1a119c8a39d562c,9,martial_arts,QMA04,repeat_short,1,1.0,2,60.687,61.71,1.0,5.0,865.0
66b11a3cc1a119c8a39d562c,9,martial_arts,QMA05,repeat_short,1,1.0,2,60.687,61.71,1.0,5.0,865.0
66b11a3cc1a119c8a39d562c,9,fruits_v2,QF_V2_01,repeat_long,1,1.0,1,85.661,110.721,1.0,7.0,865.0
66b11a3cc1a119c8a39d562c,9,fruits_v2,QF_V2_02,repeat_long,0,0.5,1,85.661,110.721,1.0,7.0,865.0
66b11a3cc1a119c8a39d562c,9,fruits_v2,QF_V2_03,repeat_long,0,0.0,1,85.661,110.721,1.0,7.0,865.0
66b11a3cc1a119c8a39d562c,9,fruits_v2,QF_V2_04,repeat_long,1,1.0,1,85.661,110.721,1.0,7.0,865.0
66b11a3cc1a119c8a39d562c,9,fruits_v2,QF_V2_05,repeat_long,1,1.0,1,85.661,110.721,1.0,7.0,865.0
66b11a3cc1a119c8a39d562c,9,astronomy,QA01,control,0,0.6666666666666666,3,52.017,110.27,1.0,5.0,865.0
66b11a3cc1a119c8a39d562c,9,astronomy,QA02,control,1,1.0,3,52.017,110.27,1.0,5.0,865.0
66b11a3cc1a119c8a39d562c,9,astronomy,QA03,control,1,1.0,3,52.017,110.27,1.0,5.0,865.0
66b11a3cc1a119c8a39d562c,9,astronomy,QA04,control,0,0.0,3,52.017,110.27,1.0,5.0,865.0
66b11a3cc1a119c8a39d562c,9,astronomy,QA05,control,1,1.0,3,52.017,110.27,1.0,5.0,865.0
66b11a3cc1a119c8a39d562c,9,fabrics,QFB01,distractor,0,0.5,4,73.473,82.386,2.0,6.0,865.0
66b11a3cc1a119c8a39d562c,9,fabrics,QFB02,distractor,1,1.0,4,73.473,82.386,2.0,6.0,865.0
66b11a3cc1a119c8a39d562c,9,fabrics,QFB03,distractor,1,1.0,4,73.473,82.386,2.0,6.0,865.0
66b11a3cc1a119c8a39d562c,9,fabrics,QFB04,distractor,0,0.0,4,73.473,82.386,2.0,6.0,865.0
66b11a3cc1a119c8a39d562c,9,fabrics,QFB05,distractor,1,1.0,4,73.473,82.386,2.0,6.0,865.0
69f7e15ae0a0a876050b1b98,18,martial_arts,QMA01,repeat_long,1,1.0,1,102.794,131.222,5.0,5.0,1792.0
69f7e15ae0a0a876050b1b98,18,martial_arts,QMA02,repeat_long,1,1.0,1,102.794,131.222,5.0,5.0,1792.0
69f7e15ae0a0a876050b1b98,18,martial_arts,QMA03,repeat_long,0,0.5,1,102.794,131.222,5.0,5.0,1792.0
69f7e15ae0a0a876050b1b98,18,martial_arts,QMA04,repeat_long,1,1.0,1,102.794,131.222,5.0,5.0,1792.0
69f7e15ae0a0a876050b1b98,18,martial_arts,QMA05,repeat_long,1,1.0,1,102.794,131.222,5.0,5.0,1792.0
69f7e15ae0a0a876050b1b98,18,fruits_v2,QF_V2_01,distractor,1,1.0,4,94.137,295.996,10.0,10.0,1792.0
69f7e15ae0a0a876050b1b98,18,fruits_v2,QF_V2_02,distractor,0,0.5,4,94.137,295.996,10.0,10.0,1792.0
69f7e15ae0a0a876050b1b98,18,fruits_v2,QF_V2_03,distractor,0,0.0,4,94.137,295.996,10.0,10.0,1792.0
69f7e15ae0a0a876050b1b98,18,fruits_v2,QF_V2_04,distractor,1,1.0,4,94.137,295.996,10.0,10.0,1792.0
69f7e15ae0a0a876050b1b98,18,fruits_v2,QF_V2_05,distractor,0,0.0,4,94.137,295.996,10.0,10.0,1792.0
69f7e15ae0a0a876050b1b98,18,astronomy,QA01,repeat_short,1,1.0,2,66.038,171.488,5.0,7.0,1792.0
69f7e15ae0a0a876050b1b98,18,astronomy,QA02,repeat_short,0,0.5,2,66.038,171.488,5.0,7.0,1792.0
69f7e15ae0a0a876050b1b98,18,astronomy,QA03,repeat_short,1,1.0,2,66.038,171.488,5.0,7.0,1792.0
69f7e15ae0a0a876050b1b98,18,astronomy,QA04,repeat_short,0,0.0,2,66.038,171.488,5.0,7.0,1792.0
69f7e15ae0a0a876050b1b98,18,astronomy,QA05,repeat_short,0,0.0,2,66.038,171.488,5.0,7.0,1792.0
69f7e15ae0a0a876050b1b98,18,fabrics,QFB01,control,0,0.5,3,72.35,154.508,5.0,5.0,1792.0
69f7e15ae0a0a876050b1b98,18,fabrics,QFB02,control,1,1.0,3,72.35,154.508,5.0,5.0,1792.0
69f7e15ae0a0a876050b1b98,18,fabrics,QFB03,control,1,1.0,3,72.35,154.508,5.0,5.0,1792.0
69f7e15ae0a0a876050b1b98,18,fabrics,QFB04,control,0,0.0,3,72.35,154.508,5.0,5.0,1792.0
69f7e15ae0a0a876050b1b98,18,fabrics,QFB05,control,1,1.0,3,72.35,154.508,5.0,5.0,1792.0
65a7027c88eae2b9a68ae596,14,martial_arts,QMA01,repeat_long,1,1.0,3,99.98,211.739,9.0,9.0,1537.0
65a7027c88eae2b9a68ae596,14,martial_arts,QMA02,repeat_long,1,1.0,3,99.98,211.739,9.0,9.0,1537.0
65a7027c88eae2b9a68ae596,14,martial_arts,QMA03,repeat_long,1,1.0,3,99.98,211.739,9.0,9.0,1537.0
65a7027c88eae2b9a68ae596,14,martial_arts,QMA04,repeat_long,1,1.0,3,99.98,211.739,9.0,9.0,1537.0
65a7027c88eae2b9a68ae596,14,martial_arts,QMA05,repeat_long,1,1.0,3,99.98,211.739,9.0,9.0,1537.0
65a7027c88eae2b9a68ae596,14,fruits_v2,QF_V2_01,control,0,0.5,2,61.069,235.355,7.0,8.0,1537.0
65a7027c88eae2b9a68ae596,14,fruits_v2,QF_V2_02,control,1,1.0,2,61.069,235.355,7.0,8.0,1537.0
65a7027c88eae2b9a68ae596,14,fruits_v2,QF_V2_03,control,1,1.0,2,61.069,235.355,7.0,8.0,1537.0
65a7027c88eae2b9a68ae596,14,fruits_v2,QF_V2_04,control,1,1.0,2,61.069,235.355,7.0,8.0,1537.0
65a7027c88eae2b9a68ae596,14,fruits_v2,QF_V2_05,control,1,1.0,2,61.069,235.355,7.0,8.0,1537.0
65a7027c88eae2b9a68ae596,14,astronomy,QA01,distractor,0,0.6666666666666666,1,112.723,337.669,8.0,8.0,1537.0
65a7027c88eae2b9a68ae596,14,astronomy,QA02,distractor,1,1.0,1,112.723,337.669,8.0,8.0,1537.0
65a7027c88eae2b9a68ae596,14,astronomy,QA03,distractor,0,0.5,1,112.723,337.669,8.0,8.0,1537.0
65a7027c88eae2b9a68ae596,14,astronomy,QA04,distractor,1,1.0,1,112.723,337.669,8.0,8.0,1537.0
65a7027c88eae2b9a68ae596,14,astronomy,QA05,distractor,0,0.0,1,112.723,337.669,8.0,8.0,1537.0
65a7027c88eae2b9a68ae596,14,fabrics,QFB01,repeat_short,1,1.0,4,68.265,126.547,7.0,8.0,1537.0
65a7027c88eae2b9a68ae596,14,fabrics,QFB02,repeat_short,1,1.0,4,68.265,126.547,7.0,8.0,1537.0
65a7027c88eae2b9a68ae596,14,fabrics,QFB03,repeat_short,1,1.0,4,68.265,126.547,7.0,8.0,1537.0
65a7027c88eae2b9a68ae596,14,fabrics,QFB04,repeat_short,0,0.0,4,68.265,126.547,7.0,8.0,1537.0
65a7027c88eae2b9a68ae596,14,fabrics,QFB05,repeat_short,1,1.0,4,68.265,126.547,7.0,8.0,1537.0
5d75c56a52c89d0017df611c,5,martial_arts,QMA01,control,1,1.0,1,74.779,120.333,4.0,6.0,1046.0
5d75c56a52c89d0017df611c,5,martial_arts,QMA02,control,1,1.0,1,74.779,120.333,4.0,6.0,1046.0
5d75c56a52c89d0017df611c,5,martial_arts,QMA03,control,0,0.5,1,74.779,120.333,4.0,6.0,1046.0
5d75c56a52c89d0017df611c,5,martial_arts,QMA04,control,1,1.0,1,74.779,120.333,4.0,6.0,1046.0
5d75c56a52c89d0017df611c,5,martial_arts,QMA05,control,0,0.5,1,74.779,120.333,4.0,6.0,1046.0
5d75c56a52c89d0017df611c,5,fruits_v2,QF_V2_01,distractor,0,0.5,4,90.02,101.402,8.0,9.0,1046.0
5d75c56a52c89d0017df611c,5,fruits_v2,QF_V2_02,distractor,0,0.5,4,90.02,101.402,8.0,9.0,1046.0
5d75c56a52c89d0017df611c,5,fruits_v2,QF_V2_03,distractor,0,0.0,4,90.02,101.402,8.0,9.0,1046.0
5d75c56a52c89d0017df611c,5,fruits_v2,QF_V2_04,distractor,1,1.0,4,90.02,101.402,8.0,9.0,1046.0
5d75c56a52c89d0017df611c,5,fruits_v2,QF_V2_05,distractor,1,1.0,4,90.02,101.402,8.0,9.0,1046.0
5d75c56a52c89d0017df611c,5,astronomy,QA01,repeat_short,1,1.0,3,62.207,83.925,3.0,3.0,1046.0
5d75c56a52c89d0017df611c,5,astronomy,QA02,repeat_short,1,1.0,3,62.207,83.925,3.0,3.0,1046.0
5d75c56a52c89d0017df611c,5,astronomy,QA03,repeat_short,1,1.0,3,62.207,83.925,3.0,3.0,1046.0
5d75c56a52c89d0017df611c,5,astronomy,QA04,repeat_short,1,1.0,3,62.207,83.925,3.0,3.0,1046.0
5d75c56a52c89d0017df611c,5,astronomy,QA05,repeat_short,1,1.0,3,62.207,83.925,3.0,3.0,1046.0
5d75c56a52c89d0017df611c,5,fabrics,QFB01,repeat_long,1,1.0,2,117.18,131.264,5.0,7.0,1046.0
5d75c56a52c89d0017df611c,5,fabrics,QFB02,repeat_long,1,1.0,2,117.18,131.264,5.0,7.0,1046.0
5d75c56a52c89d0017df611c,5,fabrics,QFB03,repeat_long,1,1.0,2,117.18,131.264,5.0,7.0,1046.0
5d75c56a52c89d0017df611c,5,fabrics,QFB04,repeat_long,1,1.0,2,117.18,131.264,5.0,7.0,1046.0
5d75c56a52c89d0017df611c,5,fabrics,QFB05,repeat_long,1,1.0,2,117.18,131.264,5.0,7.0,1046.0
59dc4083ae9f950001d83b4b,8,martial_arts,QMA01,repeat_short,0,0.5,4,64.413,83.111,6.0,7.0,967.0
59dc4083ae9f950001d83b4b,8,martial_arts,QMA02,repeat_short,1,1.0,4,64.413,83.111,6.0,7.0,967.0
59dc4083ae9f950001d83b4b,8,martial_arts,QMA03,repeat_short,0,0.0,4,64.413,83.111,6.0,7.0,967.0
59dc4083ae9f950001d83b4b,8,martial_arts,QMA04,repeat_short,1,1.0,4,64.413,83.111,6.0,7.0,967.0
59dc4083ae9f950001d83b4b,8,martial_arts,QMA05,repeat_short,1,1.0,4,64.413,83.111,6.0,7.0,967.0
59dc4083ae9f950001d83b4b,8,fruits_v2,QF_V2_01,control,0,0.5,3,50.951,78.589,8.0,9.0,967.0
59dc4083ae9f950001d83b4b,8,fruits_v2,QF_V2_02,control,0,0.5,3,50.951,78.589,8.0,9.0,967.0
59dc4083ae9f950001d83b4b,8,fruits_v2,QF_V2_03,control,1,1.0,3,50.951,78.589,8.0,9.0,967.0
59dc4083ae9f950001d83b4b,8,fruits_v2,QF_V2_04,control,1,1.0,3,50.951,78.589,8.0,9.0,967.0
59dc4083ae9f950001d83b4b,8,fruits_v2,QF_V2_05,control,1,1.0,3,50.951,78.589,8.0,9.0,967.0
59dc4083ae9f950001d83b4b,8,astronomy,QA01,distractor,0,0.0,1,97.98,76.556,5.0,8.0,967.0
59dc4083ae9f950001d83b4b,8,astronomy,QA02,distractor,0,0.5,1,97.98,76.556,5.0,8.0,967.0
59dc4083ae9f950001d83b4b,8,astronomy,QA03,distractor,0,0.5,1,97.98,76.556,5.0,8.0,967.0
59dc4083ae9f950001d83b4b,8,astronomy,QA04,distractor,0,0.0,1,97.98,76.556,5.0,8.0,967.0
59dc4083ae9f950001d83b4b,8,astronomy,QA05,distractor,0,0.0,1,97.98,76.556,5.0,8.0,967.0
59dc4083ae9f950001d83b4b,8,fabrics,QFB01,repeat_long,1,1.0,2,73.365,71.714,8.0,7.0,967.0
59dc4083ae9f950001d83b4b,8,fabrics,QFB02,repeat_long,1,1.0,2,73.365,71.714,8.0,7.0,967.0
59dc4083ae9f950001d83b4b,8,fabrics,QFB03,repeat_long,1,1.0,2,73.365,71.714,8.0,7.0,967.0
59dc4083ae9f950001d83b4b,8,fabrics,QFB04,repeat_long,1,1.0,2,73.365,71.714,8.0,7.0,967.0
59dc4083ae9f950001d83b4b,8,fabrics,QFB05,repeat_long,1,1.0,2,73.365,71.714,8.0,7.0,967.0
69da808d8590d53227b05469,13,martial_arts,QMA01,repeat_long,0,0.0,1,98.84,417.719,8.0,8.0,1697.0
69da808d8590d53227b05469,13,martial_arts,QMA02,repeat_long,1,1.0,1,98.84,417.719,8.0,8.0,1697.0
69da808d8590d53227b05469,13,martial_arts,QMA03,repeat_long,0,0.0,1,98.84,417.719,8.0,8.0,1697.0
69da808d8590d53227b05469,13,martial_arts,QMA04,repeat_long,0,0.0,1,98.84,417.719,8.0,8.0,1697.0
69da808d8590d53227b05469,13,martial_arts,QMA05,repeat_long,0,0.0,1,98.84,417.719,8.0,8.0,1697.0
69da808d8590d53227b05469,13,fruits_v2,QF_V2_01,control,0,0.5,4,52.08,283.018,5.0,7.0,1697.0
69da808d8590d53227b05469,13,fruits_v2,QF_V2_02,control,0,0.5,4,52.08,283.018,5.0,7.0,1697.0
69da808d8590d53227b05469,13,fruits_v2,QF_V2_03,control,0,0.0,4,52.08,283.018,5.0,7.0,1697.0
69da808d8590d53227b05469,13,fruits_v2,QF_V2_04,control,0,0.0,4,52.08,283.018,5.0,7.0,1697.0
69da808d8590d53227b05469,13,fruits_v2,QF_V2_05,control,0,0.0,4,52.08,283.018,5.0,7.0,1697.0
69da808d8590d53227b05469,13,astronomy,QA01,repeat_short,0,0.3333333333333333,3,60.5,132.953,6.0,6.0,1697.0
69da808d8590d53227b05469,13,astronomy,QA02,repeat_short,1,1.0,3,60.5,132.953,6.0,6.0,1697.0
69da808d8590d53227b05469,13,astronomy,QA03,repeat_short,0,0.5,3,60.5,132.953,6.0,6.0,1697.0
69da808d8590d53227b05469,13,astronomy,QA04,repeat_short,0,0.0,3,60.5,132.953,6.0,6.0,1697.0
69da808d8590d53227b05469,13,astronomy,QA05,repeat_short,0,0.0,3,60.5,132.953,6.0,6.0,1697.0
675d9cf5d9b26c34bbac262b,1,martial_arts,QMA01,control,0,0.0,1,159.644,171.366,8.0,7.0,2019.0
675d9cf5d9b26c34bbac262b,1,martial_arts,QMA02,control,0,0.0,1,159.644,171.366,8.0,7.0,2019.0
675d9cf5d9b26c34bbac262b,1,martial_arts,QMA03,control,0,0.0,1,159.644,171.366,8.0,7.0,2019.0
675d9cf5d9b26c34bbac262b,1,martial_arts,QMA04,control,0,0.0,1,159.644,171.366,8.0,7.0,2019.0
675d9cf5d9b26c34bbac262b,1,martial_arts,QMA05,control,0,0.0,1,159.644,171.366,8.0,7.0,2019.0
675d9cf5d9b26c34bbac262b,1,fruits_v2,QF_V2_01,repeat_short,1,1.0,2,70.023,541.404,2.0,2.0,2019.0
675d9cf5d9b26c34bbac262b,1,fruits_v2,QF_V2_02,repeat_short,1,1.0,2,70.023,541.404,2.0,2.0,2019.0
675d9cf5d9b26c34bbac262b,1,fruits_v2,QF_V2_03,repeat_short,1,1.0,2,70.023,541.404,2.0,2.0,2019.0
675d9cf5d9b26c34bbac262b,1,fruits_v2,QF_V2_04,repeat_short,1,1.0,2,70.023,541.404,2.0,2.0,2019.0
675d9cf5d9b26c34bbac262b,1,fruits_v2,QF_V2_05,repeat_short,0,0.0,2,70.023,541.404,2.0,2.0,2019.0
675d9cf5d9b26c34bbac262b,1,astronomy,QA01,repeat_long,0,0.6666666666666666,3,93.61,388.42,3.0,7.0,2019.0
675d9cf5d9b26c34bbac262b,1,astronomy,QA02,repeat_long,1,1.0,3,93.61,388.42,3.0,7.0,2019.0
675d9cf5d9b26c34bbac262b,1,astronomy,QA03,repeat_long,1,1.0,3,93.61,388.42,3.0,7.0,2019.0
675d9cf5d9b26c34bbac262b,1,astronomy,QA04,repeat_long,1,1.0,3,93.61,388.42,3.0,7.0,2019.0
675d9cf5d9b26c34bbac262b,1,astronomy,QA05,repeat_long,0,0.0,3,93.61,388.42,3.0,7.0,2019.0
675d9cf5d9b26c34bbac262b,1,fabrics,QFB01,distractor,1,1.0,4,81.814,269.448,3.0,3.0,2019.0
675d9cf5d9b26c34bbac262b,1,fabrics,QFB02,distractor,1,1.0,4,81.814,269.448,3.0,3.0,2019.0
675d9cf5d9b26c34bbac262b,1,fabrics,QFB03,distractor,1,1.0,4,81.814,269.448,3.0,3.0,2019.0
675d9cf5d9b26c34bbac262b,1,fabrics,QFB04,distractor,0,0.0,4,81.814,269.448,3.0,3.0,2019.0
675d9cf5d9b26c34bbac262b,1,fabrics,QFB05,distractor,1,1.0,4,81.814,269.448,3.0,3.0,2019.0
67bcdb18c5a07dca6589a461,22,martial_arts,QMA01,distractor,0,0.0,3,80.45,209.122,6.0,5.0,2163.0
67bcdb18c5a07dca6589a461,22,martial_arts,QMA02,distractor,0,0.0,3,80.45,209.122,6.0,5.0,2163.0
67bcdb18c5a07dca6589a461,22,martial_arts,QMA03,distractor,0,0.5,3,80.45,209.122,6.0,5.0,2163.0
67bcdb18c5a07dca6589a461,22,martial_arts,QMA04,distractor,1,1.0,3,80.45,209.122,6.0,5.0,2163.0
67bcdb18c5a07dca6589a461,22,martial_arts,QMA05,distractor,0,0.5,3,80.45,209.122,6.0,5.0,2163.0
67bcdb18c5a07dca6589a461,22,fruits_v2,QF_V2_01,repeat_short,0,0.5,2,105.348,160.757,1.0,1.0,2163.0
67bcdb18c5a07dca6589a461,22,fruits_v2,QF_V2_02,repeat_short,1,1.0,2,105.348,160.757,1.0,1.0,2163.0
67bcdb18c5a07dca6589a461,22,fruits_v2,QF_V2_03,repeat_short,1,1.0,2,105.348,160.757,1.0,1.0,2163.0
67bcdb18c5a07dca6589a461,22,fruits_v2,QF_V2_04,repeat_short,1,1.0,2,105.348,160.757,1.0,1.0,2163.0
67bcdb18c5a07dca6589a461,22,fruits_v2,QF_V2_05,repeat_short,0,0.0,2,105.348,160.757,1.0,1.0,2163.0
67bcdb18c5a07dca6589a461,22,astronomy,QA01,repeat_long,1,1.0,4,81.2,177.049,2.0,2.0,2163.0
67bcdb18c5a07dca6589a461,22,astronomy,QA02,repeat_long,0,0.0,4,81.2,177.049,2.0,2.0,2163.0
67bcdb18c5a07dca6589a461,22,astronomy,QA03,repeat_long,1,1.0,4,81.2,177.049,2.0,2.0,2163.0
67bcdb18c5a07dca6589a461,22,astronomy,QA04,repeat_long,0,0.0,4,81.2,177.049,2.0,2.0,2163.0
67bcdb18c5a07dca6589a461,22,astronomy,QA05,repeat_long,0,0.0,4,81.2,177.049,2.0,2.0,2163.0
615239af65358edf57e7a095,17,martial_arts,QMA01,repeat_long,0,0.0,4,93.763,82.806,9.0,8.0,800.0
615239af65358edf57e7a095,17,martial_arts,QMA02,repeat_long,0,0.5,4,93.763,82.806,9.0,8.0,800.0
615239af65358edf57e7a095,17,martial_arts,QMA03,repeat_long,0,0.5,4,93.763,82.806,9.0,8.0,800.0
615239af65358edf57e7a095,17,martial_arts,QMA04,repeat_long,1,1.0,4,93.763,82.806,9.0,8.0,800.0
615239af65358edf57e7a095,17,martial_arts,QMA05,repeat_long,0,0.0,4,93.763,82.806,9.0,8.0,800.0
615239af65358edf57e7a095,17,fruits_v2,QF_V2_01,distractor,0,0.0,2,85.787,54.173,5.0,5.0,800.0
615239af65358edf57e7a095,17,fruits_v2,QF_V2_02,distractor,1,1.0,2,85.787,54.173,5.0,5.0,800.0
615239af65358edf57e7a095,17,fruits_v2,QF_V2_03,distractor,1,1.0,2,85.787,54.173,5.0,5.0,800.0
615239af65358edf57e7a095,17,fruits_v2,QF_V2_04,distractor,1,1.0,2,85.787,54.173,5.0,5.0,800.0
615239af65358edf57e7a095,17,fruits_v2,QF_V2_05,distractor,0,0.0,2,85.787,54.173,5.0,5.0,800.0
615239af65358edf57e7a095,17,astronomy,QA01,control,0,0.0,3,57.286,82.043,6.0,6.0,800.0
615239af65358edf57e7a095,17,astronomy,QA02,control,0,0.5,3,57.286,82.043,6.0,6.0,800.0
615239af65358edf57e7a095,17,astronomy,QA03,control,0,0.0,3,57.286,82.043,6.0,6.0,800.0
615239af65358edf57e7a095,17,astronomy,QA04,control,1,1.0,3,57.286,82.043,6.0,6.0,800.0
615239af65358edf57e7a095,17,astronomy,QA05,control,0,0.0,3,57.286,82.043,6.0,6.0,800.0
615239af65358edf57e7a095,17,fabrics,QFB01,repeat_short,0,0.5,1,63.362,49.971,8.0,9.0,800.0
615239af65358edf57e7a095,17,fabrics,QFB02,repeat_short,1,1.0,1,63.362,49.971,8.0,9.0,800.0
615239af65358edf57e7a095,17,fabrics,QFB03,repeat_short,0,0.0,1,63.362,49.971,8.0,9.0,800.0
615239af65358edf57e7a095,17,fabrics,QFB04,repeat_short,0,0.0,1,63.362,49.971,8.0,9.0,800.0
615239af65358edf57e7a095,17,fabrics,QFB05,repeat_short,0,0.5,1,63.362,49.971,8.0,9.0,800.0
63f794e7d8d24753edbbb136,24,martial_arts,QMA01,distractor,1,1.0,3,80.045,126.982,6.0,7.0,1046.0
63f794e7d8d24753edbbb136,24,martial_arts,QMA02,distractor,0,0.0,3,80.045,126.982,6.0,7.0,1046.0
63f794e7d8d24753edbbb136,24,martial_arts,QMA03,distractor,0,0.0,3,80.045,126.982,6.0,7.0,1046.0
63f794e7d8d24753edbbb136,24,martial_arts,QMA04,distractor,1,1.0,3,80.045,126.982,6.0,7.0,1046.0
63f794e7d8d24753edbbb136,24,martial_arts,QMA05,distractor,0,0.0,3,80.045,126.982,6.0,7.0,1046.0
63f794e7d8d24753edbbb136,24,fruits_v2,QF_V2_01,repeat_long,1,1.0,4,88.063,124.581,7.0,7.0,1046.0
63f794e7d8d24753edbbb136,24,fruits_v2,QF_V2_02,repeat_long,0,0.5,4,88.063,124.581,7.0,7.0,1046.0
63f794e7d8d24753edbbb136,24,fruits_v2,QF_V2_03,repeat_long,0,0.0,4,88.063,124.581,7.0,7.0,1046.0
63f794e7d8d24753edbbb136,24,fruits_v2,QF_V2_04,repeat_long,1,1.0,4,88.063,124.581,7.0,7.0,1046.0
63f794e7d8d24753edbbb136,24,fruits_v2,QF_V2_05,repeat_long,0,0.0,4,88.063,124.581,7.0,7.0,1046.0
63f794e7d8d24753edbbb136,24,astronomy,QA01,repeat_short,0,0.6666666666666666,1,58.952,90.128,7.0,8.0,1046.0
63f794e7d8d24753edbbb136,24,astronomy,QA02,repeat_short,1,1.0,1,58.952,90.128,7.0,8.0,1046.0
63f794e7d8d24753edbbb136,24,astronomy,QA03,repeat_short,0,0.5,1,58.952,90.128,7.0,8.0,1046.0
63f794e7d8d24753edbbb136,24,astronomy,QA04,repeat_short,1,1.0,1,58.952,90.128,7.0,8.0,1046.0
63f794e7d8d24753edbbb136,24,astronomy,QA05,repeat_short,0,0.0,1,58.952,90.128,7.0,8.0,1046.0
63f794e7d8d24753edbbb136,24,fabrics,QFB01,control,0,0.5,2,48.766,75.133,4.0,5.0,1046.0
63f794e7d8d24753edbbb136,24,fabrics,QFB02,control,0,0.5,2,48.766,75.133,4.0,5.0,1046.0
63f794e7d8d24753edbbb136,24,fabrics,QFB03,control,1,1.0,2,48.766,75.133,4.0,5.0,1046.0
63f794e7d8d24753edbbb136,24,fabrics,QFB04,control,0,0.0,2,48.766,75.133,4.0,5.0,1046.0
63f794e7d8d24753edbbb136,24,fabrics,QFB05,control,1,1.0,2,48.766,75.133,4.0,5.0,1046.0
651c4484ba17050f6b716614,21,martial_arts,QMA01,distractor,0,0.5,2,77.896,187.854,7.0,8.0,985.0
651c4484ba17050f6b716614,21,martial_arts,QMA02,distractor,0,0.5,2,77.896,187.854,7.0,8.0,985.0
651c4484ba17050f6b716614,21,martial_arts,QMA03,distractor,0,0.5,2,77.896,187.854,7.0,8.0,985.0
651c4484ba17050f6b716614,21,martial_arts,QMA04,distractor,0,0.0,2,77.896,187.854,7.0,8.0,985.0
651c4484ba17050f6b716614,21,martial_arts,QMA05,distractor,0,0.0,2,77.896,187.854,7.0,8.0,985.0
651c4484ba17050f6b716614,21,fruits_v2,QF_V2_01,repeat_short,0,0.0,4,61.604,87.376,6.0,8.0,985.0
651c4484ba17050f6b716614,21,fruits_v2,QF_V2_02,repeat_short,1,1.0,4,61.604,87.376,6.0,8.0,985.0
651c4484ba17050f6b716614,21,fruits_v2,QF_V2_03,repeat_short,0,0.0,4,61.604,87.376,6.0,8.0,985.0
651c4484ba17050f6b716614,21,fruits_v2,QF_V2_04,repeat_short,0,0.0,4,61.604,87.376,6.0,8.0,985.0
651c4484ba17050f6b716614,21,fruits_v2,QF_V2_05,repeat_short,0,0.0,4,61.604,87.376,6.0,8.0,985.0
651c4484ba17050f6b716614,21,astronomy,QA01,control,0,0.3333333333333333,3,53.409,137.11,4.0,5.0,985.0
651c4484ba17050f6b716614,21,astronomy,QA02,control,0,0.5,3,53.409,137.11,4.0,5.0,985.0
651c4484ba17050f6b716614,21,astronomy,QA03,control,0,0.5,3,53.409,137.11,4.0,5.0,985.0
651c4484ba17050f6b716614,21,astronomy,QA04,control,1,1.0,3,53.409,137.11,4.0,5.0,985.0
651c4484ba17050f6b716614,21,astronomy,QA05,control,0,0.0,3,53.409,137.11,4.0,5.0,985.0
651c4484ba17050f6b716614,21,fabrics,QFB01,repeat_long,0,0.5,1,80.385,157.247,8.0,8.0,985.0
651c4484ba17050f6b716614,21,fabrics,QFB02,repeat_long,0,0.5,1,80.385,157.247,8.0,8.0,985.0
651c4484ba17050f6b716614,21,fabrics,QFB03,repeat_long,0,0.0,1,80.385,157.247,8.0,8.0,985.0
651c4484ba17050f6b716614,21,fabrics,QFB04,repeat_long,0,0.0,1,80.385,157.247,8.0,8.0,985.0
651c4484ba17050f6b716614,21,fabrics,QFB05,repeat_long,0,0.5,1,80.385,157.247,8.0,8.0,985.0
